source_row,selection_basis,inventory_id,year,state,state_po,state_fips,state_cen,state_ic,office,district,stage,special,candidate,party_detailed,writein,mode,candidatevotes,totalvotes,unofficial,version,party_simplified,flags,record_key,contest_id,cycle,election_date,stage_normalized,mode_normalized,votes,reported_total,canonical_candidate_id,side,side_basis,side_reference_url,valid_vote,preparation_flags,fec_reference_votes,reference_check,contest_status
3270,requested_source_year,medsl-v8-group-001,2018,ARIZONA,AZ,4,86.0,61,US SENATE,statewide,gen,False,ANGELA GREEN,GREEN,False,total,57442.0,2384308.0,False,20210114,OTHER,,medsl:3270,2018-AZ-ordinary-general,2018,2018-11-06,gen,total,57442,2384308,2018-AZ-ordinary-general:ANGELAGREEN,other,MEDSL detailed party label,https://dataverse.harvard.edu/api/access/datafile/13887039?format=original,true,,57442,match,eligible
3271,requested_source_year,medsl-v8-group-001,2018,ARIZONA,AZ,4,86.0,61,US SENATE,statewide,gen,False,KYRSTEN SINEMA,DEMOCRAT,False,total,1191100.0,2384308.0,False,20210114,DEMOCRAT,,medsl:3271,2018-AZ-ordinary-general,2018,2018-11-06,gen,total,1191100,2384308,2018-AZ-ordinary-general:KYRSTENSINEMA,D,Same explicitly named candidate as major-party ballot line; Decision 013,https://dataverse.harvard.edu/api/access/datafile/13887039?format=original,true,,1191100,match,eligible
3272,requested_source_year,medsl-v8-group-001,2018,ARIZONA,AZ,4,86.0,61,US SENATE,statewide,gen,False,MARTHA MCSALLY,REPUBLICAN,False,total,1135200.0,2384308.0,False,20210114,REPUBLICAN,,medsl:3272,2018-AZ-ordinary-general,2018,2018-11-06,gen,total,1135200,2384308,2018-AZ-ordinary-general:MARTHAMCSALLY,R,Same explicitly named candidate as major-party ballot line; Decision 013,https://dataverse.harvard.edu/api/access/datafile/13887039?format=original,true,,1135200,match,eligible
3273,requested_source_year,medsl-v8-group-001,2018,ARIZONA,AZ,4,86.0,61,US SENATE,statewide,gen,False,,,True,total,566.0,2384308.0,False,20210114,OTHER,missing_candidate_name,medsl:3273,2018-AZ-ordinary-general,2018,2018-11-06,gen,total,566,2384308,2018-AZ-ordinary-general:UNNAMEDWRITEINS-3273,other,Unidentified aggregate: valid votes retained without invented candidate identity,https://dataverse.harvard.edu/api/access/datafile/13887039?format=original,true,blank_detailed_party;unidentified_aggregate;side_differs_detailed_party,,not_crosschecked,eligible
3274,requested_source_year,medsl-v8-group-002,2018,CALIFORNIA,CA,6,93.0,71,US SENATE,statewide,gen,False,DIANNE FEINSTEIN,DEMOCRAT,False,total,6019422.0,11113364.0,False,20210114,DEMOCRAT,,medsl:3274,2018-CA-ordinary-general,2018,2018-11-06,gen,total,6019422,11113364,2018-CA-ordinary-general:DIANNEFEINSTEIN,D,Same explicitly named candidate as major-party ballot line; Decision 013,https://dataverse.harvard.edu/api/access/datafile/13887039?format=original,true,,6019422,match,excluded
3275,requested_source_year,medsl-v8-group-002,2018,CALIFORNIA,CA,6,93.0,71,US SENATE,statewide,gen,False,KEVIN DE LEON,DEMOCRAT,False,total,5093942.0,11113364.0,False,20210114,DEMOCRAT,,medsl:3275,2018-CA-ordinary-general,2018,2018-11-06,gen,total,5093942,11113364,2018-CA-ordinary-general:KEVINDELEON,D,Same explicitly named candidate as major-party ballot line; Decision 013,https://dataverse.harvard.edu/api/access/datafile/13887039?format=original,true,,5093942,match,excluded
3276,requested_source_year,medsl-v8-group-003,2018,CONNECTICUT,CT,9,16.0,1,US SENATE,statewide,gen,False,CHRISTOPHER S MURPHY,DEMOCRAT,False,total,787685.0,1386840.0,False,20210114,DEMOCRAT,repeated_candidate_name_review_ballot_lines,medsl:3276,2018-CT-ordinary-general,2018,2018-11-06,gen,total,787685,1386840,2018-CT-ordinary-general:CHRISTOPHERSMURPHY,D,Same explicitly named candidate as major-party ballot line; Decision 013,https://dataverse.harvard.edu/api/access/datafile/13887039?format=original,true,,,not_crosschecked,eligible
3277,requested_source_year,medsl-v8-group-003,2018,CONNECTICUT,CT,9,16.0,1,US SENATE,statewide,gen,False,CHRISTOPHER S MURPHY,WORKING FAMILIES,False,total,37894.0,1386840.0,False,20210114,OTHER,repeated_candidate_name_review_ballot_lines,medsl:3277,2018-CT-ordinary-general,2018,2018-11-06,gen,total,37894,1386840,2018-CT-ordinary-general:CHRISTOPHERSMURPHY,D,Same explicitly named candidate as major-party ballot line; Decision 013,https://dataverse.harvard.edu/api/access/datafile/13887039?format=original,true,side_differs_detailed_party;side_differs_simplified_party,,not_crosschecked,eligible
3278,requested_source_year,medsl-v8-group-003,2018,CONNECTICUT,CT,9,16.0,1,US SENATE,statewide,gen,False,JEFF RUSSELL,GREEN,False,total,6618.0,1386840.0,False,20210114,OTHER,,medsl:3278,2018-CT-ordinary-general,2018,2018-11-06,gen,total,6618,1386840,2018-CT-ordinary-general:JEFFRUSSELL,other,MEDSL detailed party label,https://dataverse.harvard.edu/api/access/datafile/13887039?format=original,true,,6618,match,eligible
3279,requested_source_year,medsl-v8-group-003,2018,CONNECTICUT,CT,9,16.0,1,US SENATE,statewide,gen,False,MATTHEW COREY,REPUBLICAN,False,total,545717.0,1386840.0,False,20210114,REPUBLICAN,,medsl:3279,2018-CT-ordinary-general,2018,2018-11-06,gen,total,545717,1386840,2018-CT-ordinary-general:MATTHEWCOREY,R,Same explicitly named candidate as major-party ballot line; Decision 013,https://dataverse.harvard.edu/api/access/datafile/13887039?format=original,true,,545717,match,eligible
3280,requested_source_year,medsl-v8-group-003,2018,CONNECTICUT,CT,9,16.0,1,US SENATE,statewide,gen,False,RICHARD LION,LIBERTARIAN,False,total,8838.0,1386840.0,False,20210114,LIBERTARIAN,,medsl:3280,2018-CT-ordinary-general,2018,2018-11-06,gen,total,8838,1386840,2018-CT-ordinary-general:RICHARDLION,other,MEDSL detailed party label,https://dataverse.harvard.edu/api/access/datafile/13887039?format=original,true,,8838,match,eligible
3281,requested_source_year,medsl-v8-group-003,2018,CONNECTICUT,CT,9,16.0,1,US SENATE,statewide,gen,False,,,True,total,88.0,1386840.0,False,20210114,OTHER,missing_candidate_name,medsl:3281,2018-CT-ordinary-general,2018,2018-11-06,gen,total,88,1386840,2018-CT-ordinary-general:UNNAMEDWRITEINS-3281,other,Unidentified aggregate: valid votes retained without invented candidate identity,https://dataverse.harvard.edu/api/access/datafile/13887039?format=original,true,blank_detailed_party;unidentified_aggregate;side_differs_detailed_party,,not_crosschecked,eligible
3282,requested_source_year,medsl-v8-group-004,2018,DELAWARE,DE,10,51.0,11,US SENATE,statewide,gen,False,DEMITRI G THEODOROPOULOS,GREEN,False,total,4170.0,362592.0,False,20210114,OTHER,,medsl:3282,2018-DE-ordinary-general,2018,2018-11-06,gen,total,4170,362592,2018-DE-ordinary-general:DEMITRIGTHEODOROPOULOS,other,MEDSL detailed party label,https://dataverse.harvard.edu/api/access/datafile/13887039?format=original,true,,4170,match,eligible
3283,requested_source_year,medsl-v8-group-004,2018,DELAWARE,DE,10,51.0,11,US SENATE,statewide,gen,False,NADINE M FROST,LIBERTARIAN,False,total,3910.0,362592.0,False,20210114,LIBERTARIAN,,medsl:3283,2018-DE-ordinary-general,2018,2018-11-06,gen,total,3910,362592,2018-DE-ordinary-general:NADINEMFROST,other,MEDSL detailed party label,https://dataverse.harvard.edu/api/access/datafile/13887039?format=original,true,,3910,match,eligible
3284,requested_source_year,medsl-v8-group-004,2018,DELAWARE,DE,10,51.0,11,US SENATE,statewide,gen,False,ROBERT B ARLETT,REPUBLICAN,False,total,137127.0,362592.0,False,20210114,REPUBLICAN,,medsl:3284,2018-DE-ordinary-general,2018,2018-11-06,gen,total,137127,362592,2018-DE-ordinary-general:ROBERTBARLETT,R,Same explicitly named candidate as major-party ballot line; Decision 013,https://dataverse.harvard.edu/api/access/datafile/13887039?format=original,true,,137127,match,eligible
3285,requested_source_year,medsl-v8-group-004,2018,DELAWARE,DE,10,51.0,11,US SENATE,statewide,gen,False,THOMAS R CARPER,DEMOCRAT,False,total,217385.0,362592.0,False,20210114,DEMOCRAT,,medsl:3285,2018-DE-ordinary-general,2018,2018-11-06,gen,total,217385,362592,2018-DE-ordinary-general:THOMASRCARPER,D,Same explicitly named candidate as major-party ballot line; Decision 013,https://dataverse.harvard.edu/api/access/datafile/13887039?format=original,true,,217385,match,eligible
3286,requested_source_year,medsl-v8-group-005,2018,FLORIDA,FL,12,59.0,43,US SENATE,statewide,gen,False,BILL NELSON,DEMOCRAT,False,total,4089472.0,8190005.0,False,20210114,DEMOCRAT,,medsl:3286,2018-FL-ordinary-general,2018,2018-11-06,gen,total,4089472,8190005,2018-FL-ordinary-general:BILLNELSON,D,Same explicitly named candidate as major-party ballot line; Decision 013,https://dataverse.harvard.edu/api/access/datafile/13887039?format=original,true,,4089472,match,eligible
3287,requested_source_year,medsl-v8-group-005,2018,FLORIDA,FL,12,59.0,43,US SENATE,statewide,gen,False,RICK SCOTT,REPUBLICAN,False,total,4099505.0,8190005.0,False,20210114,REPUBLICAN,,medsl:3287,2018-FL-ordinary-general,2018,2018-11-06,gen,total,4099505,8190005,2018-FL-ordinary-general:RICKSCOTT,R,Same explicitly named candidate as major-party ballot line; Decision 013,https://dataverse.harvard.edu/api/access/datafile/13887039?format=original,true,,4099505,match,eligible
3288,requested_source_year,medsl-v8-group-005,2018,FLORIDA,FL,12,59.0,43,US SENATE,statewide,gen,False,,,True,total,1028.0,8190005.0,False,20210114,OTHER,missing_candidate_name,medsl:3288,2018-FL-ordinary-general,2018,2018-11-06,gen,total,1028,8190005,2018-FL-ordinary-general:UNNAMEDWRITEINS-3288,other,Unidentified aggregate: valid votes retained without invented candidate identity,https://dataverse.harvard.edu/api/access/datafile/13887039?format=original,true,blank_detailed_party;unidentified_aggregate;side_differs_detailed_party,,not_crosschecked,eligible
3289,requested_source_year,medsl-v8-group-006,2018,HAWAII,HI,15,95.0,82,US SENATE,statewide,gen,False,MAZIE K. HIRONO,DEMOCRAT,False,total,276316.0,388351.0,False,20210114,DEMOCRAT,,medsl:3289,2018-HI-ordinary-general,2018,2018-11-06,gen,total,276316,388351,2018-HI-ordinary-general:MAZIEKHIRONO,D,Same explicitly named candidate as major-party ballot line; Decision 013,https://dataverse.harvard.edu/api/access/datafile/13887039?format=original,true,,276316,match,eligible
3290,requested_source_year,medsl-v8-group-006,2018,HAWAII,HI,15,95.0,82,US SENATE,statewide,gen,False,RON CURTIS,REPUBLICAN,False,total,112035.0,388351.0,False,20210114,REPUBLICAN,,medsl:3290,2018-HI-ordinary-general,2018,2018-11-06,gen,total,112035,388351,2018-HI-ordinary-general:RONCURTIS,R,Same explicitly named candidate as major-party ballot line; Decision 013,https://dataverse.harvard.edu/api/access/datafile/13887039?format=original,true,,112035,match,eligible
3291,requested_source_year,medsl-v8-group-007,2018,INDIANA,IN,18,32.0,22,US SENATE,statewide,gen,False,JOE DONNELLY,DEMOCRAT,False,total,1023553.0,2282565.0,False,20210114,DEMOCRAT,,medsl:3291,2018-IN-ordinary-general,2018,2018-11-06,gen,total,1023553,2282565,2018-IN-ordinary-general:JOEDONNELLY,D,Same explicitly named candidate as major-party ballot line; Decision 013,https://dataverse.harvard.edu/api/access/datafile/13887039?format=original,true,,1023553,match,eligible
3292,requested_source_year,medsl-v8-group-007,2018,INDIANA,IN,18,32.0,22,US SENATE,statewide,gen,False,LUCY M. BRENTON,LIBERTARIAN,False,total,100942.0,2282565.0,False,20210114,LIBERTARIAN,,medsl:3292,2018-IN-ordinary-general,2018,2018-11-06,gen,total,100942,2282565,2018-IN-ordinary-general:LUCYMBRENTON,other,MEDSL detailed party label,https://dataverse.harvard.edu/api/access/datafile/13887039?format=original,true,,100942,match,eligible
3293,requested_source_year,medsl-v8-group-007,2018,INDIANA,IN,18,32.0,22,US SENATE,statewide,gen,False,MIKE BRAUN,REPUBLICAN,False,total,1158000.0,2282565.0,False,20210114,REPUBLICAN,,medsl:3293,2018-IN-ordinary-general,2018,2018-11-06,gen,total,1158000,2282565,2018-IN-ordinary-general:MIKEBRAUN,R,Same explicitly named candidate as major-party ballot line; Decision 013,https://dataverse.harvard.edu/api/access/datafile/13887039?format=original,true,,1158000,match,eligible
3294,requested_source_year,medsl-v8-group-007,2018,INDIANA,IN,18,32.0,22,US SENATE,statewide,gen,False,,,True,total,70.0,2282565.0,False,20210114,OTHER,missing_candidate_name,medsl:3294,2018-IN-ordinary-general,2018,2018-11-06,gen,total,70,2282565,2018-IN-ordinary-general:UNNAMEDWRITEINS-3294,other,Unidentified aggregate: valid votes retained without invented candidate identity,https://dataverse.harvard.edu/api/access/datafile/13887039?format=original,true,blank_detailed_party;unidentified_aggregate;side_differs_detailed_party,,not_crosschecked,eligible
3295,requested_source_year,medsl-v8-group-010,2018,MAINE,ME,23,11.0,2,US SENATE,statewide,gen,False,"ANGUS S. KING, JR.",INDEPENDENT,False,total,344575.0,634409.0,False,20210114,OTHER,,medsl:3295,2018-ME-ordinary-general,2018,2018-11-06,gen,total,344575,634409,2018-ME-ordinary-general:ANGUSSKINGJR,D,"Decision 013, explicit King exception; Senate party-division history confirms Democratic caucus",https://www.senate.gov/history/partydiv.htm,true,side_differs_detailed_party;side_differs_simplified_party,344575,official_first_choice_match,eligible
3296,requested_source_year,medsl-v8-group-010,2018,MAINE,ME,23,11.0,2,US SENATE,statewide,gen,False,ERIC L. BRAKEY,REPUBLICAN,False,total,223502.0,634409.0,False,20210114,REPUBLICAN,,medsl:3296,2018-ME-ordinary-general,2018,2018-11-06,gen,total,223502,634409,2018-ME-ordinary-general:ERICLBRAKEY,R,Same explicitly named candidate as major-party ballot line; Decision 013,https://dataverse.harvard.edu/api/access/datafile/13887039?format=original,true,,223502,official_first_choice_match,eligible
3297,requested_source_year,medsl-v8-group-010,2018,MAINE,ME,23,11.0,2,US SENATE,statewide,gen,False,OTHERS,,False,total,64.0,634409.0,False,20210114,OTHER,,medsl:3297,2018-ME-ordinary-general,2018,2018-11-06,gen,total,64,634409,2018-ME-ordinary-general:OTHERS,other,Unidentified aggregate: valid votes retained without invented candidate identity,https://dataverse.harvard.edu/api/access/datafile/13887039?format=original,true,blank_detailed_party;unidentified_aggregate;side_differs_detailed_party,,not_crosschecked,eligible
3298,requested_source_year,medsl-v8-group-010,2018,MAINE,ME,23,11.0,2,US SENATE,statewide,gen,False,ZAK RINGELSTEIN,DEMOCRAT,False,total,66268.0,634409.0,False,20210114,DEMOCRAT,,medsl:3298,2018-ME-ordinary-general,2018,2018-11-06,gen,total,66268,634409,2018-ME-ordinary-general:ZAKRINGELSTEIN,other,Decision 013: separate Democrat alongside Democratic-side King,https://www.fec.gov/documents/2706/federalelections2018.xlsx,true,side_differs_detailed_party;side_differs_simplified_party,66268,official_first_choice_match,eligible
3299,requested_source_year,medsl-v8-group-009,2018,MARYLAND,MD,24,52.0,52,US SENATE,statewide,gen,False,ARVIN VOHRA,LIBERTARIAN,False,total,22943.0,2299889.0,False,20210114,LIBERTARIAN,,medsl:3299,2018-MD-ordinary-general,2018,2018-11-06,gen,total,22943,2299889,2018-MD-ordinary-general:ARVINVOHRA,other,MEDSL detailed party label,https://dataverse.harvard.edu/api/access/datafile/13887039?format=original,true,,22943,match,eligible
3300,requested_source_year,medsl-v8-group-009,2018,MARYLAND,MD,24,52.0,52,US SENATE,statewide,gen,False,BEN CARDIN,DEMOCRAT,False,total,1491614.0,2299889.0,False,20210114,DEMOCRAT,,medsl:3300,2018-MD-ordinary-general,2018,2018-11-06,gen,total,1491614,2299889,2018-MD-ordinary-general:BENCARDIN,D,Same explicitly named candidate as major-party ballot line; Decision 013,https://dataverse.harvard.edu/api/access/datafile/13887039?format=original,true,,1491614,match,eligible
3301,requested_source_year,medsl-v8-group-009,2018,MARYLAND,MD,24,52.0,52,US SENATE,statewide,gen,False,NEAL SIMON,UNAFFILIATED,False,total,85964.0,2299889.0,False,20210114,OTHER,,medsl:3301,2018-MD-ordinary-general,2018,2018-11-06,gen,total,85964,2299889,2018-MD-ordinary-general:NEALSIMON,other,MEDSL detailed party label,https://dataverse.harvard.edu/api/access/datafile/13887039?format=original,true,,85964,match,eligible
3302,requested_source_year,medsl-v8-group-009,2018,MARYLAND,MD,24,52.0,52,US SENATE,statewide,gen,False,TONY CAMPBELL,REPUBLICAN,False,total,697017.0,2299889.0,False,20210114,REPUBLICAN,,medsl:3302,2018-MD-ordinary-general,2018,2018-11-06,gen,total,697017,2299889,2018-MD-ordinary-general:TONYCAMPBELL,R,Same explicitly named candidate as major-party ballot line; Decision 013,https://dataverse.harvard.edu/api/access/datafile/13887039?format=original,true,,,not_crosschecked,eligible
3303,requested_source_year,medsl-v8-group-009,2018,MARYLAND,MD,24,52.0,52,US SENATE,statewide,gen,False,,,True,total,2351.0,2299889.0,False,20210114,OTHER,missing_candidate_name,medsl:3303,2018-MD-ordinary-general,2018,2018-11-06,gen,total,2351,2299889,2018-MD-ordinary-general:UNNAMEDWRITEINS-3303,other,Unidentified aggregate: valid votes retained without invented candidate identity,https://dataverse.harvard.edu/api/access/datafile/13887039?format=original,true,blank_detailed_party;unidentified_aggregate;side_differs_detailed_party,,not_crosschecked,eligible
3304,requested_source_year,medsl-v8-group-008,2018,MASSACHUSETTS,MA,25,14.0,3,US SENATE,statewide,gen,False,ELIZABETH A. WARREN,DEMOCRAT,False,total,1633371.0,2707090.0,False,20210114,DEMOCRAT,,medsl:3304,2018-MA-ordinary-general,2018,2018-11-06,gen,total,1633371,2707090,2018-MA-ordinary-general:ELIZABETHAWARREN,D,Same explicitly named candidate as major-party ballot line; Decision 013,https://dataverse.harvard.edu/api/access/datafile/13887039?format=original,true,,1633371,match,eligible
3305,requested_source_year,medsl-v8-group-008,2018,MASSACHUSETTS,MA,25,14.0,3,US SENATE,statewide,gen,False,GEOFF DIEHL,REPUBLICAN,False,total,979210.0,2707090.0,False,20210114,REPUBLICAN,,medsl:3305,2018-MA-ordinary-general,2018,2018-11-06,gen,total,979210,2707090,2018-MA-ordinary-general:GEOFFDIEHL,R,Same explicitly named candidate as major-party ballot line; Decision 013,https://dataverse.harvard.edu/api/access/datafile/13887039?format=original,true,,979210,match,eligible
3306,requested_source_year,medsl-v8-group-008,2018,MASSACHUSETTS,MA,25,14.0,3,US SENATE,statewide,gen,False,OTHERS,,False,total,2799.0,2707090.0,False,20210114,OTHER,,medsl:3306,2018-MA-ordinary-general,2018,2018-11-06,gen,total,2799,2707090,2018-MA-ordinary-general:OTHERS,other,Unidentified aggregate: valid votes retained without invented candidate identity,https://dataverse.harvard.edu/api/access/datafile/13887039?format=original,true,blank_detailed_party;unidentified_aggregate;side_differs_detailed_party,,not_crosschecked,eligible
3307,requested_source_year,medsl-v8-group-008,2018,MASSACHUSETTS,MA,25,14.0,3,US SENATE,statewide,gen,False,SHIVA AYYADURAI,UNENROLLED,False,total,91710.0,2707090.0,False,20210114,OTHER,,medsl:3307,2018-MA-ordinary-general,2018,2018-11-06,gen,total,91710,2707090,2018-MA-ordinary-general:SHIVAAYYADURAI,other,MEDSL detailed party label,https://dataverse.harvard.edu/api/access/datafile/13887039?format=original,true,,91710,match,eligible
3308,requested_source_year,medsl-v8-group-011,2018,MICHIGAN,MI,26,34.0,23,US SENATE,statewide,gen,False,DEBBIE STABENOW,DEMOCRAT,False,total,2214478.0,4237271.0,False,20210114,DEMOCRAT,,medsl:3308,2018-MI-ordinary-general,2018,2018-11-06,gen,total,2214478,4237271,2018-MI-ordinary-general:DEBBIESTABENOW,D,Same explicitly named candidate as major-party ballot line; Decision 013,https://dataverse.harvard.edu/api/access/datafile/13887039?format=original,true,,2214478,match,eligible
3309,requested_source_year,medsl-v8-group-011,2018,MICHIGAN,MI,26,34.0,23,US SENATE,statewide,gen,False,GEORGE E. HUFFMAN III,US TAXPAYERS,False,total,27251.0,4237271.0,False,20210114,OTHER,,medsl:3309,2018-MI-ordinary-general,2018,2018-11-06,gen,total,27251,4237271,2018-MI-ordinary-general:GEORGEEHUFFMANIII,other,MEDSL detailed party label,https://dataverse.harvard.edu/api/access/datafile/13887039?format=original,true,,,not_crosschecked,eligible
3310,requested_source_year,medsl-v8-group-011,2018,MICHIGAN,MI,26,34.0,23,US SENATE,statewide,gen,False,JOHN HOWARD WILHELM,NATURAL LAW,False,total,16502.0,4237271.0,False,20210114,OTHER,,medsl:3310,2018-MI-ordinary-general,2018,2018-11-06,gen,total,16502,4237271,2018-MI-ordinary-general:JOHNHOWARDWILHELM,other,MEDSL detailed party label,https://dataverse.harvard.edu/api/access/datafile/13887039?format=original,true,,16502,match,eligible
3311,requested_source_year,medsl-v8-group-011,2018,MICHIGAN,MI,26,34.0,23,US SENATE,statewide,gen,False,JOHN JAMES,REPUBLICAN,False,total,1938818.0,4237271.0,False,20210114,REPUBLICAN,,medsl:3311,2018-MI-ordinary-general,2018,2018-11-06,gen,total,1938818,4237271,2018-MI-ordinary-general:JOHNJAMES,R,Same explicitly named candidate as major-party ballot line; Decision 013,https://dataverse.harvard.edu/api/access/datafile/13887039?format=original,true,,1938818,match,eligible
3312,requested_source_year,medsl-v8-group-011,2018,MICHIGAN,MI,26,34.0,23,US SENATE,statewide,gen,False,MARCIA SQUIER,GREEN,False,total,40204.0,4237271.0,False,20210114,OTHER,,medsl:3312,2018-MI-ordinary-general,2018,2018-11-06,gen,total,40204,4237271,2018-MI-ordinary-general:MARCIASQUIER,other,MEDSL detailed party label,https://dataverse.harvard.edu/api/access/datafile/13887039?format=original,true,,40204,match,eligible
3313,requested_source_year,medsl-v8-group-011,2018,MICHIGAN,MI,26,34.0,23,US SENATE,statewide,gen,False,,,True,total,18.0,4237271.0,False,20210114,OTHER,missing_candidate_name,medsl:3313,2018-MI-ordinary-general,2018,2018-11-06,gen,total,18,4237271,2018-MI-ordinary-general:UNNAMEDWRITEINS-3313,other,Unidentified aggregate: valid votes retained without invented candidate identity,https://dataverse.harvard.edu/api/access/datafile/13887039?format=original,true,blank_detailed_party;unidentified_aggregate;side_differs_detailed_party,,not_crosschecked,eligible
3314,requested_source_year,medsl-v8-group-012,2018,MINNESOTA,MN,27,41.0,33,US SENATE,statewide,gen,False,AMY KLOBUCHAR,DEMOCRATIC-FARMER-LABOR,False,total,1566174.0,2596879.0,False,20210114,DEMOCRAT,,medsl:3314,2018-MN-ordinary-general,2018,2018-11-06,gen,total,1566174,2596879,2018-MN-ordinary-general:AMYKLOBUCHAR,D,Same explicitly named candidate as major-party ballot line; Decision 013,https://dataverse.harvard.edu/api/access/datafile/13887039?format=original,true,,1566174,match,eligible
3315,requested_source_year,medsl-v8-group-012,2018,MINNESOTA,MN,27,41.0,33,US SENATE,statewide,gen,False,DENNIS SCHULLER,LEGAL MARIJUANA NOW,False,total,66236.0,2596879.0,False,20210114,OTHER,,medsl:3315,2018-MN-ordinary-general,2018,2018-11-06,gen,total,66236,2596879,2018-MN-ordinary-general:DENNISSCHULLER,other,MEDSL detailed party label,https://dataverse.harvard.edu/api/access/datafile/13887039?format=original,true,,66236,match,eligible
3316,requested_source_year,medsl-v8-group-012,2018,MINNESOTA,MN,27,41.0,33,US SENATE,statewide,gen,False,JIM NEWBERGER,REPUBLICAN,False,total,940437.0,2596879.0,False,20210114,REPUBLICAN,,medsl:3316,2018-MN-ordinary-general,2018,2018-11-06,gen,total,940437,2596879,2018-MN-ordinary-general:JIMNEWBERGER,R,Same explicitly named candidate as major-party ballot line; Decision 013,https://dataverse.harvard.edu/api/access/datafile/13887039?format=original,true,,940437,match,eligible
3317,requested_source_year,medsl-v8-group-012,2018,MINNESOTA,MN,27,41.0,33,US SENATE,statewide,gen,False,PAULA M OVERBY,MINNESOTA GREEN,False,total,23101.0,2596879.0,False,20210114,OTHER,,medsl:3317,2018-MN-ordinary-general,2018,2018-11-06,gen,total,23101,2596879,2018-MN-ordinary-general:PAULAMOVERBY,other,MEDSL detailed party label,https://dataverse.harvard.edu/api/access/datafile/13887039?format=original,true,,23101,match,eligible
3318,requested_source_year,medsl-v8-group-012,2018,MINNESOTA,MN,27,41.0,33,US SENATE,statewide,gen,False,,,True,total,931.0,2596879.0,False,20210114,OTHER,missing_candidate_name,medsl:3318,2018-MN-ordinary-general,2018,2018-11-06,gen,total,931,2596879,2018-MN-ordinary-general:UNNAMEDWRITEINS-3318,other,Unidentified aggregate: valid votes retained without invented candidate identity,https://dataverse.harvard.edu/api/access/datafile/13887039?format=original,true,blank_detailed_party;unidentified_aggregate;side_differs_detailed_party,,not_crosschecked,eligible
3319,requested_source_year,medsl-v8-group-013,2018,MINNESOTA,MN,27,41.0,33,US SENATE,statewide,gen,True,JERRY TROOIEN,UNAFFILIATED,False,total,24324.0,2587356.0,False,20210114,OTHER,,medsl:3319,2018-MN-special-general,2018,2018-11-06,gen,total,24324,2587356,2018-MN-special-general:JERRYTROOIEN,other,MEDSL detailed party label,https://dataverse.harvard.edu/api/access/datafile/13887039?format=original,true,,24324,match,eligible
3320,requested_source_year,medsl-v8-group-013,2018,MINNESOTA,MN,27,41.0,33,US SENATE,statewide,gen,True,KARIN HOUSLEY,REPUBLICAN,False,total,1095777.0,2587356.0,False,20210114,REPUBLICAN,,medsl:3320,2018-MN-special-general,2018,2018-11-06,gen,total,1095777,2587356,2018-MN-special-general:KARINHOUSLEY,R,Same explicitly named candidate as major-party ballot line; Decision 013,https://dataverse.harvard.edu/api/access/datafile/13887039?format=original,true,,1095777,match,eligible
3321,requested_source_year,medsl-v8-group-013,2018,MINNESOTA,MN,27,41.0,33,US SENATE,statewide,gen,True,SARAH WELLINGTON,LEGAL MARIJUANA NOW,False,total,95614.0,2587356.0,False,20210114,OTHER,,medsl:3321,2018-MN-special-general,2018,2018-11-06,gen,total,95614,2587356,2018-MN-special-general:SARAHWELLINGTON,other,MEDSL detailed party label,https://dataverse.harvard.edu/api/access/datafile/13887039?format=original,true,,95614,match,eligible
3322,requested_source_year,medsl-v8-group-013,2018,MINNESOTA,MN,27,41.0,33,US SENATE,statewide,gen,True,TINA SMITH,DEMOCRATIC-FARMER-LABOR,False,total,1370540.0,2587356.0,False,20210114,DEMOCRAT,,medsl:3322,2018-MN-special-general,2018,2018-11-06,gen,total,1370540,2587356,2018-MN-special-general:TINASMITH,D,Same explicitly named candidate as major-party ballot line; Decision 013,https://dataverse.harvard.edu/api/access/datafile/13887039?format=original,true,,1370540,match,eligible
3323,requested_source_year,medsl-v8-group-013,2018,MINNESOTA,MN,27,41.0,33,US SENATE,statewide,gen,True,,,True,total,1101.0,2587356.0,False,20210114,OTHER,missing_candidate_name,medsl:3323,2018-MN-special-general,2018,2018-11-06,gen,total,1101,2587356,2018-MN-special-general:UNNAMEDWRITEINS-3323,other,Unidentified aggregate: valid votes retained without invented candidate identity,https://dataverse.harvard.edu/api/access/datafile/13887039?format=original,true,blank_detailed_party;unidentified_aggregate;side_differs_detailed_party,,not_crosschecked,eligible
3324,requested_source_year,medsl-v8-group-015,2018,MISSISSIPPI,MS,28,64.0,46,US SENATE,statewide,gen,False,DANNY BEDWELL,LIBERTARIAN,False,total,12981.0,936215.0,False,20210114,LIBERTARIAN,,medsl:3324,2018-MS-ordinary-general,2018,2018-11-06,gen,total,12981,936215,2018-MS-ordinary-general:DANNYBEDWELL,other,MEDSL detailed party label,https://dataverse.harvard.edu/api/access/datafile/13887039?format=original,true,,,not_crosschecked,eligible
3325,requested_source_year,medsl-v8-group-015,2018,MISSISSIPPI,MS,28,64.0,46,US SENATE,statewide,gen,False,DAVID BARIA,DEMOCRAT,False,total,369567.0,936215.0,False,20210114,DEMOCRAT,,medsl:3325,2018-MS-ordinary-general,2018,2018-11-06,gen,total,369567,936215,2018-MS-ordinary-general:DAVIDBARIA,D,Same explicitly named candidate as major-party ballot line; Decision 013,https://dataverse.harvard.edu/api/access/datafile/13887039?format=original,true,,369567,match,eligible
3326,requested_source_year,medsl-v8-group-015,2018,MISSISSIPPI,MS,28,64.0,46,US SENATE,statewide,gen,False,ROGER F. WICKER,REPUBLICAN,False,total,547619.0,936215.0,False,20210114,REPUBLICAN,,medsl:3326,2018-MS-ordinary-general,2018,2018-11-06,gen,total,547619,936215,2018-MS-ordinary-general:ROGERFWICKER,R,Same explicitly named candidate as major-party ballot line; Decision 013,https://dataverse.harvard.edu/api/access/datafile/13887039?format=original,true,,547619,match,eligible
3327,requested_source_year,medsl-v8-group-015,2018,MISSISSIPPI,MS,28,64.0,46,US SENATE,statewide,gen,False,SHAWN O'HARA,REFORM,False,total,6048.0,936215.0,False,20210114,OTHER,,medsl:3327,2018-MS-ordinary-general,2018,2018-11-06,gen,total,6048,936215,2018-MS-ordinary-general:SHAWNOHARA,other,MEDSL detailed party label,https://dataverse.harvard.edu/api/access/datafile/13887039?format=original,true,,,not_crosschecked,eligible
3328,requested_source_year,medsl-v8-group-016,2018,MISSISSIPPI,MS,28,64.0,46,US SENATE,statewide,gen,True,CINDY HYDE-SMITH,REPUBLICAN,False,total,486769.0,907588.0,False,20210114,REPUBLICAN,,medsl:3328,2018-MS-special-runoff,2018,2018-11-27,gen,total,486769,907588,2018-MS-special-runoff:CINDYHYDESMITH,R,Same explicitly named candidate as major-party ballot line; Decision 013,https://dataverse.harvard.edu/api/access/datafile/13887039?format=original,true,,486769,match,eligible
3329,requested_source_year,medsl-v8-group-016,2018,MISSISSIPPI,MS,28,64.0,46,US SENATE,statewide,gen,True,MIKE ESPY,DEMOCRAT,False,total,420819.0,907588.0,False,20210114,DEMOCRAT,,medsl:3329,2018-MS-special-runoff,2018,2018-11-27,gen,total,420819,907588,2018-MS-special-runoff:MIKEESPY,D,Same explicitly named candidate as major-party ballot line; Decision 013,https://dataverse.harvard.edu/api/access/datafile/13887039?format=original,true,,420819,match,eligible
3330,requested_source_year,medsl-v8-group-014,2018,MISSOURI,MO,29,43.0,34,US SENATE,statewide,gen,False,CLAIRE MCCASKILL,DEMOCRAT,False,total,1112935.0,2442289.0,False,20210114,DEMOCRAT,,medsl:3330,2018-MO-ordinary-general,2018,2018-11-06,gen,total,1112935,2442289,2018-MO-ordinary-general:CLAIREMCCASKILL,D,Same explicitly named candidate as major-party ballot line; Decision 013,https://dataverse.harvard.edu/api/access/datafile/13887039?format=original,true,,1112935,match,eligible
3331,requested_source_year,medsl-v8-group-014,2018,MISSOURI,MO,29,43.0,34,US SENATE,statewide,gen,False,CRAIG O'DEAR,INDEPENDENT,False,total,34398.0,2442289.0,False,20210114,OTHER,,medsl:3331,2018-MO-ordinary-general,2018,2018-11-06,gen,total,34398,2442289,2018-MO-ordinary-general:CRAIGODEAR,other,MEDSL detailed party label,https://dataverse.harvard.edu/api/access/datafile/13887039?format=original,true,,34398,match,eligible
3332,requested_source_year,medsl-v8-group-014,2018,MISSOURI,MO,29,43.0,34,US SENATE,statewide,gen,False,JAPHETH CAMPBELL,LIBERTARIAN,False,total,27316.0,2442289.0,False,20210114,LIBERTARIAN,,medsl:3332,2018-MO-ordinary-general,2018,2018-11-06,gen,total,27316,2442289,2018-MO-ordinary-general:JAPHETHCAMPBELL,other,MEDSL detailed party label,https://dataverse.harvard.edu/api/access/datafile/13887039?format=original,true,,27316,match,eligible
3333,requested_source_year,medsl-v8-group-014,2018,MISSOURI,MO,29,43.0,34,US SENATE,statewide,gen,False,JO CRAIN,GREEN,False,total,12706.0,2442289.0,False,20210114,OTHER,,medsl:3333,2018-MO-ordinary-general,2018,2018-11-06,gen,total,12706,2442289,2018-MO-ordinary-general:JOCRAIN,other,MEDSL detailed party label,https://dataverse.harvard.edu/api/access/datafile/13887039?format=original,true,,12706,match,eligible
3334,requested_source_year,medsl-v8-group-014,2018,MISSOURI,MO,29,43.0,34,US SENATE,statewide,gen,False,JOSH HAWLEY,REPUBLICAN,False,total,1254927.0,2442289.0,False,20210114,REPUBLICAN,,medsl:3334,2018-MO-ordinary-general,2018,2018-11-06,gen,total,1254927,2442289,2018-MO-ordinary-general:JOSHHAWLEY,R,Same explicitly named candidate as major-party ballot line; Decision 013,https://dataverse.harvard.edu/api/access/datafile/13887039?format=original,true,,1254927,match,eligible
3335,requested_source_year,medsl-v8-group-014,2018,MISSOURI,MO,29,43.0,34,US SENATE,statewide,gen,False,,,True,total,7.0,2442289.0,False,20210114,OTHER,missing_candidate_name,medsl:3335,2018-MO-ordinary-general,2018,2018-11-06,gen,total,7,2442289,2018-MO-ordinary-general:UNNAMEDWRITEINS-3335,other,Unidentified aggregate: valid votes retained without invented candidate identity,https://dataverse.harvard.edu/api/access/datafile/13887039?format=original,true,blank_detailed_party;unidentified_aggregate;side_differs_detailed_party,,not_crosschecked,eligible
3336,requested_source_year,medsl-v8-group-017,2018,MONTANA,MT,30,81.0,64,US SENATE,statewide,gen,False,JON TESTER,DEMOCRAT,False,total,253876.0,504384.0,False,20210114,DEMOCRAT,,medsl:3336,2018-MT-ordinary-general,2018,2018-11-06,gen,total,253876,504384,2018-MT-ordinary-general:JONTESTER,D,Same explicitly named candidate as major-party ballot line; Decision 013,https://dataverse.harvard.edu/api/access/datafile/13887039?format=original,true,,,not_crosschecked,eligible
3337,requested_source_year,medsl-v8-group-017,2018,MONTANA,MT,30,81.0,64,US SENATE,statewide,gen,False,MATT ROSENDALE,REPUBLICAN,False,total,235963.0,504384.0,False,20210114,REPUBLICAN,,medsl:3337,2018-MT-ordinary-general,2018,2018-11-06,gen,total,235963,504384,2018-MT-ordinary-general:MATTROSENDALE,R,Same explicitly named candidate as major-party ballot line; Decision 013,https://dataverse.harvard.edu/api/access/datafile/13887039?format=original,true,,235963,match,eligible
3338,requested_source_year,medsl-v8-group-017,2018,MONTANA,MT,30,81.0,64,US SENATE,statewide,gen,False,RICK BRECKENRIDGE,LIBERTARIAN,False,total,14545.0,504384.0,False,20210114,LIBERTARIAN,,medsl:3338,2018-MT-ordinary-general,2018,2018-11-06,gen,total,14545,504384,2018-MT-ordinary-general:RICKBRECKENRIDGE,other,MEDSL detailed party label,https://dataverse.harvard.edu/api/access/datafile/13887039?format=original,true,,14545,match,eligible
3339,requested_source_year,medsl-v8-group-019,2018,NEBRASKA,NE,31,46.0,35,US SENATE,statewide,gen,False,DEB FISCHER,REPUBLICAN,False,total,403151.0,698883.0,False,20210114,REPUBLICAN,,medsl:3339,2018-NE-ordinary-general,2018,2018-11-06,gen,total,403151,698883,2018-NE-ordinary-general:DEBFISCHER,R,Same explicitly named candidate as major-party ballot line; Decision 013,https://dataverse.harvard.edu/api/access/datafile/13887039?format=original,true,,403151,match,eligible
3340,requested_source_year,medsl-v8-group-019,2018,NEBRASKA,NE,31,46.0,35,US SENATE,statewide,gen,False,JANE RAYBOULD,DEMOCRAT,False,total,269917.0,698883.0,False,20210114,DEMOCRAT,,medsl:3340,2018-NE-ordinary-general,2018,2018-11-06,gen,total,269917,698883,2018-NE-ordinary-general:JANERAYBOULD,D,Same explicitly named candidate as major-party ballot line; Decision 013,https://dataverse.harvard.edu/api/access/datafile/13887039?format=original,true,,269917,match,eligible
3341,requested_source_year,medsl-v8-group-019,2018,NEBRASKA,NE,31,46.0,35,US SENATE,statewide,gen,False,JIM SCHULTZ,LIBERTARIAN,False,total,25349.0,698883.0,False,20210114,LIBERTARIAN,,medsl:3341,2018-NE-ordinary-general,2018,2018-11-06,gen,total,25349,698883,2018-NE-ordinary-general:JIMSCHULTZ,other,MEDSL detailed party label,https://dataverse.harvard.edu/api/access/datafile/13887039?format=original,true,,25349,match,eligible
3342,requested_source_year,medsl-v8-group-019,2018,NEBRASKA,NE,31,46.0,35,US SENATE,statewide,gen,False,,,True,total,466.0,698883.0,False,20210114,OTHER,missing_candidate_name,medsl:3342,2018-NE-ordinary-general,2018,2018-11-06,gen,total,466,698883,2018-NE-ordinary-general:UNNAMEDWRITEINS-3342,other,Unidentified aggregate: valid votes retained without invented candidate identity,https://dataverse.harvard.edu/api/access/datafile/13887039?format=original,true,blank_detailed_party;unidentified_aggregate;side_differs_detailed_party,,not_crosschecked,eligible
3343,requested_source_year,medsl-v8-group-022,2018,NEVADA,NV,32,88.0,65,US SENATE,statewide,gen,False,BARRY MICHAELS,INDEPENDENT,False,total,9269.0,972132.0,False,20210114,OTHER,,medsl:3343,2018-NV-ordinary-general,2018,2018-11-06,gen,total,9269,972132,2018-NV-ordinary-general:BARRYMICHAELS,other,MEDSL detailed party label,https://dataverse.harvard.edu/api/access/datafile/13887039?format=original,true,,9269,match,pending
3344,requested_source_year,medsl-v8-group-022,2018,NEVADA,NV,32,88.0,65,US SENATE,statewide,gen,False,DEAN HELLER,REPUBLICAN,False,total,441202.0,972132.0,False,20210114,REPUBLICAN,,medsl:3344,2018-NV-ordinary-general,2018,2018-11-06,gen,total,441202,972132,2018-NV-ordinary-general:DEANHELLER,R,Same explicitly named candidate as major-party ballot line; Decision 013,https://dataverse.harvard.edu/api/access/datafile/13887039?format=original,true,,441202,match,pending
3345,requested_source_year,medsl-v8-group-022,2018,NEVADA,NV,32,88.0,65,US SENATE,statewide,gen,False,JACKY ROSEN,DEMOCRAT,False,total,490071.0,972132.0,False,20210114,DEMOCRAT,,medsl:3345,2018-NV-ordinary-general,2018,2018-11-06,gen,total,490071,972132,2018-NV-ordinary-general:JACKYROSEN,D,Same explicitly named candidate as major-party ballot line; Decision 013,https://dataverse.harvard.edu/api/access/datafile/13887039?format=original,true,,490071,match,pending
3346,requested_source_year,medsl-v8-group-022,2018,NEVADA,NV,32,88.0,65,US SENATE,statewide,gen,False,KAMAU A. BAKARI,INDEPENDENT AMERICAN,False,total,7091.0,972132.0,False,20210114,OTHER,,medsl:3346,2018-NV-ordinary-general,2018,2018-11-06,gen,total,7091,972132,2018-NV-ordinary-general:KAMAUABAKARI,other,MEDSL detailed party label,https://dataverse.harvard.edu/api/access/datafile/13887039?format=original,true,,7091,match,pending
3347,requested_source_year,medsl-v8-group-022,2018,NEVADA,NV,32,88.0,65,US SENATE,statewide,gen,False,NONE OF THESE CANDIDATES,,False,total,15303.0,972132.0,False,20210114,OTHER,,medsl:3347,2018-NV-ordinary-general,2018,2018-11-06,gen,total,15303,972132,2018-NV-ordinary-general:NONEOFTHESECANDIDATES,unknown,MEDSL detailed party label,https://dataverse.harvard.edu/api/access/datafile/13887039?format=original,pending,blank_detailed_party;ballot_option_denominator_pending;side_differs_simplified_party,,not_crosschecked,pending
3348,requested_source_year,medsl-v8-group-022,2018,NEVADA,NV,32,88.0,65,US SENATE,statewide,gen,False,TIM HAGAN,LIBERTARIAN,False,total,9196.0,972132.0,False,20210114,LIBERTARIAN,,medsl:3348,2018-NV-ordinary-general,2018,2018-11-06,gen,total,9196,972132,2018-NV-ordinary-general:TIMHAGAN,other,MEDSL detailed party label,https://dataverse.harvard.edu/api/access/datafile/13887039?format=original,true,,9196,match,pending
3349,requested_source_year,medsl-v8-group-020,2018,NEW JERSEY,NJ,34,22.0,12,US SENATE,statewide,gen,False,BOB HUGIN,REPUBLICAN,False,total,1357355.0,3169310.0,False,20210114,REPUBLICAN,,medsl:3349,2018-NJ-ordinary-general,2018,2018-11-06,gen,total,1357355,3169310,2018-NJ-ordinary-general:BOBHUGIN,R,Same explicitly named candidate as major-party ballot line; Decision 013,https://dataverse.harvard.edu/api/access/datafile/13887039?format=original,true,,1357355,match,eligible
3350,requested_source_year,medsl-v8-group-020,2018,NEW JERSEY,NJ,34,22.0,12,US SENATE,statewide,gen,False,HANK SCHROEDER,ECONOMIC GROWTH,False,total,8854.0,3169310.0,False,20210114,OTHER,,medsl:3350,2018-NJ-ordinary-general,2018,2018-11-06,gen,total,8854,3169310,2018-NJ-ordinary-general:HANKSCHROEDER,other,MEDSL detailed party label,https://dataverse.harvard.edu/api/access/datafile/13887039?format=original,true,,8854,match,eligible
3351,requested_source_year,medsl-v8-group-020,2018,NEW JERSEY,NJ,34,22.0,12,US SENATE,statewide,gen,False,KEVIN KIMPLE,MAKE IT SIMPLE,False,total,9087.0,3169310.0,False,20210114,OTHER,,medsl:3351,2018-NJ-ordinary-general,2018,2018-11-06,gen,total,9087,3169310,2018-NJ-ordinary-general:KEVINKIMPLE,other,MEDSL detailed party label,https://dataverse.harvard.edu/api/access/datafile/13887039?format=original,true,,9087,match,eligible
3352,requested_source_year,medsl-v8-group-020,2018,NEW JERSEY,NJ,34,22.0,12,US SENATE,statewide,gen,False,MADELYN R. HOFFMAN,GREEN,False,total,25150.0,3169310.0,False,20210114,OTHER,,medsl:3352,2018-NJ-ordinary-general,2018,2018-11-06,gen,total,25150,3169310,2018-NJ-ordinary-general:MADELYNRHOFFMAN,other,MEDSL detailed party label,https://dataverse.harvard.edu/api/access/datafile/13887039?format=original,true,,25150,match,eligible
3353,requested_source_year,medsl-v8-group-020,2018,NEW JERSEY,NJ,34,22.0,12,US SENATE,statewide,gen,False,MURRAY SABRIN,LIBERTARIAN,False,total,21212.0,3169310.0,False,20210114,LIBERTARIAN,,medsl:3353,2018-NJ-ordinary-general,2018,2018-11-06,gen,total,21212,3169310,2018-NJ-ordinary-general:MURRAYSABRIN,other,MEDSL detailed party label,https://dataverse.harvard.edu/api/access/datafile/13887039?format=original,true,,21212,match,eligible
3354,requested_source_year,medsl-v8-group-020,2018,NEW JERSEY,NJ,34,22.0,12,US SENATE,statewide,gen,False,NATALIE LYNN RIVERA,FOR THE PEOPLE,False,total,19897.0,3169310.0,False,20210114,OTHER,,medsl:3354,2018-NJ-ordinary-general,2018,2018-11-06,gen,total,19897,3169310,2018-NJ-ordinary-general:NATALIELYNNRIVERA,other,MEDSL detailed party label,https://dataverse.harvard.edu/api/access/datafile/13887039?format=original,true,,19897,match,eligible
3355,requested_source_year,medsl-v8-group-020,2018,NEW JERSEY,NJ,34,22.0,12,US SENATE,statewide,gen,False,ROBERT MENENDEZ,DEMOCRAT,False,total,1711654.0,3169310.0,False,20210114,DEMOCRAT,,medsl:3355,2018-NJ-ordinary-general,2018,2018-11-06,gen,total,1711654,3169310,2018-NJ-ordinary-general:ROBERTMENENDEZ,D,Same explicitly named candidate as major-party ballot line; Decision 013,https://dataverse.harvard.edu/api/access/datafile/13887039?format=original,true,,1711654,match,eligible
3356,requested_source_year,medsl-v8-group-020,2018,NEW JERSEY,NJ,34,22.0,12,US SENATE,statewide,gen,False,TRICIA FLANAGAN,NEW DAY NJ,False,total,16101.0,3169310.0,False,20210114,OTHER,,medsl:3356,2018-NJ-ordinary-general,2018,2018-11-06,gen,total,16101,3169310,2018-NJ-ordinary-general:TRICIAFLANAGAN,other,MEDSL detailed party label,https://dataverse.harvard.edu/api/access/datafile/13887039?format=original,true,,16101,match,eligible
3357,requested_source_year,medsl-v8-group-021,2018,NEW MEXICO,NM,35,85.0,66,US SENATE,statewide,gen,False,GARY E JOHNSON,LIBERTARIAN,False,total,107201.0,697012.0,False,20210114,LIBERTARIAN,,medsl:3357,2018-NM-ordinary-general,2018,2018-11-06,gen,total,107201,697012,2018-NM-ordinary-general:GARYEJOHNSON,other,MEDSL detailed party label,https://dataverse.harvard.edu/api/access/datafile/13887039?format=original,true,,107201,match,eligible
3358,requested_source_year,medsl-v8-group-021,2018,NEW MEXICO,NM,35,85.0,66,US SENATE,statewide,gen,False,MARTIN T HEINRICH,DEMOCRAT,False,total,376998.0,697012.0,False,20210114,DEMOCRAT,,medsl:3358,2018-NM-ordinary-general,2018,2018-11-06,gen,total,376998,697012,2018-NM-ordinary-general:MARTINTHEINRICH,D,Same explicitly named candidate as major-party ballot line; Decision 013,https://dataverse.harvard.edu/api/access/datafile/13887039?format=original,true,,376998,match,eligible
3359,requested_source_year,medsl-v8-group-021,2018,NEW MEXICO,NM,35,85.0,66,US SENATE,statewide,gen,False,MICK RICH,REPUBLICAN,False,total,212813.0,697012.0,False,20210114,REPUBLICAN,,medsl:3359,2018-NM-ordinary-general,2018,2018-11-06,gen,total,212813,697012,2018-NM-ordinary-general:MICKRICH,R,Same explicitly named candidate as major-party ballot line; Decision 013,https://dataverse.harvard.edu/api/access/datafile/13887039?format=original,true,,212813,match,eligible
3360,requested_source_year,medsl-v8-group-023,2018,NEW YORK,NY,36,21.0,13,US SENATE,statewide,gen,False,CHELE CHIAVACCI FARLEY,REPUBLICAN,False,total,1730439.0,6055151.0,False,20210114,REPUBLICAN,repeated_candidate_name_review_ballot_lines,medsl:3360,2018-NY-ordinary-general,2018,2018-11-06,gen,total,1730439,6055151,2018-NY-ordinary-general:CHELECHIAVACCIFARLEY,R,Same explicitly named candidate as major-party ballot line; Decision 013,https://dataverse.harvard.edu/api/access/datafile/13887039?format=original,true,,,not_crosschecked,eligible
3361,requested_source_year,medsl-v8-group-023,2018,NEW YORK,NY,36,21.0,13,US SENATE,statewide,gen,False,CHELE CHIAVACCI FARLEY,CONSERVATIVE,False,total,246171.0,6055151.0,False,20210114,OTHER,repeated_candidate_name_review_ballot_lines,medsl:3361,2018-NY-ordinary-general,2018,2018-11-06,gen,total,246171,6055151,2018-NY-ordinary-general:CHELECHIAVACCIFARLEY,R,Same explicitly named candidate as major-party ballot line; Decision 013,https://dataverse.harvard.edu/api/access/datafile/13887039?format=original,true,side_differs_detailed_party;side_differs_simplified_party,,not_crosschecked,eligible
3362,requested_source_year,medsl-v8-group-023,2018,NEW YORK,NY,36,21.0,13,US SENATE,statewide,gen,False,CHELE CHIAVACCI FARLEY,REFORM,False,total,21610.0,6055151.0,False,20210114,OTHER,repeated_candidate_name_review_ballot_lines,medsl:3362,2018-NY-ordinary-general,2018,2018-11-06,gen,total,21610,6055151,2018-NY-ordinary-general:CHELECHIAVACCIFARLEY,R,Same explicitly named candidate as major-party ballot line; Decision 013,https://dataverse.harvard.edu/api/access/datafile/13887039?format=original,true,side_differs_detailed_party;side_differs_simplified_party,,not_crosschecked,eligible
3363,requested_source_year,medsl-v8-group-023,2018,NEW YORK,NY,36,21.0,13,US SENATE,statewide,gen,False,KIRSTEN E. GILLIBRAND,DEMOCRAT,False,total,3755489.0,6055151.0,False,20210114,DEMOCRAT,repeated_candidate_name_review_ballot_lines,medsl:3363,2018-NY-ordinary-general,2018,2018-11-06,gen,total,3755489,6055151,2018-NY-ordinary-general:KIRSTENEGILLIBRAND,D,Same explicitly named candidate as major-party ballot line; Decision 013,https://dataverse.harvard.edu/api/access/datafile/13887039?format=original,true,,,not_crosschecked,eligible
3364,requested_source_year,medsl-v8-group-023,2018,NEW YORK,NY,36,21.0,13,US SENATE,statewide,gen,False,KIRSTEN E. GILLIBRAND,WORKING FAMILIES,False,total,160128.0,6055151.0,False,20210114,OTHER,repeated_candidate_name_review_ballot_lines,medsl:3364,2018-NY-ordinary-general,2018,2018-11-06,gen,total,160128,6055151,2018-NY-ordinary-general:KIRSTENEGILLIBRAND,D,Same explicitly named candidate as major-party ballot line; Decision 013,https://dataverse.harvard.edu/api/access/datafile/13887039?format=original,true,side_differs_detailed_party;side_differs_simplified_party,,not_crosschecked,eligible
3365,requested_source_year,medsl-v8-group-023,2018,NEW YORK,NY,36,21.0,13,US SENATE,statewide,gen,False,KIRSTEN E. GILLIBRAND,INDEPENDENCE,False,total,99325.0,6055151.0,False,20210114,OTHER,repeated_candidate_name_review_ballot_lines,medsl:3365,2018-NY-ordinary-general,2018,2018-11-06,gen,total,99325,6055151,2018-NY-ordinary-general:KIRSTENEGILLIBRAND,D,Same explicitly named candidate as major-party ballot line; Decision 013,https://dataverse.harvard.edu/api/access/datafile/13887039?format=original,true,side_differs_detailed_party;side_differs_simplified_party,,not_crosschecked,eligible
3366,requested_source_year,medsl-v8-group-023,2018,NEW YORK,NY,36,21.0,13,US SENATE,statewide,gen,False,KIRSTEN E. GILLIBRAND,WOMEN'S EQUALITY,False,total,41989.0,6055151.0,False,20210114,OTHER,repeated_candidate_name_review_ballot_lines,medsl:3366,2018-NY-ordinary-general,2018,2018-11-06,gen,total,41989,6055151,2018-NY-ordinary-general:KIRSTENEGILLIBRAND,D,Same explicitly named candidate as major-party ballot line; Decision 013,https://dataverse.harvard.edu/api/access/datafile/13887039?format=original,true,side_differs_detailed_party;side_differs_simplified_party,,not_crosschecked,eligible
3367,requested_source_year,medsl-v8-group-018,2018,NORTH DAKOTA,ND,38,44.0,36,US SENATE,statewide,gen,False,HEIDI HEITKAMP,DEMOCRATIC-NPL,False,total,144376.0,326138.0,False,20210114,DEMOCRAT,,medsl:3367,2018-ND-ordinary-general,2018,2018-11-06,gen,total,144376,326138,2018-ND-ordinary-general:HEIDIHEITKAMP,D,Same explicitly named candidate as major-party ballot line; Decision 013,https://dataverse.harvard.edu/api/access/datafile/13887039?format=original,true,,144376,match,eligible
3368,requested_source_year,medsl-v8-group-018,2018,NORTH DAKOTA,ND,38,44.0,36,US SENATE,statewide,gen,False,KEVIN CRAMER,REPUBLICAN,False,total,179720.0,326138.0,False,20210114,REPUBLICAN,,medsl:3368,2018-ND-ordinary-general,2018,2018-11-06,gen,total,179720,326138,2018-ND-ordinary-general:KEVINCRAMER,R,Same explicitly named candidate as major-party ballot line; Decision 013,https://dataverse.harvard.edu/api/access/datafile/13887039?format=original,true,,179720,match,eligible
3369,requested_source_year,medsl-v8-group-018,2018,NORTH DAKOTA,ND,38,44.0,36,US SENATE,statewide,gen,False,,,True,total,2042.0,326138.0,False,20210114,OTHER,missing_candidate_name,medsl:3369,2018-ND-ordinary-general,2018,2018-11-06,gen,total,2042,326138,2018-ND-ordinary-general:UNNAMEDWRITEINS-3369,other,Unidentified aggregate: valid votes retained without invented candidate identity,https://dataverse.harvard.edu/api/access/datafile/13887039?format=original,true,blank_detailed_party;unidentified_aggregate;side_differs_detailed_party,,not_crosschecked,eligible
3370,requested_source_year,medsl-v8-group-024,2018,OHIO,OH,39,31.0,24,US SENATE,statewide,gen,False,JIM RENACCI,REPUBLICAN,False,total,2053963.0,4410898.0,False,20210114,REPUBLICAN,,medsl:3370,2018-OH-ordinary-general,2018,2018-11-06,gen,total,2053963,4410898,2018-OH-ordinary-general:JIMRENACCI,R,Same explicitly named candidate as major-party ballot line; Decision 013,https://dataverse.harvard.edu/api/access/datafile/13887039?format=original,true,fec_vote_count_conflict,2057559,conflict,pending
3371,requested_source_year,medsl-v8-group-024,2018,OHIO,OH,39,31.0,24,US SENATE,statewide,gen,False,SHERROD BROWN,DEMOCRAT,False,total,2355923.0,4410898.0,False,20210114,DEMOCRAT,,medsl:3371,2018-OH-ordinary-general,2018,2018-11-06,gen,total,2355923,4410898,2018-OH-ordinary-general:SHERRODBROWN,D,Same explicitly named candidate as major-party ballot line; Decision 013,https://dataverse.harvard.edu/api/access/datafile/13887039?format=original,true,fec_vote_count_conflict,2358508,conflict,pending
3372,requested_source_year,medsl-v8-group-024,2018,OHIO,OH,39,31.0,24,US SENATE,statewide,gen,False,,,True,total,1012.0,4410898.0,False,20210114,OTHER,missing_candidate_name,medsl:3372,2018-OH-ordinary-general,2018,2018-11-06,gen,total,1012,4410898,2018-OH-ordinary-general:UNNAMEDWRITEINS-3372,other,Unidentified aggregate: valid votes retained without invented candidate identity,https://dataverse.harvard.edu/api/access/datafile/13887039?format=original,true,blank_detailed_party;unidentified_aggregate;side_differs_detailed_party,,not_crosschecked,pending
3373,requested_source_year,medsl-v8-group-025,2018,PENNSYLVANIA,PA,42,23.0,14,US SENATE,statewide,gen,False,DALE R KERNS JR,LIBERTARIAN,False,total,50907.0,4994643.0,False,20210114,LIBERTARIAN,,medsl:3373,2018-PA-ordinary-general,2018,2018-11-06,gen,total,50907,4994643,2018-PA-ordinary-general:DALERKERNSJR,other,MEDSL detailed party label,https://dataverse.harvard.edu/api/access/datafile/13887039?format=original,true,,,not_crosschecked,eligible
3374,requested_source_year,medsl-v8-group-025,2018,PENNSYLVANIA,PA,42,23.0,14,US SENATE,statewide,gen,False,LOUIS J. BARLETTA,REPUBLICAN,False,total,2134848.0,4994643.0,False,20210114,REPUBLICAN,,medsl:3374,2018-PA-ordinary-general,2018,2018-11-06,gen,total,2134848,4994643,2018-PA-ordinary-general:LOUISJBARLETTA,R,Same explicitly named candidate as major-party ballot line; Decision 013,https://dataverse.harvard.edu/api/access/datafile/13887039?format=original,true,,,not_crosschecked,eligible
3375,requested_source_year,medsl-v8-group-025,2018,PENNSYLVANIA,PA,42,23.0,14,US SENATE,statewide,gen,False,NEAL TAYLOR GALE,GREEN,False,total,31208.0,4994643.0,False,20210114,OTHER,,medsl:3375,2018-PA-ordinary-general,2018,2018-11-06,gen,total,31208,4994643,2018-PA-ordinary-general:NEALTAYLORGALE,other,MEDSL detailed party label,https://dataverse.harvard.edu/api/access/datafile/13887039?format=original,true,,,not_crosschecked,eligible
3376,requested_source_year,medsl-v8-group-025,2018,PENNSYLVANIA,PA,42,23.0,14,US SENATE,statewide,gen,False,ROBERT P CASEY JR,DEMOCRAT,False,total,2777680.0,4994643.0,False,20210114,DEMOCRAT,,medsl:3376,2018-PA-ordinary-general,2018,2018-11-06,gen,total,2777680,4994643,2018-PA-ordinary-general:ROBERTPCASEYJR,D,Same explicitly named candidate as major-party ballot line; Decision 013,https://dataverse.harvard.edu/api/access/datafile/13887039?format=original,true,,,not_crosschecked,eligible
3377,requested_source_year,medsl-v8-group-026,2018,RHODE ISLAND,RI,44,15.0,5,US SENATE,statewide,gen,False,"ROBERT G. FLANDERS, JR.",REPUBLICAN,False,total,144421.0,376738.0,False,20210114,REPUBLICAN,,medsl:3377,2018-RI-ordinary-general,2018,2018-11-06,gen,total,144421,376738,2018-RI-ordinary-general:ROBERTGFLANDERSJR,R,Same explicitly named candidate as major-party ballot line; Decision 013,https://dataverse.harvard.edu/api/access/datafile/13887039?format=original,true,,,not_crosschecked,eligible
3378,requested_source_year,medsl-v8-group-026,2018,RHODE ISLAND,RI,44,15.0,5,US SENATE,statewide,gen,False,SHELDON WHITEHOUSE,DEMOCRAT,False,total,231477.0,376738.0,False,20210114,DEMOCRAT,,medsl:3378,2018-RI-ordinary-general,2018,2018-11-06,gen,total,231477,376738,2018-RI-ordinary-general:SHELDONWHITEHOUSE,D,Same explicitly named candidate as major-party ballot line; Decision 013,https://dataverse.harvard.edu/api/access/datafile/13887039?format=original,true,,231477,match,eligible
3379,requested_source_year,medsl-v8-group-026,2018,RHODE ISLAND,RI,44,15.0,5,US SENATE,statewide,gen,False,,,True,total,840.0,376738.0,False,20210114,OTHER,missing_candidate_name,medsl:3379,2018-RI-ordinary-general,2018,2018-11-06,gen,total,840,376738,2018-RI-ordinary-general:UNNAMEDWRITEINS-3379,other,Unidentified aggregate: valid votes retained without invented candidate identity,https://dataverse.harvard.edu/api/access/datafile/13887039?format=original,true,blank_detailed_party;unidentified_aggregate;side_differs_detailed_party,,not_crosschecked,eligible
3380,requested_source_year,medsl-v8-group-027,2018,TENNESSEE,TN,47,62.0,54,US SENATE,statewide,gen,False,BRETON PHILLIPS,INDEPENDENT,False,total,2226.0,2243740.0,False,20210114,OTHER,,medsl:3380,2018-TN-ordinary-general,2018,2018-11-06,gen,total,2226,2243740,2018-TN-ordinary-general:BRETONPHILLIPS,other,MEDSL detailed party label,https://dataverse.harvard.edu/api/access/datafile/13887039?format=original,true,,2226,match,eligible
3381,requested_source_year,medsl-v8-group-027,2018,TENNESSEE,TN,47,62.0,54,US SENATE,statewide,gen,False,DEAN HILL,INDEPENDENT,False,total,8717.0,2243740.0,False,20210114,OTHER,,medsl:3381,2018-TN-ordinary-general,2018,2018-11-06,gen,total,8717,2243740,2018-TN-ordinary-general:DEANHILL,other,MEDSL detailed party label,https://dataverse.harvard.edu/api/access/datafile/13887039?format=original,true,,8717,match,eligible
3382,requested_source_year,medsl-v8-group-027,2018,TENNESSEE,TN,47,62.0,54,US SENATE,statewide,gen,False,JOHN CARICO,INDEPENDENT,False,total,3398.0,2243740.0,False,20210114,OTHER,,medsl:3382,2018-TN-ordinary-general,2018,2018-11-06,gen,total,3398,2243740,2018-TN-ordinary-general:JOHNCARICO,other,MEDSL detailed party label,https://dataverse.harvard.edu/api/access/datafile/13887039?format=original,true,,3398,match,eligible
3383,requested_source_year,medsl-v8-group-027,2018,TENNESSEE,TN,47,62.0,54,US SENATE,statewide,gen,False,KEVIN LEE MCCANTS,INDEPENDENT,False,total,1927.0,2243740.0,False,20210114,OTHER,,medsl:3383,2018-TN-ordinary-general,2018,2018-11-06,gen,total,1927,2243740,2018-TN-ordinary-general:KEVINLEEMCCANTS,other,MEDSL detailed party label,https://dataverse.harvard.edu/api/access/datafile/13887039?format=original,true,,1927,match,eligible
3384,requested_source_year,medsl-v8-group-027,2018,TENNESSEE,TN,47,62.0,54,US SENATE,statewide,gen,False,KRIS L. TODD,INDEPENDENT,False,total,5084.0,2243740.0,False,20210114,OTHER,,medsl:3384,2018-TN-ordinary-general,2018,2018-11-06,gen,total,5084,2243740,2018-TN-ordinary-general:KRISLTODD,other,MEDSL detailed party label,https://dataverse.harvard.edu/api/access/datafile/13887039?format=original,true,,5084,match,eligible
3385,requested_source_year,medsl-v8-group-027,2018,TENNESSEE,TN,47,62.0,54,US SENATE,statewide,gen,False,MARSHA BLACKBURN,REPUBLICAN,False,total,1227483.0,2243740.0,False,20210114,REPUBLICAN,,medsl:3385,2018-TN-ordinary-general,2018,2018-11-06,gen,total,1227483,2243740,2018-TN-ordinary-general:MARSHABLACKBURN,R,Same explicitly named candidate as major-party ballot line; Decision 013,https://dataverse.harvard.edu/api/access/datafile/13887039?format=original,true,,1227483,match,eligible
3386,requested_source_year,medsl-v8-group-027,2018,TENNESSEE,TN,47,62.0,54,US SENATE,statewide,gen,False,PHIL BREDESEN,DEMOCRAT,False,total,985450.0,2243740.0,False,20210114,DEMOCRAT,,medsl:3386,2018-TN-ordinary-general,2018,2018-11-06,gen,total,985450,2243740,2018-TN-ordinary-general:PHILBREDESEN,D,Same explicitly named candidate as major-party ballot line; Decision 013,https://dataverse.harvard.edu/api/access/datafile/13887039?format=original,true,,985450,match,eligible
3387,requested_source_year,medsl-v8-group-027,2018,TENNESSEE,TN,47,62.0,54,US SENATE,statewide,gen,False,TRUDY A. AUSTIN,INDEPENDENT,False,total,9455.0,2243740.0,False,20210114,OTHER,,medsl:3387,2018-TN-ordinary-general,2018,2018-11-06,gen,total,9455,2243740,2018-TN-ordinary-general:TRUDYAAUSTIN,other,MEDSL detailed party label,https://dataverse.harvard.edu/api/access/datafile/13887039?format=original,true,,9455,match,eligible
3388,requested_source_year,medsl-v8-group-028,2018,TEXAS,TX,48,74.0,49,US SENATE,statewide,gen,False,BETO O'ROURKE,DEMOCRAT,False,total,4045632.0,8371655.0,False,20210114,DEMOCRAT,,medsl:3388,2018-TX-ordinary-general,2018,2018-11-06,gen,total,4045632,8371655,2018-TX-ordinary-general:BETOOROURKE,D,Same explicitly named candidate as major-party ballot line; Decision 013,https://dataverse.harvard.edu/api/access/datafile/13887039?format=original,true,,4045632,match,eligible
3389,requested_source_year,medsl-v8-group-028,2018,TEXAS,TX,48,74.0,49,US SENATE,statewide,gen,False,NEAL M. DIKEMAN,LIBERTARIAN,False,total,65470.0,8371655.0,False,20210114,LIBERTARIAN,,medsl:3389,2018-TX-ordinary-general,2018,2018-11-06,gen,total,65470,8371655,2018-TX-ordinary-general:NEALMDIKEMAN,other,MEDSL detailed party label,https://dataverse.harvard.edu/api/access/datafile/13887039?format=original,true,,65470,match,eligible
3390,requested_source_year,medsl-v8-group-028,2018,TEXAS,TX,48,74.0,49,US SENATE,statewide,gen,False,TED CRUZ,REPUBLICAN,False,total,4260553.0,8371655.0,False,20210114,REPUBLICAN,,medsl:3390,2018-TX-ordinary-general,2018,2018-11-06,gen,total,4260553,8371655,2018-TX-ordinary-general:TEDCRUZ,R,Same explicitly named candidate as major-party ballot line; Decision 013,https://dataverse.harvard.edu/api/access/datafile/13887039?format=original,true,,4260553,match,eligible
3391,requested_source_year,medsl-v8-group-029,2018,UTAH,UT,49,87.0,67,US SENATE,statewide,gen,False,CRAIG R. BOWDEN,LIBERTARIAN,False,total,27607.0,1062845.0,False,20210114,LIBERTARIAN,,medsl:3391,2018-UT-ordinary-general,2018,2018-11-06,gen,total,27607,1062845,2018-UT-ordinary-general:CRAIGRBOWDEN,other,MEDSL detailed party label,https://dataverse.harvard.edu/api/access/datafile/13887039?format=original,true,,27607,match,eligible
3392,requested_source_year,medsl-v8-group-029,2018,UTAH,UT,49,87.0,67,US SENATE,statewide,gen,False,JENNY WILSON,DEMOCRAT,False,total,328541.0,1062845.0,False,20210114,DEMOCRAT,,medsl:3392,2018-UT-ordinary-general,2018,2018-11-06,gen,total,328541,1062845,2018-UT-ordinary-general:JENNYWILSON,D,Same explicitly named candidate as major-party ballot line; Decision 013,https://dataverse.harvard.edu/api/access/datafile/13887039?format=original,true,,328541,match,eligible
3393,requested_source_year,medsl-v8-group-029,2018,UTAH,UT,49,87.0,67,US SENATE,statewide,gen,False,MITT ROMNEY,REPUBLICAN,False,total,665215.0,1062845.0,False,20210114,REPUBLICAN,,medsl:3393,2018-UT-ordinary-general,2018,2018-11-06,gen,total,665215,1062845,2018-UT-ordinary-general:MITTROMNEY,R,Same explicitly named candidate as major-party ballot line; Decision 013,https://dataverse.harvard.edu/api/access/datafile/13887039?format=original,true,,665215,match,eligible
3394,requested_source_year,medsl-v8-group-029,2018,UTAH,UT,49,87.0,67,US SENATE,statewide,gen,False,REED C. MCCANDLESS,INDEPENDENT AMERICAN,False,total,12708.0,1062845.0,False,20210114,OTHER,,medsl:3394,2018-UT-ordinary-general,2018,2018-11-06,gen,total,12708,1062845,2018-UT-ordinary-general:REEDCMCCANDLESS,other,MEDSL detailed party label,https://dataverse.harvard.edu/api/access/datafile/13887039?format=original,true,,12708,match,eligible
3395,requested_source_year,medsl-v8-group-029,2018,UTAH,UT,49,87.0,67,US SENATE,statewide,gen,False,TIM AALDERS,CONSTITUTION,False,total,28774.0,1062845.0,False,20210114,OTHER,,medsl:3395,2018-UT-ordinary-general,2018,2018-11-06,gen,total,28774,1062845,2018-UT-ordinary-general:TIMAALDERS,other,MEDSL detailed party label,https://dataverse.harvard.edu/api/access/datafile/13887039?format=original,true,,28774,match,eligible
3396,requested_source_year,medsl-v8-group-031,2018,VERMONT,VT,50,13.0,6,US SENATE,statewide,gen,False,BERNIE SANDERS,INDEPENDENT,False,total,183529.0,272624.0,False,20210114,OTHER,,medsl:3396,2018-VT-ordinary-general,2018,2018-11-06,gen,total,183529,272624,2018-VT-ordinary-general:BERNIESANDERS,D,"Decision 013, explicit Sanders exception; Senate party-division history confirms Democratic caucus",https://www.senate.gov/history/partydiv.htm,true,side_differs_detailed_party;side_differs_simplified_party;fec_vote_count_conflict,183649,conflict,pending
3397,requested_source_year,medsl-v8-group-031,2018,VERMONT,VT,50,13.0,6,US SENATE,statewide,gen,False,BRAD J. PEACOCK,INDEPENDENT,False,total,3787.0,272624.0,False,20210114,OTHER,,medsl:3397,2018-VT-ordinary-general,2018,2018-11-06,gen,total,3787,272624,2018-VT-ordinary-general:BRADJPEACOCK,other,MEDSL detailed party label,https://dataverse.harvard.edu/api/access/datafile/13887039?format=original,true,fec_vote_count_conflict,3665,conflict,pending
3398,requested_source_year,medsl-v8-group-031,2018,VERMONT,VT,50,13.0,6,US SENATE,statewide,gen,False,BRUCE BUSA,INDEPENDENT,False,total,914.0,272624.0,False,20210114,OTHER,,medsl:3398,2018-VT-ordinary-general,2018,2018-11-06,gen,total,914,272624,2018-VT-ordinary-general:BRUCEBUSA,other,MEDSL detailed party label,https://dataverse.harvard.edu/api/access/datafile/13887039?format=original,true,,914,match,pending
3399,requested_source_year,medsl-v8-group-031,2018,VERMONT,VT,50,13.0,6,US SENATE,statewide,gen,False,EDWARD S. GILBERT JR,INDEPENDENT,False,total,2244.0,272624.0,False,20210114,OTHER,,medsl:3399,2018-VT-ordinary-general,2018,2018-11-06,gen,total,2244,272624,2018-VT-ordinary-general:EDWARDSGILBERTJR,other,MEDSL detailed party label,https://dataverse.harvard.edu/api/access/datafile/13887039?format=original,true,,,not_crosschecked,pending
3400,requested_source_year,medsl-v8-group-031,2018,VERMONT,VT,50,13.0,6,US SENATE,statewide,gen,False,FOLASADE ADELUOLA,INDEPENDENT,False,total,1979.0,272624.0,False,20210114,OTHER,,medsl:3400,2018-VT-ordinary-general,2018,2018-11-06,gen,total,1979,272624,2018-VT-ordinary-general:FOLASADEADELUOLA,other,MEDSL detailed party label,https://dataverse.harvard.edu/api/access/datafile/13887039?format=original,true,,,not_crosschecked,pending
3401,requested_source_year,medsl-v8-group-031,2018,VERMONT,VT,50,13.0,6,US SENATE,statewide,gen,False,JON SVITAVSKY,INDEPENDENT,False,total,1280.0,272624.0,False,20210114,OTHER,,medsl:3401,2018-VT-ordinary-general,2018,2018-11-06,gen,total,1280,272624,2018-VT-ordinary-general:JONSVITAVSKY,other,MEDSL detailed party label,https://dataverse.harvard.edu/api/access/datafile/13887039?format=original,true,fec_vote_count_conflict,1130,conflict,pending
3402,requested_source_year,medsl-v8-group-031,2018,VERMONT,VT,50,13.0,6,US SENATE,statewide,gen,False,LAWRENCE ZUPAN,REPUBLICAN,False,total,74663.0,272624.0,False,20210114,REPUBLICAN,,medsl:3402,2018-VT-ordinary-general,2018,2018-11-06,gen,total,74663,272624,2018-VT-ordinary-general:LAWRENCEZUPAN,R,Same explicitly named candidate as major-party ballot line; Decision 013,https://dataverse.harvard.edu/api/access/datafile/13887039?format=original,true,fec_vote_count_conflict,74815,conflict,pending
3403,requested_source_year,medsl-v8-group-031,2018,VERMONT,VT,50,13.0,6,US SENATE,statewide,gen,False,REID KANE,LIBERTY UNION,False,total,1171.0,272624.0,False,20210114,OTHER,,medsl:3403,2018-VT-ordinary-general,2018,2018-11-06,gen,total,1171,272624,2018-VT-ordinary-general:REIDKANE,other,MEDSL detailed party label,https://dataverse.harvard.edu/api/access/datafile/13887039?format=original,true,,1171,match,pending
3404,requested_source_year,medsl-v8-group-031,2018,VERMONT,VT,50,13.0,6,US SENATE,statewide,gen,False,RUSSELL BESTE,INDEPENDENT,False,total,2763.0,272624.0,False,20210114,OTHER,,medsl:3404,2018-VT-ordinary-general,2018,2018-11-06,gen,total,2763,272624,2018-VT-ordinary-general:RUSSELLBESTE,other,MEDSL detailed party label,https://dataverse.harvard.edu/api/access/datafile/13887039?format=original,true,,2763,match,pending
3405,requested_source_year,medsl-v8-group-031,2018,VERMONT,VT,50,13.0,6,US SENATE,statewide,gen,False,,,True,total,294.0,272624.0,False,20210114,OTHER,missing_candidate_name,medsl:3405,2018-VT-ordinary-general,2018,2018-11-06,gen,total,294,272624,2018-VT-ordinary-general:UNNAMEDWRITEINS-3405,other,Unidentified aggregate: valid votes retained without invented candidate identity,https://dataverse.harvard.edu/api/access/datafile/13887039?format=original,true,blank_detailed_party;unidentified_aggregate;side_differs_detailed_party,,not_crosschecked,pending
3406,requested_source_year,medsl-v8-group-030,2018,VIRGINIA,VA,51,54.0,40,US SENATE,statewide,gen,False,COREY A. STEWART,REPUBLICAN,False,total,1374313.0,3351373.0,False,20210114,REPUBLICAN,,medsl:3406,2018-VA-ordinary-general,2018,2018-11-06,gen,total,1374313,3351373,2018-VA-ordinary-general:COREYASTEWART,R,Same explicitly named candidate as major-party ballot line; Decision 013,https://dataverse.harvard.edu/api/access/datafile/13887039?format=original,true,,1374313,match,eligible
3407,requested_source_year,medsl-v8-group-030,2018,VIRGINIA,VA,51,54.0,40,US SENATE,statewide,gen,False,MATT J. WATERS,LIBERTARIAN,False,total,61565.0,3351373.0,False,20210114,LIBERTARIAN,,medsl:3407,2018-VA-ordinary-general,2018,2018-11-06,gen,total,61565,3351373,2018-VA-ordinary-general:MATTJWATERS,other,MEDSL detailed party label,https://dataverse.harvard.edu/api/access/datafile/13887039?format=original,true,,61565,match,eligible
3408,requested_source_year,medsl-v8-group-030,2018,VIRGINIA,VA,51,54.0,40,US SENATE,statewide,gen,False,TIMOTHY M. KAINE,DEMOCRAT,False,total,1910370.0,3351373.0,False,20210114,DEMOCRAT,,medsl:3408,2018-VA-ordinary-general,2018,2018-11-06,gen,total,1910370,3351373,2018-VA-ordinary-general:TIMOTHYMKAINE,D,Same explicitly named candidate as major-party ballot line; Decision 013,https://dataverse.harvard.edu/api/access/datafile/13887039?format=original,true,,1910370,match,eligible
3409,requested_source_year,medsl-v8-group-030,2018,VIRGINIA,VA,51,54.0,40,US SENATE,statewide,gen,False,,,True,total,5125.0,3351373.0,False,20210114,OTHER,missing_candidate_name,medsl:3409,2018-VA-ordinary-general,2018,2018-11-06,gen,total,5125,3351373,2018-VA-ordinary-general:UNNAMEDWRITEINS-3409,other,Unidentified aggregate: valid votes retained without invented candidate identity,https://dataverse.harvard.edu/api/access/datafile/13887039?format=original,true,blank_detailed_party;unidentified_aggregate;side_differs_detailed_party,,not_crosschecked,eligible
3410,requested_source_year,medsl-v8-group-032,2018,WASHINGTON,WA,53,91.0,73,US SENATE,statewide,gen,False,MARIA CANTWELL,DEMOCRAT,False,total,1803364.0,3086168.0,False,20210114,DEMOCRAT,,medsl:3410,2018-WA-ordinary-general,2018,2018-11-06,gen,total,1803364,3086168,2018-WA-ordinary-general:MARIACANTWELL,D,Same explicitly named candidate as major-party ballot line; Decision 013,https://dataverse.harvard.edu/api/access/datafile/13887039?format=original,true,,1803364,match,eligible
3411,requested_source_year,medsl-v8-group-032,2018,WASHINGTON,WA,53,91.0,73,US SENATE,statewide,gen,False,SUSAN HUTCHISON,REPUBLICAN,False,total,1282804.0,3086168.0,False,20210114,REPUBLICAN,,medsl:3411,2018-WA-ordinary-general,2018,2018-11-06,gen,total,1282804,3086168,2018-WA-ordinary-general:SUSANHUTCHISON,R,Same explicitly named candidate as major-party ballot line; Decision 013,https://dataverse.harvard.edu/api/access/datafile/13887039?format=original,true,,1282804,match,eligible
3412,requested_source_year,medsl-v8-group-034,2018,WEST VIRGINIA,WV,54,55.0,56,US SENATE,statewide,gen,False,JOE MANCHIN,DEMOCRAT,False,total,288808.0,582911.0,True,20210114,DEMOCRAT,unofficial_return,medsl:3412,2018-WV-ordinary-general,2018,2018-11-06,gen,total,288808,582911,2018-WV-ordinary-general:JOEMANCHIN,D,Same explicitly named candidate as major-party ballot line; Decision 013,https://dataverse.harvard.edu/api/access/datafile/13887039?format=original,true,unofficial_source_returns,,not_crosschecked,pending
3413,requested_source_year,medsl-v8-group-034,2018,WEST VIRGINIA,WV,54,55.0,56,US SENATE,statewide,gen,False,PATRICK MORRISEY,REPUBLICAN,False,total,269872.0,582911.0,True,20210114,REPUBLICAN,unofficial_return,medsl:3413,2018-WV-ordinary-general,2018,2018-11-06,gen,total,269872,582911,2018-WV-ordinary-general:PATRICKMORRISEY,R,Same explicitly named candidate as major-party ballot line; Decision 013,https://dataverse.harvard.edu/api/access/datafile/13887039?format=original,true,unofficial_source_returns;fec_vote_count_conflict,271113,conflict,pending
3414,requested_source_year,medsl-v8-group-034,2018,WEST VIRGINIA,WV,54,55.0,56,US SENATE,statewide,gen,False,RUSTY HOLLEN,LIBERTARIAN,False,total,24231.0,582911.0,True,20210114,LIBERTARIAN,unofficial_return,medsl:3414,2018-WV-ordinary-general,2018,2018-11-06,gen,total,24231,582911,2018-WV-ordinary-general:RUSTYHOLLEN,other,MEDSL detailed party label,https://dataverse.harvard.edu/api/access/datafile/13887039?format=original,true,unofficial_source_returns;fec_vote_count_conflict,24411,conflict,pending
3415,requested_source_year,medsl-v8-group-033,2018,WISCONSIN,WI,55,35.0,25,US SENATE,statewide,gen,False,LEAH VUKMIR,REPUBLICAN,False,total,1184885.0,2657841.0,False,20210114,REPUBLICAN,,medsl:3415,2018-WI-ordinary-general,2018,2018-11-06,gen,total,1184885,2657841,2018-WI-ordinary-general:LEAHVUKMIR,R,Same explicitly named candidate as major-party ballot line; Decision 013,https://dataverse.harvard.edu/api/access/datafile/13887039?format=original,true,,1184885,match,eligible
3416,requested_source_year,medsl-v8-group-033,2018,WISCONSIN,WI,55,35.0,25,US SENATE,statewide,gen,False,TAMMY BALDWIN,DEMOCRAT,False,total,1472914.0,2657841.0,False,20210114,DEMOCRAT,,medsl:3416,2018-WI-ordinary-general,2018,2018-11-06,gen,total,1472914,2657841,2018-WI-ordinary-general:TAMMYBALDWIN,D,Same explicitly named candidate as major-party ballot line; Decision 013,https://dataverse.harvard.edu/api/access/datafile/13887039?format=original,true,,1472914,match,eligible
3417,requested_source_year,medsl-v8-group-033,2018,WISCONSIN,WI,55,35.0,25,US SENATE,statewide,gen,False,,,True,total,42.0,2657841.0,False,20210114,OTHER,missing_candidate_name,medsl:3417,2018-WI-ordinary-general,2018,2018-11-06,gen,total,42,2657841,2018-WI-ordinary-general:UNNAMEDWRITEINS-3417,other,Unidentified aggregate: valid votes retained without invented candidate identity,https://dataverse.harvard.edu/api/access/datafile/13887039?format=original,true,blank_detailed_party;unidentified_aggregate;side_differs_detailed_party,,not_crosschecked,eligible
3418,requested_source_year,medsl-v8-group-035,2018,WYOMING,WY,56,83.0,68,US SENATE,statewide,gen,False,GARY TRAUNER,DEMOCRAT,False,total,61227.0,203420.0,False,20210114,DEMOCRAT,,medsl:3418,2018-WY-ordinary-general,2018,2018-11-06,gen,total,61227,203420,2018-WY-ordinary-general:GARYTRAUNER,D,Same explicitly named candidate as major-party ballot line; Decision 013,https://dataverse.harvard.edu/api/access/datafile/13887039?format=original,true,,61227,match,eligible
3419,requested_source_year,medsl-v8-group-035,2018,WYOMING,WY,56,83.0,68,US SENATE,statewide,gen,False,JOHN BARRASSO,REPUBLICAN,False,total,136210.0,203420.0,False,20210114,REPUBLICAN,,medsl:3419,2018-WY-ordinary-general,2018,2018-11-06,gen,total,136210,203420,2018-WY-ordinary-general:JOHNBARRASSO,R,Same explicitly named candidate as major-party ballot line; Decision 013,https://dataverse.harvard.edu/api/access/datafile/13887039?format=original,true,,136210,match,eligible
3420,requested_source_year,medsl-v8-group-035,2018,WYOMING,WY,56,83.0,68,US SENATE,statewide,gen,False,JOSEPH PORAMBO,LIBERTARIAN,False,total,5658.0,203420.0,False,20210114,LIBERTARIAN,,medsl:3420,2018-WY-ordinary-general,2018,2018-11-06,gen,total,5658,203420,2018-WY-ordinary-general:JOSEPHPORAMBO,other,MEDSL detailed party label,https://dataverse.harvard.edu/api/access/datafile/13887039?format=original,true,,5658,match,eligible
3421,requested_source_year,medsl-v8-group-035,2018,WYOMING,WY,56,83.0,68,US SENATE,statewide,gen,False,,,True,total,325.0,203420.0,False,20210114,OTHER,missing_candidate_name,medsl:3421,2018-WY-ordinary-general,2018,2018-11-06,gen,total,325,203420,2018-WY-ordinary-general:UNNAMEDWRITEINS-3421,other,Unidentified aggregate: valid votes retained without invented candidate identity,https://dataverse.harvard.edu/api/access/datafile/13887039?format=original,true,blank_detailed_party;unidentified_aggregate;side_differs_detailed_party,,not_crosschecked,eligible
3422,requested_source_year,medsl-v8-group-037,2020,ALABAMA,AL,1,63.0,41,US SENATE,statewide,gen,False,DOUG JONES,DEMOCRAT,False,total,920478.0,2316445.0,False,20210114,DEMOCRAT,,medsl:3422,2020-AL-ordinary-general,2020,2020-11-03,gen,total,920478,2316445,2020-AL-ordinary-general:DOUGJONES,D,Same explicitly named candidate as major-party ballot line; Decision 013,https://dataverse.harvard.edu/api/access/datafile/13887039?format=original,true,,920478,match,eligible
3423,requested_source_year,medsl-v8-group-037,2020,ALABAMA,AL,1,63.0,41,US SENATE,statewide,gen,False,TOMMY TUBERVILLE,REPUBLICAN,False,total,1392076.0,2316445.0,False,20210114,REPUBLICAN,,medsl:3423,2020-AL-ordinary-general,2020,2020-11-03,gen,total,1392076,2316445,2020-AL-ordinary-general:TOMMYTUBERVILLE,R,Same explicitly named candidate as major-party ballot line; Decision 013,https://dataverse.harvard.edu/api/access/datafile/13887039?format=original,true,,1392076,match,eligible
3424,requested_source_year,medsl-v8-group-037,2020,ALABAMA,AL,1,63.0,41,US SENATE,statewide,gen,False,,,True,total,3891.0,2316445.0,False,20210114,OTHER,missing_candidate_name,medsl:3424,2020-AL-ordinary-general,2020,2020-11-03,gen,total,3891,2316445,2020-AL-ordinary-general:UNNAMEDWRITEINS-3424,other,Unidentified aggregate: valid votes retained without invented candidate identity,https://dataverse.harvard.edu/api/access/datafile/13887039?format=original,true,blank_detailed_party;unidentified_aggregate;side_differs_detailed_party,,not_crosschecked,eligible
3425,requested_source_year,medsl-v8-group-036,2020,ALASKA,AK,2,94.0,81,US SENATE,statewide,gen,False,AL GROSS,DEMOCRAT,False,total,146068.0,354587.0,False,20210114,DEMOCRAT,,medsl:3425,2020-AK-ordinary-general,2020,2020-11-03,gen,total,146068,354587,2020-AK-ordinary-general:ALGROSS,D,"Democratic nominee, not a caucusing-incumbent exception; official FEC party N(D)/D and explanatory note",https://www.fec.gov/documents/4228/federalelections2020.xlsx,true,,146068,match,eligible
3426,requested_source_year,medsl-v8-group-036,2020,ALASKA,AK,2,94.0,81,US SENATE,statewide,gen,False,DAN SULLIVAN,REPUBLICAN,False,total,191112.0,354587.0,False,20210114,REPUBLICAN,,medsl:3426,2020-AK-ordinary-general,2020,2020-11-03,gen,total,191112,354587,2020-AK-ordinary-general:DANSULLIVAN,R,Same explicitly named candidate as major-party ballot line; Decision 013,https://dataverse.harvard.edu/api/access/datafile/13887039?format=original,true,,191112,match,eligible
3427,requested_source_year,medsl-v8-group-036,2020,ALASKA,AK,2,94.0,81,US SENATE,statewide,gen,False,JOHN WAYNE HOWE,ALASKAN INDEPENDENCE PARTY,False,total,16806.0,354587.0,False,20210114,OTHER,,medsl:3427,2020-AK-ordinary-general,2020,2020-11-03,gen,total,16806,354587,2020-AK-ordinary-general:JOHNWAYNEHOWE,other,MEDSL detailed party label,https://dataverse.harvard.edu/api/access/datafile/13887039?format=original,true,,16806,match,eligible
3428,requested_source_year,medsl-v8-group-036,2020,ALASKA,AK,2,94.0,81,US SENATE,statewide,gen,False,,,True,total,601.0,354587.0,False,20210114,OTHER,missing_candidate_name,medsl:3428,2020-AK-ordinary-general,2020,2020-11-03,gen,total,601,354587,2020-AK-ordinary-general:UNNAMEDWRITEINS-3428,other,Unidentified aggregate: valid votes retained without invented candidate identity,https://dataverse.harvard.edu/api/access/datafile/13887039?format=original,true,blank_detailed_party;unidentified_aggregate;side_differs_detailed_party,,not_crosschecked,eligible
3429,requested_source_year,medsl-v8-group-039,2020,ARIZONA,AZ,4,86.0,61,US SENATE,statewide,gen,True,ADAM CHILTON,DEMOCRAT,True,total,19.0,3355307.0,False,20210114,DEMOCRAT,,medsl:3429,2020-AZ-special-general,2020,2020-11-03,gen,total,19,3355307,2020-AZ-special-general:ADAMCHILTON,D,Same explicitly named candidate as major-party ballot line; Decision 013,https://dataverse.harvard.edu/api/access/datafile/13887039?format=original,true,,,not_crosschecked,eligible
3430,requested_source_year,medsl-v8-group-039,2020,ARIZONA,AZ,4,86.0,61,US SENATE,statewide,gen,True,BENJAMIN RODRIGUEZ,INDEPENDENT,True,total,17.0,3355307.0,False,20210114,OTHER,,medsl:3430,2020-AZ-special-general,2020,2020-11-03,gen,total,17,3355307,2020-AZ-special-general:BENJAMINRODRIGUEZ,other,MEDSL detailed party label,https://dataverse.harvard.edu/api/access/datafile/13887039?format=original,true,,,not_crosschecked,eligible
3431,requested_source_year,medsl-v8-group-039,2020,ARIZONA,AZ,4,86.0,61,US SENATE,statewide,gen,True,BUZZ STEWART,DEMOCRAT,True,total,22.0,3355307.0,False,20210114,DEMOCRAT,,medsl:3431,2020-AZ-special-general,2020,2020-11-03,gen,total,22,3355307,2020-AZ-special-general:BUZZSTEWART,D,Same explicitly named candidate as major-party ballot line; Decision 013,https://dataverse.harvard.edu/api/access/datafile/13887039?format=original,true,,,not_crosschecked,eligible
3432,requested_source_year,medsl-v8-group-039,2020,ARIZONA,AZ,4,86.0,61,US SENATE,statewide,gen,True,CHRISTOPHER BECKETT,INDEPENDENT,True,total,59.0,3355307.0,False,20210114,OTHER,,medsl:3432,2020-AZ-special-general,2020,2020-11-03,gen,total,59,3355307,2020-AZ-special-general:CHRISTOPHERBECKETT,other,MEDSL detailed party label,https://dataverse.harvard.edu/api/access/datafile/13887039?format=original,true,,,not_crosschecked,eligible
3433,requested_source_year,medsl-v8-group-039,2020,ARIZONA,AZ,4,86.0,61,US SENATE,statewide,gen,True,DEBBIE SIMMONS,REPUBLICAN,True,total,98.0,3355307.0,False,20210114,REPUBLICAN,,medsl:3433,2020-AZ-special-general,2020,2020-11-03,gen,total,98,3355307,2020-AZ-special-general:DEBBIESIMMONS,R,Same explicitly named candidate as major-party ballot line; Decision 013,https://dataverse.harvard.edu/api/access/datafile/13887039?format=original,true,,,not_crosschecked,eligible
3434,requested_source_year,medsl-v8-group-039,2020,ARIZONA,AZ,4,86.0,61,US SENATE,statewide,gen,True,EDWARD DAVIDA,REPUBLICAN,True,total,28.0,3355307.0,False,20210114,REPUBLICAN,,medsl:3434,2020-AZ-special-general,2020,2020-11-03,gen,total,28,3355307,2020-AZ-special-general:EDWARDDAVIDA,R,Same explicitly named candidate as major-party ballot line; Decision 013,https://dataverse.harvard.edu/api/access/datafile/13887039?format=original,true,,,not_crosschecked,eligible
3435,requested_source_year,medsl-v8-group-039,2020,ARIZONA,AZ,4,86.0,61,US SENATE,statewide,gen,True,FRANK SEENZ,INDEPENDENT,True,total,8.0,3355307.0,False,20210114,OTHER,,medsl:3435,2020-AZ-special-general,2020,2020-11-03,gen,total,8,3355307,2020-AZ-special-general:FRANKSEENZ,other,MEDSL detailed party label,https://dataverse.harvard.edu/api/access/datafile/13887039?format=original,true,,,not_crosschecked,eligible
3436,requested_source_year,medsl-v8-group-039,2020,ARIZONA,AZ,4,86.0,61,US SENATE,statewide,gen,True,JIM STEVENS,NON-AFFILIATED,True,total,23.0,3355307.0,False,20210114,OTHER,,medsl:3436,2020-AZ-special-general,2020,2020-11-03,gen,total,23,3355307,2020-AZ-special-general:JIMSTEVENS,other,MEDSL detailed party label,https://dataverse.harvard.edu/api/access/datafile/13887039?format=original,true,,,not_crosschecked,eligible
3437,requested_source_year,medsl-v8-group-039,2020,ARIZONA,AZ,4,86.0,61,US SENATE,statewide,gen,True,JOHN SCHIESS,REPUBLICAN,True,total,92.0,3355307.0,False,20210114,REPUBLICAN,,medsl:3437,2020-AZ-special-general,2020,2020-11-03,gen,total,92,3355307,2020-AZ-special-general:JOHNSCHIESS,R,Same explicitly named candidate as major-party ballot line; Decision 013,https://dataverse.harvard.edu/api/access/datafile/13887039?format=original,true,,,not_crosschecked,eligible
3438,requested_source_year,medsl-v8-group-039,2020,ARIZONA,AZ,4,86.0,61,US SENATE,statewide,gen,True,JOSHUA RODRIGUEZ,UNITY PARTY,True,total,69.0,3355307.0,False,20210114,OTHER,,medsl:3438,2020-AZ-special-general,2020,2020-11-03,gen,total,69,3355307,2020-AZ-special-general:JOSHUARODRIGUEZ,other,MEDSL detailed party label,https://dataverse.harvard.edu/api/access/datafile/13887039?format=original,true,,,not_crosschecked,eligible
3439,requested_source_year,medsl-v8-group-039,2020,ARIZONA,AZ,4,86.0,61,US SENATE,statewide,gen,True,MARK KELLY,DEMOCRAT,False,total,1716467.0,3355307.0,False,20210114,DEMOCRAT,,medsl:3439,2020-AZ-special-general,2020,2020-11-03,gen,total,1716467,3355307,2020-AZ-special-general:MARKKELLY,D,Same explicitly named candidate as major-party ballot line; Decision 013,https://dataverse.harvard.edu/api/access/datafile/13887039?format=original,true,,,not_crosschecked,eligible
3440,requested_source_year,medsl-v8-group-039,2020,ARIZONA,AZ,4,86.0,61,US SENATE,statewide,gen,True,MARTHA MCSALLY,REPUBLICAN,False,total,1637661.0,3355307.0,False,20210114,REPUBLICAN,,medsl:3440,2020-AZ-special-general,2020,2020-11-03,gen,total,1637661,3355307,2020-AZ-special-general:MARTHAMCSALLY,R,Same explicitly named candidate as major-party ballot line; Decision 013,https://dataverse.harvard.edu/api/access/datafile/13887039?format=original,true,,,not_crosschecked,eligible
3441,requested_source_year,medsl-v8-group-039,2020,ARIZONA,AZ,4,86.0,61,US SENATE,statewide,gen,True,"MATTHEW ""DOC"" DORCHESTER",LIBERTARIAN,True,total,379.0,3355307.0,False,20210114,LIBERTARIAN,,medsl:3441,2020-AZ-special-general,2020,2020-11-03,gen,total,379,3355307,2020-AZ-special-general:MATTHEWDOCDORCHESTER,other,MEDSL detailed party label,https://dataverse.harvard.edu/api/access/datafile/13887039?format=original,true,,,not_crosschecked,eligible
3442,requested_source_year,medsl-v8-group-039,2020,ARIZONA,AZ,4,86.0,61,US SENATE,statewide,gen,True,MATTHEW HAUPT,INDEPENDENT,True,total,37.0,3355307.0,False,20210114,OTHER,,medsl:3442,2020-AZ-special-general,2020,2020-11-03,gen,total,37,3355307,2020-AZ-special-general:MATTHEWHAUPT,other,MEDSL detailed party label,https://dataverse.harvard.edu/api/access/datafile/13887039?format=original,true,,,not_crosschecked,eligible
3443,requested_source_year,medsl-v8-group-039,2020,ARIZONA,AZ,4,86.0,61,US SENATE,statewide,gen,True,"MOHAMMAD ""MIKE OBAMA"" ARIF",DEMOCRAT,True,total,68.0,3355307.0,False,20210114,DEMOCRAT,,medsl:3443,2020-AZ-special-general,2020,2020-11-03,gen,total,68,3355307,2020-AZ-special-general:MOHAMMADMIKEOBAMAARIF,D,Same explicitly named candidate as major-party ballot line; Decision 013,https://dataverse.harvard.edu/api/access/datafile/13887039?format=original,true,,,not_crosschecked,eligible
3444,requested_source_year,medsl-v8-group-039,2020,ARIZONA,AZ,4,86.0,61,US SENATE,statewide,gen,True,NICHOLAS N. GLENN,INDEPENDENT REPUBLICAN PARTY,True,total,152.0,3355307.0,False,20210114,OTHER,,medsl:3444,2020-AZ-special-general,2020,2020-11-03,gen,total,152,3355307,2020-AZ-special-general:NICHOLASNGLENN,other,MEDSL detailed party label,https://dataverse.harvard.edu/api/access/datafile/13887039?format=original,true,,,not_crosschecked,eligible
3445,requested_source_year,medsl-v8-group-039,2020,ARIZONA,AZ,4,86.0,61,US SENATE,statewide,gen,True,"PATRICK ""PAT"" THOMAS",REPUBLICAN,True,total,29.0,3355307.0,False,20210114,REPUBLICAN,,medsl:3445,2020-AZ-special-general,2020,2020-11-03,gen,total,29,3355307,2020-AZ-special-general:PATRICKPATTHOMAS,R,Same explicitly named candidate as major-party ballot line; Decision 013,https://dataverse.harvard.edu/api/access/datafile/13887039?format=original,true,,,not_crosschecked,eligible
3446,requested_source_year,medsl-v8-group-039,2020,ARIZONA,AZ,4,86.0,61,US SENATE,statewide,gen,True,PERRY KAPADIA,DEMOCRAT,True,total,58.0,3355307.0,False,20210114,DEMOCRAT,,medsl:3446,2020-AZ-special-general,2020,2020-11-03,gen,total,58,3355307,2020-AZ-special-general:PERRYKAPADIA,D,Same explicitly named candidate as major-party ballot line; Decision 013,https://dataverse.harvard.edu/api/access/datafile/13887039?format=original,true,,,not_crosschecked,eligible
3447,requested_source_year,medsl-v8-group-039,2020,ARIZONA,AZ,4,86.0,61,US SENATE,statewide,gen,True,"WILLIAM ""WILL"" DECKER",INDEPENDENT,True,total,21.0,3355307.0,False,20210114,OTHER,,medsl:3447,2020-AZ-special-general,2020,2020-11-03,gen,total,21,3355307,2020-AZ-special-general:WILLIAMWILLDECKER,other,MEDSL detailed party label,https://dataverse.harvard.edu/api/access/datafile/13887039?format=original,true,,,not_crosschecked,eligible
3448,requested_source_year,medsl-v8-group-038,2020,ARKANSAS,AR,5,71.0,42,US SENATE,statewide,gen,False,RICKY DALE HARRINGTON JR.,LIBERTARIAN,False,total,399390.0,1193261.0,False,20210114,LIBERTARIAN,,medsl:3448,2020-AR-ordinary-general,2020,2020-11-03,gen,total,399390,1193261,2020-AR-ordinary-general:RICKYDALEHARRINGTONJR,other,MEDSL detailed party label,https://dataverse.harvard.edu/api/access/datafile/13887039?format=original,true,,,not_crosschecked,excluded
3449,requested_source_year,medsl-v8-group-038,2020,ARKANSAS,AR,5,71.0,42,US SENATE,statewide,gen,False,TOM COTTON,REPUBLICAN,False,total,793871.0,1193261.0,False,20210114,REPUBLICAN,,medsl:3449,2020-AR-ordinary-general,2020,2020-11-03,gen,total,793871,1193261,2020-AR-ordinary-general:TOMCOTTON,R,Same explicitly named candidate as major-party ballot line; Decision 013,https://dataverse.harvard.edu/api/access/datafile/13887039?format=original,true,,793871,match,excluded
3450,requested_source_year,medsl-v8-group-040,2020,COLORADO,CO,8,84.0,62,US SENATE,statewide,gen,False,BRUCE LOHMILLER,GREEN,False,total,71.0,3235790.0,False,20210114,OTHER,,medsl:3450,2020-CO-ordinary-general,2020,2020-11-03,gen,total,71,3235790,2020-CO-ordinary-general:BRUCELOHMILLER,other,MEDSL detailed party label,https://dataverse.harvard.edu/api/access/datafile/13887039?format=original,true,,71,match,eligible
3451,requested_source_year,medsl-v8-group-040,2020,COLORADO,CO,8,84.0,62,US SENATE,statewide,gen,False,CORY GARDNER,REPUBLICAN,False,total,1429492.0,3235790.0,False,20210114,REPUBLICAN,,medsl:3451,2020-CO-ordinary-general,2020,2020-11-03,gen,total,1429492,3235790,2020-CO-ordinary-general:CORYGARDNER,R,Same explicitly named candidate as major-party ballot line; Decision 013,https://dataverse.harvard.edu/api/access/datafile/13887039?format=original,true,,1429492,match,eligible
3452,requested_source_year,medsl-v8-group-040,2020,COLORADO,CO,8,84.0,62,US SENATE,statewide,gen,False,DANIEL DOYLE,APPROVAL VOTING PARTY,False,total,9820.0,3235790.0,False,20210114,OTHER,,medsl:3452,2020-CO-ordinary-general,2020,2020-11-03,gen,total,9820,3235790,2020-CO-ordinary-general:DANIELDOYLE,other,MEDSL detailed party label,https://dataverse.harvard.edu/api/access/datafile/13887039?format=original,true,,9820,match,eligible
3453,requested_source_year,medsl-v8-group-040,2020,COLORADO,CO,8,84.0,62,US SENATE,statewide,gen,False,DANNY SKELLY,UNAFFILIATED,False,total,55.0,3235790.0,False,20210114,OTHER,,medsl:3453,2020-CO-ordinary-general,2020,2020-11-03,gen,total,55,3235790,2020-CO-ordinary-general:DANNYSKELLY,other,MEDSL detailed party label,https://dataverse.harvard.edu/api/access/datafile/13887039?format=original,true,,55,match,eligible
3454,requested_source_year,medsl-v8-group-040,2020,COLORADO,CO,8,84.0,62,US SENATE,statewide,gen,False,JOHN W. HICKENLOOPER,DEMOCRAT,False,total,1731114.0,3235790.0,False,20210114,DEMOCRAT,,medsl:3454,2020-CO-ordinary-general,2020,2020-11-03,gen,total,1731114,3235790,2020-CO-ordinary-general:JOHNWHICKENLOOPER,D,Same explicitly named candidate as major-party ballot line; Decision 013,https://dataverse.harvard.edu/api/access/datafile/13887039?format=original,true,,1731114,match,eligible
3455,requested_source_year,medsl-v8-group-040,2020,COLORADO,CO,8,84.0,62,US SENATE,statewide,gen,False,MICHAEL SANCHEZ,UNAFFILIATED,False,total,5.0,3235790.0,False,20210114,OTHER,,medsl:3455,2020-CO-ordinary-general,2020,2020-11-03,gen,total,5,3235790,2020-CO-ordinary-general:MICHAELSANCHEZ,other,MEDSL detailed party label,https://dataverse.harvard.edu/api/access/datafile/13887039?format=original,true,,5,match,eligible
3456,requested_source_year,medsl-v8-group-040,2020,COLORADO,CO,8,84.0,62,US SENATE,statewide,gen,False,RAYMON ANTHONY DOANE,LIBERTARIAN,False,total,56262.0,3235790.0,False,20210114,LIBERTARIAN,,medsl:3456,2020-CO-ordinary-general,2020,2020-11-03,gen,total,56262,3235790,2020-CO-ordinary-general:RAYMONANTHONYDOANE,other,MEDSL detailed party label,https://dataverse.harvard.edu/api/access/datafile/13887039?format=original,true,,56262,match,eligible
3457,requested_source_year,medsl-v8-group-040,2020,COLORADO,CO,8,84.0,62,US SENATE,statewide,gen,False,"STEPHAN ""SEKU"" EVANS",UNITY PARTY,False,total,8971.0,3235790.0,False,20210114,OTHER,,medsl:3457,2020-CO-ordinary-general,2020,2020-11-03,gen,total,8971,3235790,2020-CO-ordinary-general:STEPHANSEKUEVANS,other,MEDSL detailed party label,https://dataverse.harvard.edu/api/access/datafile/13887039?format=original,true,,,not_crosschecked,eligible
3458,requested_source_year,medsl-v8-group-041,2020,DELAWARE,DE,10,51.0,11,US SENATE,statewide,gen,False,CHRISTOPHER A. COONS,DEMOCRAT,False,total,291804.0,490935.0,False,20210114,DEMOCRAT,,medsl:3458,2020-DE-ordinary-general,2020,2020-11-03,gen,total,291804,490935,2020-DE-ordinary-general:CHRISTOPHERACOONS,D,Same explicitly named candidate as major-party ballot line; Decision 013,https://dataverse.harvard.edu/api/access/datafile/13887039?format=original,true,,291804,match,eligible
3459,requested_source_year,medsl-v8-group-041,2020,DELAWARE,DE,10,51.0,11,US SENATE,statewide,gen,False,LAUREN WITZKE,REPUBLICAN,False,total,186054.0,490935.0,False,20210114,REPUBLICAN,,medsl:3459,2020-DE-ordinary-general,2020,2020-11-03,gen,total,186054,490935,2020-DE-ordinary-general:LAURENWITZKE,R,Same explicitly named candidate as major-party ballot line; Decision 013,https://dataverse.harvard.edu/api/access/datafile/13887039?format=original,true,,186054,match,eligible
3460,requested_source_year,medsl-v8-group-041,2020,DELAWARE,DE,10,51.0,11,US SENATE,statewide,gen,False,MARK W. TURLEY,INDEPENDENT PARTY OF DELAWARE,False,total,7833.0,490935.0,False,20210114,OTHER,,medsl:3460,2020-DE-ordinary-general,2020,2020-11-03,gen,total,7833,490935,2020-DE-ordinary-general:MARKWTURLEY,other,MEDSL detailed party label,https://dataverse.harvard.edu/api/access/datafile/13887039?format=original,true,,7833,match,eligible
3461,requested_source_year,medsl-v8-group-041,2020,DELAWARE,DE,10,51.0,11,US SENATE,statewide,gen,False,NADINE M. FROST,LIBERTARIAN,False,total,5244.0,490935.0,False,20210114,LIBERTARIAN,,medsl:3461,2020-DE-ordinary-general,2020,2020-11-03,gen,total,5244,490935,2020-DE-ordinary-general:NADINEMFROST,other,MEDSL detailed party label,https://dataverse.harvard.edu/api/access/datafile/13887039?format=original,true,,5244,match,eligible
3462,requested_source_year,medsl-v8-group-042,2020,GEORGIA,GA,13,58.0,44,US SENATE,statewide,gen,False,DAVID A. PERDUE,REPUBLICAN,False,total,2462617.0,4952175.0,False,20210114,REPUBLICAN,,medsl:3462,2020-GA-ordinary-general,2020,2020-11-03,gen,total,2462617,4952175,2020-GA-ordinary-general:DAVIDAPERDUE,R,Same explicitly named candidate as major-party ballot line; Decision 013,https://dataverse.harvard.edu/api/access/datafile/13887039?format=original,true,,2462617,match,eligible
3463,requested_source_year,medsl-v8-group-042,2020,GEORGIA,GA,13,58.0,44,US SENATE,statewide,gen,False,JON OSSOFF,DEMOCRAT,False,total,2374519.0,4952175.0,False,20210114,DEMOCRAT,,medsl:3463,2020-GA-ordinary-general,2020,2020-11-03,gen,total,2374519,4952175,2020-GA-ordinary-general:JONOSSOFF,D,Same explicitly named candidate as major-party ballot line; Decision 013,https://dataverse.harvard.edu/api/access/datafile/13887039?format=original,true,,2374519,match,eligible
3464,requested_source_year,medsl-v8-group-042,2020,GEORGIA,GA,13,58.0,44,US SENATE,statewide,gen,False,SHANE HAZEL,LIBERTARIAN,False,total,115039.0,4952175.0,False,20210114,LIBERTARIAN,,medsl:3464,2020-GA-ordinary-general,2020,2020-11-03,gen,total,115039,4952175,2020-GA-ordinary-general:SHANEHAZEL,other,MEDSL detailed party label,https://dataverse.harvard.edu/api/access/datafile/13887039?format=original,true,,115039,match,eligible
3465,requested_source_year,medsl-v8-group-043,2020,GEORGIA,GA,13,58.0,44,US SENATE,statewide,gen,True,A. WAYNE JOHNSON,REPUBLICAN,False,total,36176.0,4914361.0,False,20210114,REPUBLICAN,,medsl:3465,2020-GA-special-first,2020,2020-11-03,gen,total,36176,4914361,2020-GA-special-first:AWAYNEJOHNSON,R,Same explicitly named candidate as major-party ballot line; Decision 013,https://dataverse.harvard.edu/api/access/datafile/13887039?format=original,true,,36176,match,eligible
3466,requested_source_year,medsl-v8-group-043,2020,GEORGIA,GA,13,58.0,44,US SENATE,statewide,gen,True,AL BARTELL,INDEPENDENT,False,total,14640.0,4914361.0,False,20210114,OTHER,,medsl:3466,2020-GA-special-first,2020,2020-11-03,gen,total,14640,4914361,2020-GA-special-first:ALBARTELL,other,MEDSL detailed party label,https://dataverse.harvard.edu/api/access/datafile/13887039?format=original,true,,14640,match,eligible
3467,requested_source_year,medsl-v8-group-043,2020,GEORGIA,GA,13,58.0,44,US SENATE,statewide,gen,True,ALLEN BUCKLEY,INDEPENDENT,False,total,17954.0,4914361.0,False,20210114,OTHER,,medsl:3467,2020-GA-special-first,2020,2020-11-03,gen,total,17954,4914361,2020-GA-special-first:ALLENBUCKLEY,other,MEDSL detailed party label,https://dataverse.harvard.edu/api/access/datafile/13887039?format=original,true,,17954,match,eligible
3468,requested_source_year,medsl-v8-group-043,2020,GEORGIA,GA,13,58.0,44,US SENATE,statewide,gen,True,ANNETTE DAVIS JACKSON,REPUBLICAN,False,total,44335.0,4914361.0,False,20210114,REPUBLICAN,,medsl:3468,2020-GA-special-first,2020,2020-11-03,gen,total,44335,4914361,2020-GA-special-first:ANNETTEDAVISJACKSON,R,Same explicitly named candidate as major-party ballot line; Decision 013,https://dataverse.harvard.edu/api/access/datafile/13887039?format=original,true,,44335,match,eligible
3469,requested_source_year,medsl-v8-group-043,2020,GEORGIA,GA,13,58.0,44,US SENATE,statewide,gen,True,BRIAN SLOWINSKI,LIBERTARIAN,False,total,35431.0,4914361.0,False,20210114,LIBERTARIAN,,medsl:3469,2020-GA-special-first,2020,2020-11-03,gen,total,35431,4914361,2020-GA-special-first:BRIANSLOWINSKI,other,MEDSL detailed party label,https://dataverse.harvard.edu/api/access/datafile/13887039?format=original,true,,35431,match,eligible
3470,requested_source_year,medsl-v8-group-043,2020,GEORGIA,GA,13,58.0,44,US SENATE,statewide,gen,True,DEBORAH JACKSON,DEMOCRAT,False,total,324118.0,4914361.0,False,20210114,DEMOCRAT,,medsl:3470,2020-GA-special-first,2020,2020-11-03,gen,total,324118,4914361,2020-GA-special-first:DEBORAHJACKSON,D,Same explicitly named candidate as major-party ballot line; Decision 013,https://dataverse.harvard.edu/api/access/datafile/13887039?format=original,true,,324118,match,eligible
3471,requested_source_year,medsl-v8-group-043,2020,GEORGIA,GA,13,58.0,44,US SENATE,statewide,gen,True,DERRICK E. GRAYSON,REPUBLICAN,False,total,51592.0,4914361.0,False,20210114,REPUBLICAN,,medsl:3471,2020-GA-special-first,2020,2020-11-03,gen,total,51592,4914361,2020-GA-special-first:DERRICKEGRAYSON,R,Same explicitly named candidate as major-party ballot line; Decision 013,https://dataverse.harvard.edu/api/access/datafile/13887039?format=original,true,,51592,match,eligible
3472,requested_source_year,medsl-v8-group-043,2020,GEORGIA,GA,13,58.0,44,US SENATE,statewide,gen,True,DOUG COLLINS,REPUBLICAN,False,total,980454.0,4914361.0,False,20210114,REPUBLICAN,,medsl:3472,2020-GA-special-first,2020,2020-11-03,gen,total,980454,4914361,2020-GA-special-first:DOUGCOLLINS,R,Same explicitly named candidate as major-party ballot line; Decision 013,https://dataverse.harvard.edu/api/access/datafile/13887039?format=original,true,,980454,match,eligible
3473,requested_source_year,medsl-v8-group-043,2020,GEORGIA,GA,13,58.0,44,US SENATE,statewide,gen,True,ED TARVER,DEMOCRAT,False,total,26333.0,4914361.0,False,20210114,DEMOCRAT,,medsl:3473,2020-GA-special-first,2020,2020-11-03,gen,total,26333,4914361,2020-GA-special-first:EDTARVER,D,Same explicitly named candidate as major-party ballot line; Decision 013,https://dataverse.harvard.edu/api/access/datafile/13887039?format=original,true,,26333,match,eligible
3474,requested_source_year,medsl-v8-group-043,2020,GEORGIA,GA,13,58.0,44,US SENATE,statewide,gen,True,JAMESIA JAMES,DEMOCRAT,False,total,94406.0,4914361.0,False,20210114,DEMOCRAT,,medsl:3474,2020-GA-special-first,2020,2020-11-03,gen,total,94406,4914361,2020-GA-special-first:JAMESIAJAMES,D,Same explicitly named candidate as major-party ballot line; Decision 013,https://dataverse.harvard.edu/api/access/datafile/13887039?format=original,true,,94406,match,eligible
3475,requested_source_year,medsl-v8-group-043,2020,GEORGIA,GA,13,58.0,44,US SENATE,statewide,gen,True,JOHN FORTUIN,GREEN,False,total,15293.0,4914361.0,False,20210114,OTHER,,medsl:3475,2020-GA-special-first,2020,2020-11-03,gen,total,15293,4914361,2020-GA-special-first:JOHNFORTUIN,other,MEDSL detailed party label,https://dataverse.harvard.edu/api/access/datafile/13887039?format=original,true,,,not_crosschecked,eligible
3476,requested_source_year,medsl-v8-group-043,2020,GEORGIA,GA,13,58.0,44,US SENATE,statewide,gen,True,JOY FELICIA SLADE,DEMOCRAT,False,total,44945.0,4914361.0,False,20210114,DEMOCRAT,,medsl:3476,2020-GA-special-first,2020,2020-11-03,gen,total,44945,4914361,2020-GA-special-first:JOYFELICIASLADE,D,Same explicitly named candidate as major-party ballot line; Decision 013,https://dataverse.harvard.edu/api/access/datafile/13887039?format=original,true,,44945,match,eligible
3477,requested_source_year,medsl-v8-group-043,2020,GEORGIA,GA,13,58.0,44,US SENATE,statewide,gen,True,KANDISS TAYLOR,REPUBLICAN,False,total,40349.0,4914361.0,False,20210114,REPUBLICAN,,medsl:3477,2020-GA-special-first,2020,2020-11-03,gen,total,40349,4914361,2020-GA-special-first:KANDISSTAYLOR,R,Same explicitly named candidate as major-party ballot line; Decision 013,https://dataverse.harvard.edu/api/access/datafile/13887039?format=original,true,,40349,match,eligible
3478,requested_source_year,medsl-v8-group-043,2020,GEORGIA,GA,13,58.0,44,US SENATE,statewide,gen,True,KELLY LOEFFLER,REPUBLICAN,False,total,1273214.0,4914361.0,False,20210114,REPUBLICAN,,medsl:3478,2020-GA-special-first,2020,2020-11-03,gen,total,1273214,4914361,2020-GA-special-first:KELLYLOEFFLER,R,Same explicitly named candidate as major-party ballot line; Decision 013,https://dataverse.harvard.edu/api/access/datafile/13887039?format=original,true,,1273214,match,eligible
3479,requested_source_year,medsl-v8-group-043,2020,GEORGIA,GA,13,58.0,44,US SENATE,statewide,gen,True,MATT LIEBERMAN,DEMOCRAT,False,total,136021.0,4914361.0,False,20210114,DEMOCRAT,,medsl:3479,2020-GA-special-first,2020,2020-11-03,gen,total,136021,4914361,2020-GA-special-first:MATTLIEBERMAN,D,Same explicitly named candidate as major-party ballot line; Decision 013,https://dataverse.harvard.edu/api/access/datafile/13887039?format=original,true,,136021,match,eligible
3480,requested_source_year,medsl-v8-group-043,2020,GEORGIA,GA,13,58.0,44,US SENATE,statewide,gen,True,MICHAEL TODD GREENE,INDEPENDENT,False,total,13293.0,4914361.0,False,20210114,OTHER,,medsl:3480,2020-GA-special-first,2020,2020-11-03,gen,total,13293,4914361,2020-GA-special-first:MICHAELTODDGREENE,other,MEDSL detailed party label,https://dataverse.harvard.edu/api/access/datafile/13887039?format=original,true,,13293,match,eligible
3481,requested_source_year,medsl-v8-group-043,2020,GEORGIA,GA,13,58.0,44,US SENATE,statewide,gen,True,RAPHAEL WARNOCK,DEMOCRAT,False,total,1617035.0,4914361.0,False,20210114,DEMOCRAT,,medsl:3481,2020-GA-special-first,2020,2020-11-03,gen,total,1617035,4914361,2020-GA-special-first:RAPHAELWARNOCK,D,Same explicitly named candidate as major-party ballot line; Decision 013,https://dataverse.harvard.edu/api/access/datafile/13887039?format=original,true,,1617035,match,eligible
3482,requested_source_year,medsl-v8-group-043,2020,GEORGIA,GA,13,58.0,44,US SENATE,statewide,gen,True,RICHARD DIEN WINFIELD,DEMOCRAT,False,total,28687.0,4914361.0,False,20210114,DEMOCRAT,,medsl:3482,2020-GA-special-first,2020,2020-11-03,gen,total,28687,4914361,2020-GA-special-first:RICHARDDIENWINFIELD,D,Same explicitly named candidate as major-party ballot line; Decision 013,https://dataverse.harvard.edu/api/access/datafile/13887039?format=original,true,,28687,match,eligible
3483,requested_source_year,medsl-v8-group-043,2020,GEORGIA,GA,13,58.0,44,US SENATE,statewide,gen,True,TAMARA JOHNSON-SHEALEY,DEMOCRAT,False,total,106767.0,4914361.0,False,20210114,DEMOCRAT,,medsl:3483,2020-GA-special-first,2020,2020-11-03,gen,total,106767,4914361,2020-GA-special-first:TAMARAJOHNSONSHEALEY,D,Same explicitly named candidate as major-party ballot line; Decision 013,https://dataverse.harvard.edu/api/access/datafile/13887039?format=original,true,,106767,match,eligible
3484,requested_source_year,medsl-v8-group-043,2020,GEORGIA,GA,13,58.0,44,US SENATE,statewide,gen,True,VALENCIA STOVALL,INDEPENDENT,False,total,13318.0,4914361.0,False,20210114,OTHER,,medsl:3484,2020-GA-special-first,2020,2020-11-03,gen,total,13318,4914361,2020-GA-special-first:VALENCIASTOVALL,other,MEDSL detailed party label,https://dataverse.harvard.edu/api/access/datafile/13887039?format=original,true,,13318,match,eligible
3485,requested_source_year,medsl-v8-group-045,2020,IDAHO,ID,16,82.0,63,US SENATE,statewide,gen,False,JIM RISCH,REPUBLICAN,False,total,538446.0,859827.0,False,20210114,REPUBLICAN,,medsl:3485,2020-ID-ordinary-general,2020,2020-11-03,gen,total,538446,859827,2020-ID-ordinary-general:JIMRISCH,R,Same explicitly named candidate as major-party ballot line; Decision 013,https://dataverse.harvard.edu/api/access/datafile/13887039?format=original,true,,538446,match,eligible
3486,requested_source_year,medsl-v8-group-045,2020,IDAHO,ID,16,82.0,63,US SENATE,statewide,gen,False,NATALIE M FLEMING,INDEPENDENT,False,total,25329.0,859827.0,False,20210114,OTHER,,medsl:3486,2020-ID-ordinary-general,2020,2020-11-03,gen,total,25329,859827,2020-ID-ordinary-general:NATALIEMFLEMING,other,MEDSL detailed party label,https://dataverse.harvard.edu/api/access/datafile/13887039?format=original,true,,25329,match,eligible
3487,requested_source_year,medsl-v8-group-045,2020,IDAHO,ID,16,82.0,63,US SENATE,statewide,gen,False,PAULETTE JORDAN,DEMOCRAT,False,total,285864.0,859827.0,False,20210114,DEMOCRAT,,medsl:3487,2020-ID-ordinary-general,2020,2020-11-03,gen,total,285864,859827,2020-ID-ordinary-general:PAULETTEJORDAN,D,Same explicitly named candidate as major-party ballot line; Decision 013,https://dataverse.harvard.edu/api/access/datafile/13887039?format=original,true,,285864,match,eligible
3488,requested_source_year,medsl-v8-group-045,2020,IDAHO,ID,16,82.0,63,US SENATE,statewide,gen,False,RAY J. WRITZ,CONSTITUTION PARTY,False,total,10188.0,859827.0,False,20210114,OTHER,,medsl:3488,2020-ID-ordinary-general,2020,2020-11-03,gen,total,10188,859827,2020-ID-ordinary-general:RAYJWRITZ,other,MEDSL detailed party label,https://dataverse.harvard.edu/api/access/datafile/13887039?format=original,true,,10188,match,eligible
3489,requested_source_year,medsl-v8-group-046,2020,ILLINOIS,IL,17,33.0,21,US SENATE,statewide,gen,False,ALBERT A. SCHAAL,,True,total,2.0,5968901.0,False,20210114,OTHER,,medsl:3489,2020-IL-ordinary-general,2020,2020-11-03,gen,total,2,5968901,2020-IL-ordinary-general:ALBERTASCHAAL,unknown,MEDSL detailed party label,https://dataverse.harvard.edu/api/access/datafile/13887039?format=original,true,blank_detailed_party;side_differs_simplified_party,2,match,pending
3490,requested_source_year,medsl-v8-group-046,2020,ILLINOIS,IL,17,33.0,21,US SENATE,statewide,gen,False,DANNY MALOUF ,LIBERTARIAN,False,total,75673.0,5968901.0,False,20210114,LIBERTARIAN,candidate_whitespace,medsl:3490,2020-IL-ordinary-general,2020,2020-11-03,gen,total,75673,5968901,2020-IL-ordinary-general:DANNYMALOUF,other,MEDSL detailed party label,https://dataverse.harvard.edu/api/access/datafile/13887039?format=original,true,,75673,match,pending
3491,requested_source_year,medsl-v8-group-046,2020,ILLINOIS,IL,17,33.0,21,US SENATE,statewide,gen,False,DAVID F. BLACK,GREEN,False,total,56711.0,5968901.0,False,20210114,OTHER,,medsl:3491,2020-IL-ordinary-general,2020,2020-11-03,gen,total,56711,5968901,2020-IL-ordinary-general:DAVIDFBLACK,other,MEDSL detailed party label,https://dataverse.harvard.edu/api/access/datafile/13887039?format=original,true,,56711,match,pending
3492,requested_source_year,medsl-v8-group-046,2020,ILLINOIS,IL,17,33.0,21,US SENATE,statewide,gen,False,KEVIN KEELY,,True,total,10.0,5968901.0,False,20210114,OTHER,,medsl:3492,2020-IL-ordinary-general,2020,2020-11-03,gen,total,10,5968901,2020-IL-ordinary-general:KEVINKEELY,unknown,MEDSL detailed party label,https://dataverse.harvard.edu/api/access/datafile/13887039?format=original,true,blank_detailed_party;side_differs_simplified_party,10,match,pending
3493,requested_source_year,medsl-v8-group-046,2020,ILLINOIS,IL,17,33.0,21,US SENATE,statewide,gen,False,LOWELL MARTIN SEIDA,,True,total,6.0,5968901.0,False,20210114,OTHER,,medsl:3493,2020-IL-ordinary-general,2020,2020-11-03,gen,total,6,5968901,2020-IL-ordinary-general:LOWELLMARTINSEIDA,unknown,MEDSL detailed party label,https://dataverse.harvard.edu/api/access/datafile/13887039?format=original,true,blank_detailed_party;side_differs_simplified_party,6,match,pending
3494,requested_source_year,medsl-v8-group-046,2020,ILLINOIS,IL,17,33.0,21,US SENATE,statewide,gen,False,MARK C. CURRAN JR.,REPUBLICAN,False,total,2319870.0,5968901.0,False,20210114,REPUBLICAN,,medsl:3494,2020-IL-ordinary-general,2020,2020-11-03,gen,total,2319870,5968901,2020-IL-ordinary-general:MARKCCURRANJR,R,Same explicitly named candidate as major-party ballot line; Decision 013,https://dataverse.harvard.edu/api/access/datafile/13887039?format=original,true,,,not_crosschecked,pending
3495,requested_source_year,medsl-v8-group-046,2020,ILLINOIS,IL,17,33.0,21,US SENATE,statewide,gen,False,RICHARD J. DURBIN,DEMOCRAT,False,total,3278930.0,5968901.0,False,20210114,DEMOCRAT,,medsl:3495,2020-IL-ordinary-general,2020,2020-11-03,gen,total,3278930,5968901,2020-IL-ordinary-general:RICHARDJDURBIN,D,Same explicitly named candidate as major-party ballot line; Decision 013,https://dataverse.harvard.edu/api/access/datafile/13887039?format=original,true,,3278930,match,pending
3496,requested_source_year,medsl-v8-group-046,2020,ILLINOIS,IL,17,33.0,21,US SENATE,statewide,gen,False,WILLIE L. WILSON,WILLIE WILSON PARTY,False,total,237699.0,5968901.0,False,20210114,OTHER,,medsl:3496,2020-IL-ordinary-general,2020,2020-11-03,gen,total,237699,5968901,2020-IL-ordinary-general:WILLIELWILSON,other,MEDSL detailed party label,https://dataverse.harvard.edu/api/access/datafile/13887039?format=original,true,,237699,match,pending
3497,requested_source_year,medsl-v8-group-044,2020,IOWA,IA,19,42.0,31,US SENATE,statewide,gen,False,JONI ERNST,REPUBLICAN,False,total,864997.0,1700130.0,False,20210114,REPUBLICAN,,medsl:3497,2020-IA-ordinary-general,2020,2020-11-03,gen,total,864997,1700130,2020-IA-ordinary-general:JONIERNST,R,Same explicitly named candidate as major-party ballot line; Decision 013,https://dataverse.harvard.edu/api/access/datafile/13887039?format=original,true,,864997,match,eligible
3498,requested_source_year,medsl-v8-group-044,2020,IOWA,IA,19,42.0,31,US SENATE,statewide,gen,False,OVER VOTES,,False,total,864.0,1700130.0,False,20210114,OTHER,noncandidate_vote_category,medsl:3498,2020-IA-ordinary-general,2020,2020-11-03,gen,total,864,1700130,2020-IA-ordinary-general:OVERVOTES,other,Noncandidate ballot category; outside valid-vote denominator (Decision 013),https://dataverse.harvard.edu/api/access/datafile/13887039?format=original,false,blank_detailed_party;side_differs_detailed_party,,not_crosschecked,eligible
3499,requested_source_year,medsl-v8-group-044,2020,IOWA,IA,19,42.0,31,US SENATE,statewide,gen,False,RICK STEWART,LIBERTARIAN,False,total,36961.0,1700130.0,False,20210114,LIBERTARIAN,,medsl:3499,2020-IA-ordinary-general,2020,2020-11-03,gen,total,36961,1700130,2020-IA-ordinary-general:RICKSTEWART,other,MEDSL detailed party label,https://dataverse.harvard.edu/api/access/datafile/13887039?format=original,true,,36961,match,eligible
3500,requested_source_year,medsl-v8-group-044,2020,IOWA,IA,19,42.0,31,US SENATE,statewide,gen,False,SUZANNE HERZOG,,False,total,13800.0,1700130.0,False,20210114,OTHER,,medsl:3500,2020-IA-ordinary-general,2020,2020-11-03,gen,total,13800,1700130,2020-IA-ordinary-general:SUZANNEHERZOG,other,"Official FEC detailed party NPY, row 158",https://www.fec.gov/documents/4228/federalelections2020.xlsx,true,blank_detailed_party;side_differs_detailed_party,13800,match,eligible
3501,requested_source_year,medsl-v8-group-044,2020,IOWA,IA,19,42.0,31,US SENATE,statewide,gen,False,THERESA GREENFIELD,DEMOCRAT,False,total,754859.0,1700130.0,False,20210114,DEMOCRAT,,medsl:3501,2020-IA-ordinary-general,2020,2020-11-03,gen,total,754859,1700130,2020-IA-ordinary-general:THERESAGREENFIELD,D,Same explicitly named candidate as major-party ballot line; Decision 013,https://dataverse.harvard.edu/api/access/datafile/13887039?format=original,true,,754859,match,eligible
3502,requested_source_year,medsl-v8-group-044,2020,IOWA,IA,19,42.0,31,US SENATE,statewide,gen,False,UNDER VOTES,,False,total,27438.0,1700130.0,False,20210114,OTHER,noncandidate_vote_category,medsl:3502,2020-IA-ordinary-general,2020,2020-11-03,gen,total,27438,1700130,2020-IA-ordinary-general:UNDERVOTES,other,Noncandidate ballot category; outside valid-vote denominator (Decision 013),https://dataverse.harvard.edu/api/access/datafile/13887039?format=original,false,blank_detailed_party;side_differs_detailed_party,,not_crosschecked,eligible
3503,requested_source_year,medsl-v8-group-044,2020,IOWA,IA,19,42.0,31,US SENATE,statewide,gen,False,,,True,total,1211.0,1700130.0,False,20210114,OTHER,missing_candidate_name,medsl:3503,2020-IA-ordinary-general,2020,2020-11-03,gen,total,1211,1700130,2020-IA-ordinary-general:UNNAMEDWRITEINS-3503,other,Unidentified aggregate: valid votes retained without invented candidate identity,https://dataverse.harvard.edu/api/access/datafile/13887039?format=original,true,blank_detailed_party;unidentified_aggregate;side_differs_detailed_party,,not_crosschecked,eligible
3504,requested_source_year,medsl-v8-group-047,2020,KANSAS,KS,20,47.0,32,US SENATE,statewide,gen,False,BARBARA BOLLIER,DEMOCRAT,False,total,571530.0,1367755.0,False,20210114,DEMOCRAT,,medsl:3504,2020-KS-ordinary-general,2020,2020-11-03,gen,total,571530,1367755,2020-KS-ordinary-general:BARBARABOLLIER,D,Same explicitly named candidate as major-party ballot line; Decision 013,https://dataverse.harvard.edu/api/access/datafile/13887039?format=original,true,,571530,match,eligible
3505,requested_source_year,medsl-v8-group-047,2020,KANSAS,KS,20,47.0,32,US SENATE,statewide,gen,False,JASON BUCKLEY,LIBERTARIAN,False,total,68263.0,1367755.0,False,20210114,LIBERTARIAN,,medsl:3505,2020-KS-ordinary-general,2020,2020-11-03,gen,total,68263,1367755,2020-KS-ordinary-general:JASONBUCKLEY,other,MEDSL detailed party label,https://dataverse.harvard.edu/api/access/datafile/13887039?format=original,true,,68263,match,eligible
3506,requested_source_year,medsl-v8-group-047,2020,KANSAS,KS,20,47.0,32,US SENATE,statewide,gen,False,ROGER MARSHALL,REPUBLICAN,False,total,727962.0,1367755.0,False,20210114,REPUBLICAN,,medsl:3506,2020-KS-ordinary-general,2020,2020-11-03,gen,total,727962,1367755,2020-KS-ordinary-general:ROGERMARSHALL,R,Same explicitly named candidate as major-party ballot line; Decision 013,https://dataverse.harvard.edu/api/access/datafile/13887039?format=original,true,,727962,match,eligible
3507,requested_source_year,medsl-v8-group-048,2020,KENTUCKY,KY,21,61.0,51,US SENATE,statewide,gen,False,AMY MCGRATH,DEMOCRAT,False,total,816257.0,2135057.0,False,20210114,DEMOCRAT,,medsl:3507,2020-KY-ordinary-general,2020,2020-11-03,gen,total,816257,2135057,2020-KY-ordinary-general:AMYMCGRATH,D,Same explicitly named candidate as major-party ballot line; Decision 013,https://dataverse.harvard.edu/api/access/datafile/13887039?format=original,true,,816257,match,pending
3508,requested_source_year,medsl-v8-group-048,2020,KENTUCKY,KY,21,61.0,51,US SENATE,statewide,gen,False,BRAD BARRON,LIBERTARIAN,False,total,85386.0,2135057.0,False,20210114,LIBERTARIAN,,medsl:3508,2020-KY-ordinary-general,2020,2020-11-03,gen,total,85386,2135057,2020-KY-ordinary-general:BRADBARRON,other,MEDSL detailed party label,https://dataverse.harvard.edu/api/access/datafile/13887039?format=original,true,,85386,match,pending
3509,requested_source_year,medsl-v8-group-048,2020,KENTUCKY,KY,21,61.0,51,US SENATE,statewide,gen,False,DANIEL COBBLE,,True,total,18.0,2135057.0,False,20210114,OTHER,,medsl:3509,2020-KY-ordinary-general,2020,2020-11-03,gen,total,18,2135057,2020-KY-ordinary-general:DANIELCOBBLE,unknown,MEDSL detailed party label,https://dataverse.harvard.edu/api/access/datafile/13887039?format=original,true,blank_detailed_party;side_differs_simplified_party,18,match,pending
3510,requested_source_year,medsl-v8-group-048,2020,KENTUCKY,KY,21,61.0,51,US SENATE,statewide,gen,False,DEMETRA WYSINGER,,True,total,1.0,2135057.0,False,20210114,OTHER,,medsl:3510,2020-KY-ordinary-general,2020,2020-11-03,gen,total,1,2135057,2020-KY-ordinary-general:DEMETRAWYSINGER,unknown,MEDSL detailed party label,https://dataverse.harvard.edu/api/access/datafile/13887039?format=original,true,blank_detailed_party;side_differs_simplified_party,1,match,pending
3511,requested_source_year,medsl-v8-group-048,2020,KENTUCKY,KY,21,61.0,51,US SENATE,statewide,gen,False,HAROLD H. FITZPATRICK,,True,total,1.0,2135057.0,False,20210114,OTHER,,medsl:3511,2020-KY-ordinary-general,2020,2020-11-03,gen,total,1,2135057,2020-KY-ordinary-general:HAROLDHFITZPATRICK,unknown,MEDSL detailed party label,https://dataverse.harvard.edu/api/access/datafile/13887039?format=original,true,blank_detailed_party;side_differs_simplified_party,1,match,pending
3512,requested_source_year,medsl-v8-group-048,2020,KENTUCKY,KY,21,61.0,51,US SENATE,statewide,gen,False,MITCH MCCONNELL,REPUBLICAN,False,total,1233315.0,2135057.0,False,20210114,REPUBLICAN,,medsl:3512,2020-KY-ordinary-general,2020,2020-11-03,gen,total,1233315,2135057,2020-KY-ordinary-general:MITCHMCCONNELL,R,Same explicitly named candidate as major-party ballot line; Decision 013,https://dataverse.harvard.edu/api/access/datafile/13887039?format=original,true,,1233315,match,pending
3513,requested_source_year,medsl-v8-group-048,2020,KENTUCKY,KY,21,61.0,51,US SENATE,statewide,gen,False,PAUL JOHN FRANGEDAKIS,,True,total,70.0,2135057.0,False,20210114,OTHER,,medsl:3513,2020-KY-ordinary-general,2020,2020-11-03,gen,total,70,2135057,2020-KY-ordinary-general:PAULJOHNFRANGEDAKIS,unknown,MEDSL detailed party label,https://dataverse.harvard.edu/api/access/datafile/13887039?format=original,true,blank_detailed_party;side_differs_simplified_party,,not_crosschecked,pending
3514,requested_source_year,medsl-v8-group-048,2020,KENTUCKY,KY,21,61.0,51,US SENATE,statewide,gen,False,RANDALL LEE TEEGARGEN,,True,total,9.0,2135057.0,False,20210114,OTHER,,medsl:3514,2020-KY-ordinary-general,2020,2020-11-03,gen,total,9,2135057,2020-KY-ordinary-general:RANDALLLEETEEGARGEN,unknown,MEDSL detailed party label,https://dataverse.harvard.edu/api/access/datafile/13887039?format=original,true,blank_detailed_party;side_differs_simplified_party,,not_crosschecked,pending
3515,requested_source_year,medsl-v8-group-049,2020,LOUISIANA,LA,22,72.0,45,US SENATE,statewide,gen,False,"""BILL"" CASSIDY",REPUBLICAN,False,total,1228908.0,2071543.0,False,20210114,REPUBLICAN,,medsl:3515,2020-LA-ordinary-first,2020,2020-11-03,gen,total,1228908,2071543,2020-LA-ordinary-first:BILLCASSIDY,R,Same explicitly named candidate as major-party ballot line; Decision 013,https://dataverse.harvard.edu/api/access/datafile/13887039?format=original,true,,1228908,match,eligible
3516,requested_source_year,medsl-v8-group-049,2020,LOUISIANA,LA,22,72.0,45,US SENATE,statewide,gen,False,"""XAN"" JOHN",OTHER,False,total,2813.0,2071543.0,False,20210114,OTHER,,medsl:3516,2020-LA-ordinary-first,2020,2020-11-03,gen,total,2813,2071543,2020-LA-ordinary-first:XANJOHN,other,MEDSL detailed party label,https://dataverse.harvard.edu/api/access/datafile/13887039?format=original,true,,2813,match,eligible
3517,requested_source_year,medsl-v8-group-049,2020,LOUISIANA,LA,22,72.0,45,US SENATE,statewide,gen,False,AARON C. SIGLER,LIBERTARIAN,False,total,11321.0,2071543.0,False,20210114,LIBERTARIAN,,medsl:3517,2020-LA-ordinary-first,2020,2020-11-03,gen,total,11321,2071543,2020-LA-ordinary-first:AARONCSIGLER,other,MEDSL detailed party label,https://dataverse.harvard.edu/api/access/datafile/13887039?format=original,true,,11321,match,eligible
3518,requested_source_year,medsl-v8-group-049,2020,LOUISIANA,LA,22,72.0,45,US SENATE,statewide,gen,False,ADRIAN PERKINS,DEMOCRAT,False,total,394049.0,2071543.0,False,20210114,DEMOCRAT,,medsl:3518,2020-LA-ordinary-first,2020,2020-11-03,gen,total,394049,2071543,2020-LA-ordinary-first:ADRIANPERKINS,D,Same explicitly named candidate as major-party ballot line; Decision 013,https://dataverse.harvard.edu/api/access/datafile/13887039?format=original,true,,394049,match,eligible
3519,requested_source_year,medsl-v8-group-049,2020,LOUISIANA,LA,22,72.0,45,US SENATE,statewide,gen,False,ANTOINE PIERCE,DEMOCRAT,False,total,55710.0,2071543.0,False,20210114,DEMOCRAT,,medsl:3519,2020-LA-ordinary-first,2020,2020-11-03,gen,total,55710,2071543,2020-LA-ordinary-first:ANTOINEPIERCE,D,Same explicitly named candidate as major-party ballot line; Decision 013,https://dataverse.harvard.edu/api/access/datafile/13887039?format=original,true,,55710,match,eligible
3520,requested_source_year,medsl-v8-group-049,2020,LOUISIANA,LA,22,72.0,45,US SENATE,statewide,gen,False,BERYL BILLIOT,UNAFFILIATED,False,total,17362.0,2071543.0,False,20210114,OTHER,,medsl:3520,2020-LA-ordinary-first,2020,2020-11-03,gen,total,17362,2071543,2020-LA-ordinary-first:BERYLBILLIOT,other,MEDSL detailed party label,https://dataverse.harvard.edu/api/access/datafile/13887039?format=original,true,,17362,match,eligible
3521,requested_source_year,medsl-v8-group-049,2020,LOUISIANA,LA,22,72.0,45,US SENATE,statewide,gen,False,DAVID DREW KNIGHT,DEMOCRAT,False,total,36962.0,2071543.0,False,20210114,DEMOCRAT,,medsl:3521,2020-LA-ordinary-first,2020,2020-11-03,gen,total,36962,2071543,2020-LA-ordinary-first:DAVIDDREWKNIGHT,D,Same explicitly named candidate as major-party ballot line; Decision 013,https://dataverse.harvard.edu/api/access/datafile/13887039?format=original,true,,36962,match,eligible
3522,requested_source_year,medsl-v8-group-049,2020,LOUISIANA,LA,22,72.0,45,US SENATE,statewide,gen,False,"DERRICK ""CHAMP"" EDWARDS",DEMOCRAT,False,total,229814.0,2071543.0,False,20210114,DEMOCRAT,,medsl:3522,2020-LA-ordinary-first,2020,2020-11-03,gen,total,229814,2071543,2020-LA-ordinary-first:DERRICKCHAMPEDWARDS,D,Same explicitly named candidate as major-party ballot line; Decision 013,https://dataverse.harvard.edu/api/access/datafile/13887039?format=original,true,,229814,match,eligible
3523,requested_source_year,medsl-v8-group-049,2020,LOUISIANA,LA,22,72.0,45,US SENATE,statewide,gen,False,DUSTIN MURPHY,REPUBLICAN,False,total,38383.0,2071543.0,False,20210114,REPUBLICAN,,medsl:3523,2020-LA-ordinary-first,2020,2020-11-03,gen,total,38383,2071543,2020-LA-ordinary-first:DUSTINMURPHY,R,Same explicitly named candidate as major-party ballot line; Decision 013,https://dataverse.harvard.edu/api/access/datafile/13887039?format=original,true,,38383,match,eligible
3524,requested_source_year,medsl-v8-group-049,2020,LOUISIANA,LA,22,72.0,45,US SENATE,statewide,gen,False,JAMAR MONTGOMERY,UNAFFILIATED,False,total,5804.0,2071543.0,False,20210114,OTHER,,medsl:3524,2020-LA-ordinary-first,2020,2020-11-03,gen,total,5804,2071543,2020-LA-ordinary-first:JAMARMONTGOMERY,other,MEDSL detailed party label,https://dataverse.harvard.edu/api/access/datafile/13887039?format=original,true,,5804,match,eligible
3525,requested_source_year,medsl-v8-group-049,2020,LOUISIANA,LA,22,72.0,45,US SENATE,statewide,gen,False,JOHN PAUL BOURGEOIS,UNAFFILIATED,False,total,16518.0,2071543.0,False,20210114,OTHER,,medsl:3525,2020-LA-ordinary-first,2020,2020-11-03,gen,total,16518,2071543,2020-LA-ordinary-first:JOHNPAULBOURGEOIS,other,MEDSL detailed party label,https://dataverse.harvard.edu/api/access/datafile/13887039?format=original,true,,16518,match,eligible
3526,requested_source_year,medsl-v8-group-049,2020,LOUISIANA,LA,22,72.0,45,US SENATE,statewide,gen,False,"M.V. ""VINNY"" MENDOZA",INDEPENDENT,False,total,7811.0,2071543.0,False,20210114,OTHER,,medsl:3526,2020-LA-ordinary-first,2020,2020-11-03,gen,total,7811,2071543,2020-LA-ordinary-first:MVVINNYMENDOZA,other,MEDSL detailed party label,https://dataverse.harvard.edu/api/access/datafile/13887039?format=original,true,,7811,match,eligible
3527,requested_source_year,medsl-v8-group-049,2020,LOUISIANA,LA,22,72.0,45,US SENATE,statewide,gen,False,MELINDA MARY PRICE,OTHER,False,total,7680.0,2071543.0,False,20210114,OTHER,,medsl:3527,2020-LA-ordinary-first,2020,2020-11-03,gen,total,7680,2071543,2020-LA-ordinary-first:MELINDAMARYPRICE,other,MEDSL detailed party label,https://dataverse.harvard.edu/api/access/datafile/13887039?format=original,true,,7680,match,eligible
3528,requested_source_year,medsl-v8-group-049,2020,LOUISIANA,LA,22,72.0,45,US SENATE,statewide,gen,False,PETER WENSTRUP,DEMOCRAT,False,total,14454.0,2071543.0,False,20210114,DEMOCRAT,,medsl:3528,2020-LA-ordinary-first,2020,2020-11-03,gen,total,14454,2071543,2020-LA-ordinary-first:PETERWENSTRUP,D,Same explicitly named candidate as major-party ballot line; Decision 013,https://dataverse.harvard.edu/api/access/datafile/13887039?format=original,true,,14454,match,eligible
3529,requested_source_year,medsl-v8-group-049,2020,LOUISIANA,LA,22,72.0,45,US SENATE,statewide,gen,False,RENO JEAN DARET III,UNAFFILIATED,False,total,3954.0,2071543.0,False,20210114,OTHER,,medsl:3529,2020-LA-ordinary-first,2020,2020-11-03,gen,total,3954,2071543,2020-LA-ordinary-first:RENOJEANDARETIII,other,MEDSL detailed party label,https://dataverse.harvard.edu/api/access/datafile/13887039?format=original,true,,,not_crosschecked,eligible
3530,requested_source_year,medsl-v8-group-051,2020,MAINE,ME,23,11.0,2,US SENATE,statewide,gen,False,BLANK VOTES,,False,total,9122.0,828305.0,False,20210114,OTHER,noncandidate_vote_category,medsl:3530,2020-ME-ordinary-general,2020,2020-11-03,gen,total,9122,828305,2020-ME-ordinary-general:BLANKVOTES,other,Noncandidate ballot category; outside valid-vote denominator (Decision 013),https://dataverse.harvard.edu/api/access/datafile/13887039?format=original,false,blank_detailed_party;side_differs_detailed_party,,not_crosschecked,eligible
3531,requested_source_year,medsl-v8-group-051,2020,MAINE,ME,23,11.0,2,US SENATE,statewide,gen,False,LISA SAVAGE,INDEPENDENT,False,total,40579.0,828305.0,False,20210114,OTHER,,medsl:3531,2020-ME-ordinary-general,2020,2020-11-03,gen,total,40579,828305,2020-ME-ordinary-general:LISASAVAGE,other,MEDSL detailed party label,https://dataverse.harvard.edu/api/access/datafile/13887039?format=original,true,,40579,official_first_choice_match,eligible
3532,requested_source_year,medsl-v8-group-051,2020,MAINE,ME,23,11.0,2,US SENATE,statewide,gen,False,MAX PATRICK LINN,INDEPENDENT,False,total,13508.0,828305.0,False,20210114,OTHER,,medsl:3532,2020-ME-ordinary-general,2020,2020-11-03,gen,total,13508,828305,2020-ME-ordinary-general:MAXPATRICKLINN,other,MEDSL detailed party label,https://dataverse.harvard.edu/api/access/datafile/13887039?format=original,true,,13508,official_first_choice_match,eligible
3533,requested_source_year,medsl-v8-group-051,2020,MAINE,ME,23,11.0,2,US SENATE,statewide,gen,False,SARA I. GIDEON,DEMOCRAT,False,total,347223.0,828305.0,False,20210114,DEMOCRAT,,medsl:3533,2020-ME-ordinary-general,2020,2020-11-03,gen,total,347223,828305,2020-ME-ordinary-general:SARAIGIDEON,D,Same explicitly named candidate as major-party ballot line; Decision 013,https://dataverse.harvard.edu/api/access/datafile/13887039?format=original,true,,347223,official_first_choice_match,eligible
3534,requested_source_year,medsl-v8-group-051,2020,MAINE,ME,23,11.0,2,US SENATE,statewide,gen,False,SUSAN MARGARET COLLINS,REPUBLICAN,False,total,417645.0,828305.0,False,20210114,REPUBLICAN,,medsl:3534,2020-ME-ordinary-general,2020,2020-11-03,gen,total,417645,828305,2020-ME-ordinary-general:SUSANMARGARETCOLLINS,R,Same explicitly named candidate as major-party ballot line; Decision 013,https://dataverse.harvard.edu/api/access/datafile/13887039?format=original,true,,417645,official_first_choice_match,eligible
3535,requested_source_year,medsl-v8-group-051,2020,MAINE,ME,23,11.0,2,US SENATE,statewide,gen,False,,,True,total,228.0,828305.0,False,20210114,OTHER,missing_candidate_name,medsl:3535,2020-ME-ordinary-general,2020,2020-11-03,gen,total,228,828305,2020-ME-ordinary-general:UNNAMEDWRITEINS-3535,other,Unidentified aggregate: valid votes retained without invented candidate identity,https://dataverse.harvard.edu/api/access/datafile/13887039?format=original,true,blank_detailed_party;unidentified_aggregate;side_differs_detailed_party,,not_crosschecked,eligible
3536,requested_source_year,medsl-v8-group-050,2020,MASSACHUSETTS,MA,25,14.0,3,US SENATE,statewide,gen,False,BLANK VOTES,,False,total,93869.0,3658005.0,False,20210114,OTHER,noncandidate_vote_category,medsl:3536,2020-MA-ordinary-general,2020,2020-11-03,gen,total,93869,3658005,2020-MA-ordinary-general:BLANKVOTES,other,Noncandidate ballot category; outside valid-vote denominator (Decision 013),https://dataverse.harvard.edu/api/access/datafile/13887039?format=original,false,blank_detailed_party;side_differs_detailed_party,,not_crosschecked,pending
3537,requested_source_year,medsl-v8-group-050,2020,MASSACHUSETTS,MA,25,14.0,3,US SENATE,statewide,gen,False,EDWARD J. MARKEY,DEMOCRAT,False,total,2357809.0,3658005.0,False,20210114,DEMOCRAT,,medsl:3537,2020-MA-ordinary-general,2020,2020-11-03,gen,total,2357809,3658005,2020-MA-ordinary-general:EDWARDJMARKEY,D,Same explicitly named candidate as major-party ballot line; Decision 013,https://dataverse.harvard.edu/api/access/datafile/13887039?format=original,true,,2357809,match,pending
3538,requested_source_year,medsl-v8-group-050,2020,MASSACHUSETTS,MA,25,14.0,3,US SENATE,statewide,gen,False,KEVIN J. O'CONNER,REPUBLICAN,False,total,1177765.0,3658005.0,False,20210114,REPUBLICAN,,medsl:3538,2020-MA-ordinary-general,2020,2020-11-03,gen,total,1177765,3658005,2020-MA-ordinary-general:KEVINJOCONNER,R,Same explicitly named candidate as major-party ballot line; Decision 013,https://dataverse.harvard.edu/api/access/datafile/13887039?format=original,true,,,not_crosschecked,pending
3539,requested_source_year,medsl-v8-group-050,2020,MASSACHUSETTS,MA,25,14.0,3,US SENATE,statewide,gen,False,SHIVA AYYADURAI,,False,total,21134.0,3658005.0,False,20210114,OTHER,,medsl:3539,2020-MA-ordinary-general,2020,2020-11-03,gen,total,21134,3658005,2020-MA-ordinary-general:SHIVAAYYADURAI,unknown,MEDSL detailed party label,https://dataverse.harvard.edu/api/access/datafile/13887039?format=original,true,blank_detailed_party;side_differs_simplified_party,,not_crosschecked,pending
3540,requested_source_year,medsl-v8-group-050,2020,MASSACHUSETTS,MA,25,14.0,3,US SENATE,statewide,gen,False,,,True,total,7428.0,3658005.0,False,20210114,OTHER,missing_candidate_name,medsl:3540,2020-MA-ordinary-general,2020,2020-11-03,gen,total,7428,3658005,2020-MA-ordinary-general:UNNAMEDWRITEINS-3540,other,Unidentified aggregate: valid votes retained without invented candidate identity,https://dataverse.harvard.edu/api/access/datafile/13887039?format=original,true,blank_detailed_party;unidentified_aggregate;side_differs_detailed_party,,not_crosschecked,pending
3541,requested_source_year,medsl-v8-group-052,2020,MICHIGAN,MI,26,34.0,23,US SENATE,statewide,gen,False,DOUG DERN,NATURAL LAW,False,total,13093.0,5479720.0,False,20210114,OTHER,,medsl:3541,2020-MI-ordinary-general,2020,2020-11-03,gen,total,13093,5479720,2020-MI-ordinary-general:DOUGDERN,other,MEDSL detailed party label,https://dataverse.harvard.edu/api/access/datafile/13887039?format=original,true,,13093,match,pending
3542,requested_source_year,medsl-v8-group-052,2020,MICHIGAN,MI,26,34.0,23,US SENATE,statewide,gen,False,GARY PETERS,DEMOCRAT,False,total,2734568.0,5479720.0,False,20210114,DEMOCRAT,,medsl:3542,2020-MI-ordinary-general,2020,2020-11-03,gen,total,2734568,5479720,2020-MI-ordinary-general:GARYPETERS,D,Same explicitly named candidate as major-party ballot line; Decision 013,https://dataverse.harvard.edu/api/access/datafile/13887039?format=original,true,,2734568,match,pending
3543,requested_source_year,medsl-v8-group-052,2020,MICHIGAN,MI,26,34.0,23,US SENATE,statewide,gen,False,JOHN JAMES,REPUBLICAN,False,total,2642233.0,5479720.0,False,20210114,REPUBLICAN,,medsl:3543,2020-MI-ordinary-general,2020,2020-11-03,gen,total,2642233,5479720,2020-MI-ordinary-general:JOHNJAMES,R,Same explicitly named candidate as major-party ballot line; Decision 013,https://dataverse.harvard.edu/api/access/datafile/13887039?format=original,true,,2642233,match,pending
3544,requested_source_year,medsl-v8-group-052,2020,MICHIGAN,MI,26,34.0,23,US SENATE,statewide,gen,False,LEONARD PAUL GADZINSKI,,True,total,7.0,5479720.0,False,20210114,OTHER,,medsl:3544,2020-MI-ordinary-general,2020,2020-11-03,gen,total,7,5479720,2020-MI-ordinary-general:LEONARDPAULGADZINSKI,unknown,MEDSL detailed party label,https://dataverse.harvard.edu/api/access/datafile/13887039?format=original,true,blank_detailed_party;side_differs_simplified_party,,not_crosschecked,pending
3545,requested_source_year,medsl-v8-group-052,2020,MICHIGAN,MI,26,34.0,23,US SENATE,statewide,gen,False,MARCIA SQUIER,GREEN,False,total,39217.0,5479720.0,False,20210114,OTHER,,medsl:3545,2020-MI-ordinary-general,2020,2020-11-03,gen,total,39217,5479720,2020-MI-ordinary-general:MARCIASQUIER,other,MEDSL detailed party label,https://dataverse.harvard.edu/api/access/datafile/13887039?format=original,true,,39217,match,pending
3546,requested_source_year,medsl-v8-group-052,2020,MICHIGAN,MI,26,34.0,23,US SENATE,statewide,gen,False,ROBERT WILLIAM CARR,,True,total,5.0,5479720.0,False,20210114,OTHER,,medsl:3546,2020-MI-ordinary-general,2020,2020-11-03,gen,total,5,5479720,2020-MI-ordinary-general:ROBERTWILLIAMCARR,unknown,MEDSL detailed party label,https://dataverse.harvard.edu/api/access/datafile/13887039?format=original,true,blank_detailed_party;side_differs_simplified_party,5,match,pending
3547,requested_source_year,medsl-v8-group-052,2020,MICHIGAN,MI,26,34.0,23,US SENATE,statewide,gen,False,VALERIE L. WILLIS,US TAXPAYERS,False,total,50597.0,5479720.0,False,20210114,OTHER,,medsl:3547,2020-MI-ordinary-general,2020,2020-11-03,gen,total,50597,5479720,2020-MI-ordinary-general:VALERIELWILLIS,other,MEDSL detailed party label,https://dataverse.harvard.edu/api/access/datafile/13887039?format=original,true,,50597,match,pending
3548,requested_source_year,medsl-v8-group-053,2020,MINNESOTA,MN,27,41.0,33,US SENATE,statewide,gen,False,JASON LEWIS,REPUBLICAN,False,total,1398145.0,3214256.0,False,20210114,REPUBLICAN,,medsl:3548,2020-MN-ordinary-general,2020,2020-11-03,gen,total,1398145,3214256,2020-MN-ordinary-general:JASONLEWIS,R,Same explicitly named candidate as major-party ballot line; Decision 013,https://dataverse.harvard.edu/api/access/datafile/13887039?format=original,true,,1398145,match,eligible
3549,requested_source_year,medsl-v8-group-053,2020,MINNESOTA,MN,27,41.0,33,US SENATE,statewide,gen,False,KEVIN O'CONNOR,LEGAL MARIJUANA NOW,False,total,190154.0,3214256.0,False,20210114,OTHER,,medsl:3549,2020-MN-ordinary-general,2020,2020-11-03,gen,total,190154,3214256,2020-MN-ordinary-general:KEVINOCONNOR,other,MEDSL detailed party label,https://dataverse.harvard.edu/api/access/datafile/13887039?format=original,true,,190154,match,eligible
3550,requested_source_year,medsl-v8-group-053,2020,MINNESOTA,MN,27,41.0,33,US SENATE,statewide,gen,False,OLIVER STEINBERG,GRASSROOTS,False,total,57174.0,3214256.0,False,20210114,OTHER,,medsl:3550,2020-MN-ordinary-general,2020,2020-11-03,gen,total,57174,3214256,2020-MN-ordinary-general:OLIVERSTEINBERG,other,MEDSL detailed party label,https://dataverse.harvard.edu/api/access/datafile/13887039?format=original,true,,57174,match,eligible
3551,requested_source_year,medsl-v8-group-053,2020,MINNESOTA,MN,27,41.0,33,US SENATE,statewide,gen,False,TINA SMITH,DEMOCRAT,False,total,1566522.0,3214256.0,False,20210114,DEMOCRAT,,medsl:3551,2020-MN-ordinary-general,2020,2020-11-03,gen,total,1566522,3214256,2020-MN-ordinary-general:TINASMITH,D,Same explicitly named candidate as major-party ballot line; Decision 013,https://dataverse.harvard.edu/api/access/datafile/13887039?format=original,true,,1566522,match,eligible
3552,requested_source_year,medsl-v8-group-053,2020,MINNESOTA,MN,27,41.0,33,US SENATE,statewide,gen,False,,,True,total,2261.0,3214256.0,False,20210114,OTHER,missing_candidate_name,medsl:3552,2020-MN-ordinary-general,2020,2020-11-03,gen,total,2261,3214256,2020-MN-ordinary-general:UNNAMEDWRITEINS-3552,other,Unidentified aggregate: valid votes retained without invented candidate identity,https://dataverse.harvard.edu/api/access/datafile/13887039?format=original,true,blank_detailed_party;unidentified_aggregate;side_differs_detailed_party,,not_crosschecked,eligible
3553,requested_source_year,medsl-v8-group-054,2020,MISSISSIPPI,MS,28,64.0,46,US SENATE,statewide,gen,False,CINDY HYDE-SMITH,REPUBLICAN,False,total,709511.0,1311354.0,False,20210114,REPUBLICAN,,medsl:3553,2020-MS-ordinary-general,2020,2020-11-03,gen,total,709511,1311354,2020-MS-ordinary-general:CINDYHYDESMITH,R,Same explicitly named candidate as major-party ballot line; Decision 013,https://dataverse.harvard.edu/api/access/datafile/13887039?format=original,true,,709511,match,eligible
3554,requested_source_year,medsl-v8-group-054,2020,MISSISSIPPI,MS,28,64.0,46,US SENATE,statewide,gen,False,JIMMY L. EDWARDS,LIBERTARIAN,False,total,23152.0,1311354.0,False,20210114,LIBERTARIAN,,medsl:3554,2020-MS-ordinary-general,2020,2020-11-03,gen,total,23152,1311354,2020-MS-ordinary-general:JIMMYLEDWARDS,other,MEDSL detailed party label,https://dataverse.harvard.edu/api/access/datafile/13887039?format=original,true,,,not_crosschecked,eligible
3555,requested_source_year,medsl-v8-group-054,2020,MISSISSIPPI,MS,28,64.0,46,US SENATE,statewide,gen,False,MIKE ESPY,DEMOCRAT,False,total,578691.0,1311354.0,False,20210114,DEMOCRAT,,medsl:3555,2020-MS-ordinary-general,2020,2020-11-03,gen,total,578691,1311354,2020-MS-ordinary-general:MIKEESPY,D,Same explicitly named candidate as major-party ballot line; Decision 013,https://dataverse.harvard.edu/api/access/datafile/13887039?format=original,true,,578691,match,eligible
3556,requested_source_year,medsl-v8-group-055,2020,MONTANA,MT,30,81.0,64,US SENATE,statewide,gen,False,STEVE BULLOCK,DEMOCRAT,False,total,272463.0,605637.0,False,20210114,DEMOCRAT,,medsl:3556,2020-MT-ordinary-general,2020,2020-11-03,gen,total,272463,605637,2020-MT-ordinary-general:STEVEBULLOCK,D,Same explicitly named candidate as major-party ballot line; Decision 013,https://dataverse.harvard.edu/api/access/datafile/13887039?format=original,true,,272463,match,eligible
3557,requested_source_year,medsl-v8-group-055,2020,MONTANA,MT,30,81.0,64,US SENATE,statewide,gen,False,STEVE DAINES,REPUBLICAN,False,total,333174.0,605637.0,False,20210114,REPUBLICAN,,medsl:3557,2020-MT-ordinary-general,2020,2020-11-03,gen,total,333174,605637,2020-MT-ordinary-general:STEVEDAINES,R,Same explicitly named candidate as major-party ballot line; Decision 013,https://dataverse.harvard.edu/api/access/datafile/13887039?format=original,true,,333174,match,eligible
3558,requested_source_year,medsl-v8-group-057,2020,NEBRASKA,NE,31,46.0,35,US SENATE,statewide,gen,False,BEN SASSE,REPUBLICAN,False,total,583507.0,930012.0,False,20210114,REPUBLICAN,,medsl:3558,2020-NE-ordinary-general,2020,2020-11-03,gen,total,583507,930012,2020-NE-ordinary-general:BENSASSE,R,Same explicitly named candidate as major-party ballot line; Decision 013,https://dataverse.harvard.edu/api/access/datafile/13887039?format=original,true,,583507,match,pending
3559,requested_source_year,medsl-v8-group-057,2020,NEBRASKA,NE,31,46.0,35,US SENATE,statewide,gen,False,CHRIS JANICEK,DEMOCRAT,False,total,227191.0,930012.0,False,20210114,DEMOCRAT,,medsl:3559,2020-NE-ordinary-general,2020,2020-11-03,gen,total,227191,930012,2020-NE-ordinary-general:CHRISJANICEK,D,Same explicitly named candidate as major-party ballot line; Decision 013,https://dataverse.harvard.edu/api/access/datafile/13887039?format=original,true,,227191,match,pending
3560,requested_source_year,medsl-v8-group-057,2020,NEBRASKA,NE,31,46.0,35,US SENATE,statewide,gen,False,GENE SIADEK,LIBERTARIAN,False,total,55115.0,930012.0,False,20210114,LIBERTARIAN,,medsl:3560,2020-NE-ordinary-general,2020,2020-11-03,gen,total,55115,930012,2020-NE-ordinary-general:GENESIADEK,other,MEDSL detailed party label,https://dataverse.harvard.edu/api/access/datafile/13887039?format=original,true,,55115,match,pending
3561,requested_source_year,medsl-v8-group-057,2020,NEBRASKA,NE,31,46.0,35,US SENATE,statewide,gen,False,PRESTON LOVE JR.,,True,total,58411.0,930012.0,False,20210114,OTHER,,medsl:3561,2020-NE-ordinary-general,2020,2020-11-03,gen,total,58411,930012,2020-NE-ordinary-general:PRESTONLOVEJR,unknown,MEDSL detailed party label,https://dataverse.harvard.edu/api/access/datafile/13887039?format=original,true,blank_detailed_party;side_differs_simplified_party,,not_crosschecked,pending
3562,requested_source_year,medsl-v8-group-057,2020,NEBRASKA,NE,31,46.0,35,US SENATE,statewide,gen,False,,,True,total,5788.0,930012.0,False,20210114,OTHER,missing_candidate_name,medsl:3562,2020-NE-ordinary-general,2020,2020-11-03,gen,total,5788,930012,2020-NE-ordinary-general:UNNAMEDWRITEINS-3562,other,Unidentified aggregate: valid votes retained without invented candidate identity,https://dataverse.harvard.edu/api/access/datafile/13887039?format=original,true,blank_detailed_party;unidentified_aggregate;side_differs_detailed_party,,not_crosschecked,pending
3563,requested_source_year,medsl-v8-group-058,2020,NEW HAMPSHIRE,NH,33,12.0,4,US SENATE,statewide,gen,False,CORKY MESSNER,REPUBLICAN,False,total,326229.0,795914.0,False,20210114,REPUBLICAN,,medsl:3563,2020-NH-ordinary-general,2020,2020-11-03,gen,total,326229,795914,2020-NH-ordinary-general:CORKYMESSNER,R,Same explicitly named candidate as major-party ballot line; Decision 013,https://dataverse.harvard.edu/api/access/datafile/13887039?format=original,true,,,not_crosschecked,eligible
3564,requested_source_year,medsl-v8-group-058,2020,NEW HAMPSHIRE,NH,33,12.0,4,US SENATE,statewide,gen,False,JEANNE SHAHEEN,DEMOCRAT,False,total,450778.0,795914.0,False,20210114,DEMOCRAT,,medsl:3564,2020-NH-ordinary-general,2020,2020-11-03,gen,total,450778,795914,2020-NH-ordinary-general:JEANNESHAHEEN,D,Same explicitly named candidate as major-party ballot line; Decision 013,https://dataverse.harvard.edu/api/access/datafile/13887039?format=original,true,,,not_crosschecked,eligible
3565,requested_source_year,medsl-v8-group-058,2020,NEW HAMPSHIRE,NH,33,12.0,4,US SENATE,statewide,gen,False,JUSTIN O'DONNELL,LIBERTARIAN,False,total,18421.0,795914.0,False,20210114,LIBERTARIAN,,medsl:3565,2020-NH-ordinary-general,2020,2020-11-03,gen,total,18421,795914,2020-NH-ordinary-general:JUSTINODONNELL,other,MEDSL detailed party label,https://dataverse.harvard.edu/api/access/datafile/13887039?format=original,true,,18421,match,eligible
3566,requested_source_year,medsl-v8-group-058,2020,NEW HAMPSHIRE,NH,33,12.0,4,US SENATE,statewide,gen,False,,,True,total,486.0,795914.0,False,20210114,OTHER,missing_candidate_name,medsl:3566,2020-NH-ordinary-general,2020,2020-11-03,gen,total,486,795914,2020-NH-ordinary-general:UNNAMEDWRITEINS-3566,other,Unidentified aggregate: valid votes retained without invented candidate identity,https://dataverse.harvard.edu/api/access/datafile/13887039?format=original,true,blank_detailed_party;unidentified_aggregate;side_differs_detailed_party,,not_crosschecked,eligible
3567,requested_source_year,medsl-v8-group-059,2020,NEW JERSEY,NJ,34,22.0,12,US SENATE,statewide,gen,False,CORY BOOKER,DEMOCRAT,False,total,2541178.0,4440440.0,False,20210114,DEMOCRAT,,medsl:3567,2020-NJ-ordinary-general,2020,2020-11-03,gen,total,2541178,4440440,2020-NJ-ordinary-general:CORYBOOKER,D,Same explicitly named candidate as major-party ballot line; Decision 013,https://dataverse.harvard.edu/api/access/datafile/13887039?format=original,true,fec_vote_count_conflict,2541239,conflict,pending
3568,requested_source_year,medsl-v8-group-059,2020,NEW JERSEY,NJ,34,22.0,12,US SENATE,statewide,gen,False,DANIEL BURKE,LAROUCHE WAS RIGHT,False,total,11632.0,4440440.0,False,20210114,OTHER,,medsl:3568,2020-NJ-ordinary-general,2020,2020-11-03,gen,total,11632,4440440,2020-NJ-ordinary-general:DANIELBURKE,other,MEDSL detailed party label,https://dataverse.harvard.edu/api/access/datafile/13887039?format=original,true,,11632,match,pending
3569,requested_source_year,medsl-v8-group-059,2020,NEW JERSEY,NJ,34,22.0,12,US SENATE,statewide,gen,False,MADELYN R. HOFFMAN,GREEN,False,total,38288.0,4440440.0,False,20210114,OTHER,,medsl:3569,2020-NJ-ordinary-general,2020,2020-11-03,gen,total,38288,4440440,2020-NJ-ordinary-general:MADELYNRHOFFMAN,other,MEDSL detailed party label,https://dataverse.harvard.edu/api/access/datafile/13887039?format=original,true,,38288,match,pending
3570,requested_source_year,medsl-v8-group-059,2020,NEW JERSEY,NJ,34,22.0,12,US SENATE,statewide,gen,False,"RIKIN ""RIK"" MEHTA",REPUBLICAN,False,total,1817052.0,4440440.0,False,20210114,REPUBLICAN,,medsl:3570,2020-NJ-ordinary-general,2020,2020-11-03,gen,total,1817052,4440440,2020-NJ-ordinary-general:RIKINRIKMEHTA,R,Same explicitly named candidate as major-party ballot line; Decision 013,https://dataverse.harvard.edu/api/access/datafile/13887039?format=original,true,fec_vote_count_conflict,1817091,conflict,pending
3571,requested_source_year,medsl-v8-group-059,2020,NEW JERSEY,NJ,34,22.0,12,US SENATE,statewide,gen,False,VERONICA FERNANDEZ,"OF, BY, FOR!",False,total,32290.0,4440440.0,False,20210114,OTHER,,medsl:3571,2020-NJ-ordinary-general,2020,2020-11-03,gen,total,32290,4440440,2020-NJ-ordinary-general:VERONICAFERNANDEZ,other,MEDSL detailed party label,https://dataverse.harvard.edu/api/access/datafile/13887039?format=original,true,,32290,match,pending
3572,requested_source_year,medsl-v8-group-060,2020,NEW MEXICO,NM,35,85.0,66,US SENATE,statewide,gen,False,BEN R. LUJAN,DEMOCRAT,False,total,474483.0,917237.0,False,20210114,DEMOCRAT,,medsl:3572,2020-NM-ordinary-general,2020,2020-11-03,gen,total,474483,917237,2020-NM-ordinary-general:BENRLUJAN,D,Same explicitly named candidate as major-party ballot line; Decision 013,https://dataverse.harvard.edu/api/access/datafile/13887039?format=original,true,,474483,match,eligible
3573,requested_source_year,medsl-v8-group-060,2020,NEW MEXICO,NM,35,85.0,66,US SENATE,statewide,gen,False,BOB WALSH,LIBERTARIAN,False,total,24271.0,917237.0,False,20210114,LIBERTARIAN,,medsl:3573,2020-NM-ordinary-general,2020,2020-11-03,gen,total,24271,917237,2020-NM-ordinary-general:BOBWALSH,other,MEDSL detailed party label,https://dataverse.harvard.edu/api/access/datafile/13887039?format=original,true,,24271,match,eligible
3574,requested_source_year,medsl-v8-group-060,2020,NEW MEXICO,NM,35,85.0,66,US SENATE,statewide,gen,False,MARK V. RONCHETTI,REPUBLICAN,False,total,418483.0,917237.0,False,20210114,REPUBLICAN,,medsl:3574,2020-NM-ordinary-general,2020,2020-11-03,gen,total,418483,917237,2020-NM-ordinary-general:MARKVRONCHETTI,R,Same explicitly named candidate as major-party ballot line; Decision 013,https://dataverse.harvard.edu/api/access/datafile/13887039?format=original,true,,418483,match,eligible
3575,requested_source_year,medsl-v8-group-056,2020,NORTH CAROLINA,NC,37,56.0,47,US SENATE,statewide,gen,False,CAL CUNNINGHAM,DEMOCRAT,False,total,2569965.0,5474952.0,False,20210114,DEMOCRAT,,medsl:3575,2020-NC-ordinary-general,2020,2020-11-03,gen,total,2569965,5474952,2020-NC-ordinary-general:CALCUNNINGHAM,D,Same explicitly named candidate as major-party ballot line; Decision 013,https://dataverse.harvard.edu/api/access/datafile/13887039?format=original,true,,2569965,match,eligible
3576,requested_source_year,medsl-v8-group-056,2020,NORTH CAROLINA,NC,37,56.0,47,US SENATE,statewide,gen,False,KEVIN E. HAYES,CONSTITUTION PARTY,False,total,67818.0,5474952.0,False,20210114,OTHER,,medsl:3576,2020-NC-ordinary-general,2020,2020-11-03,gen,total,67818,5474952,2020-NC-ordinary-general:KEVINEHAYES,other,MEDSL detailed party label,https://dataverse.harvard.edu/api/access/datafile/13887039?format=original,true,,67818,match,eligible
3577,requested_source_year,medsl-v8-group-056,2020,NORTH CAROLINA,NC,37,56.0,47,US SENATE,statewide,gen,False,SHANNON W. BRAY,LIBERTARIAN,False,total,171571.0,5474952.0,False,20210114,LIBERTARIAN,,medsl:3577,2020-NC-ordinary-general,2020,2020-11-03,gen,total,171571,5474952,2020-NC-ordinary-general:SHANNONWBRAY,other,MEDSL detailed party label,https://dataverse.harvard.edu/api/access/datafile/13887039?format=original,true,,171571,match,eligible
3578,requested_source_year,medsl-v8-group-056,2020,NORTH CAROLINA,NC,37,56.0,47,US SENATE,statewide,gen,False,THOM TILLIS,REPUBLICAN,False,total,2665598.0,5474952.0,False,20210114,REPUBLICAN,,medsl:3578,2020-NC-ordinary-general,2020,2020-11-03,gen,total,2665598,5474952,2020-NC-ordinary-general:THOMTILLIS,R,Same explicitly named candidate as major-party ballot line; Decision 013,https://dataverse.harvard.edu/api/access/datafile/13887039?format=original,true,,,not_crosschecked,eligible
3579,requested_source_year,medsl-v8-group-061,2020,OKLAHOMA,OK,40,73.0,53,US SENATE,statewide,gen,False,A. D. NESBIT,INDEPENDENT,False,total,11371.0,1556361.0,False,20210114,OTHER,,medsl:3579,2020-OK-ordinary-general,2020,2020-11-03,gen,total,11371,1556361,2020-OK-ordinary-general:ADNESBIT,other,MEDSL detailed party label,https://dataverse.harvard.edu/api/access/datafile/13887039?format=original,true,,11371,match,eligible
3580,requested_source_year,medsl-v8-group-061,2020,OKLAHOMA,OK,40,73.0,53,US SENATE,statewide,gen,False,ABBY BROYLES,DEMOCRAT,False,total,509763.0,1556361.0,False,20210114,DEMOCRAT,,medsl:3580,2020-OK-ordinary-general,2020,2020-11-03,gen,total,509763,1556361,2020-OK-ordinary-general:ABBYBROYLES,D,Same explicitly named candidate as major-party ballot line; Decision 013,https://dataverse.harvard.edu/api/access/datafile/13887039?format=original,true,,509763,match,eligible
3581,requested_source_year,medsl-v8-group-061,2020,OKLAHOMA,OK,40,73.0,53,US SENATE,statewide,gen,False,JIM INHOFE ,REPUBLICAN,False,total,979140.0,1556361.0,False,20210114,REPUBLICAN,candidate_whitespace,medsl:3581,2020-OK-ordinary-general,2020,2020-11-03,gen,total,979140,1556361,2020-OK-ordinary-general:JIMINHOFE,R,Same explicitly named candidate as major-party ballot line; Decision 013,https://dataverse.harvard.edu/api/access/datafile/13887039?format=original,true,,979140,match,eligible
3582,requested_source_year,medsl-v8-group-061,2020,OKLAHOMA,OK,40,73.0,53,US SENATE,statewide,gen,False,JOAN FARR,INDEPENDENT,False,total,21652.0,1556361.0,False,20210114,OTHER,,medsl:3582,2020-OK-ordinary-general,2020,2020-11-03,gen,total,21652,1556361,2020-OK-ordinary-general:JOANFARR,other,MEDSL detailed party label,https://dataverse.harvard.edu/api/access/datafile/13887039?format=original,true,,21652,match,eligible
3583,requested_source_year,medsl-v8-group-061,2020,OKLAHOMA,OK,40,73.0,53,US SENATE,statewide,gen,False,ROBERT MURPHY,LIBERTARIAN,False,total,34435.0,1556361.0,False,20210114,LIBERTARIAN,,medsl:3583,2020-OK-ordinary-general,2020,2020-11-03,gen,total,34435,1556361,2020-OK-ordinary-general:ROBERTMURPHY,other,MEDSL detailed party label,https://dataverse.harvard.edu/api/access/datafile/13887039?format=original,true,,34435,match,eligible
3584,requested_source_year,medsl-v8-group-062,2020,OREGON,OR,41,92.0,72,US SENATE,statewide,gen,False,GARY DYE,LIBERTARIAN,False,total,42747.0,2321249.0,False,20210114,LIBERTARIAN,,medsl:3584,2020-OR-ordinary-general,2020,2020-11-03,gen,total,42747,2321249,2020-OR-ordinary-general:GARYDYE,other,MEDSL detailed party label,https://dataverse.harvard.edu/api/access/datafile/13887039?format=original,true,,42747,match,eligible
3585,requested_source_year,medsl-v8-group-062,2020,OREGON,OR,41,92.0,72,US SENATE,statewide,gen,False,IBRAHIM A TAHER,PACIFIC GREEN,False,total,42239.0,2321249.0,False,20210114,OTHER,,medsl:3585,2020-OR-ordinary-general,2020,2020-11-03,gen,total,42239,2321249,2020-OR-ordinary-general:IBRAHIMATAHER,other,MEDSL detailed party label,https://dataverse.harvard.edu/api/access/datafile/13887039?format=original,true,,42239,match,eligible
3586,requested_source_year,medsl-v8-group-062,2020,OREGON,OR,41,92.0,72,US SENATE,statewide,gen,False,JEFF MERKLEY,DEMOCRAT,False,total,1321047.0,2321249.0,False,20210114,DEMOCRAT,,medsl:3586,2020-OR-ordinary-general,2020,2020-11-03,gen,total,1321047,2321249,2020-OR-ordinary-general:JEFFMERKLEY,D,Same explicitly named candidate as major-party ballot line; Decision 013,https://dataverse.harvard.edu/api/access/datafile/13887039?format=original,true,,1321047,match,eligible
3587,requested_source_year,medsl-v8-group-062,2020,OREGON,OR,41,92.0,72,US SENATE,statewide,gen,False,JO RAE PERKINS,REPUBLICAN,False,total,912814.0,2321249.0,False,20210114,REPUBLICAN,,medsl:3587,2020-OR-ordinary-general,2020,2020-11-03,gen,total,912814,2321249,2020-OR-ordinary-general:JORAEPERKINS,R,Same explicitly named candidate as major-party ballot line; Decision 013,https://dataverse.harvard.edu/api/access/datafile/13887039?format=original,true,,,not_crosschecked,eligible
3588,requested_source_year,medsl-v8-group-062,2020,OREGON,OR,41,92.0,72,US SENATE,statewide,gen,False,,,True,total,2402.0,2321249.0,False,20210114,OTHER,missing_candidate_name,medsl:3588,2020-OR-ordinary-general,2020,2020-11-03,gen,total,2402,2321249,2020-OR-ordinary-general:UNNAMEDWRITEINS-3588,other,Unidentified aggregate: valid votes retained without invented candidate identity,https://dataverse.harvard.edu/api/access/datafile/13887039?format=original,true,blank_detailed_party;unidentified_aggregate;side_differs_detailed_party,,not_crosschecked,eligible
3589,requested_source_year,medsl-v8-group-063,2020,RHODE ISLAND,RI,44,15.0,5,US SENATE,statewide,gen,False,ALLEN R. WATERS,REPUBLICAN,False,total,164855.0,494262.0,False,20210114,REPUBLICAN,,medsl:3589,2020-RI-ordinary-general,2020,2020-11-03,gen,total,164855,494262,2020-RI-ordinary-general:ALLENRWATERS,R,Same explicitly named candidate as major-party ballot line; Decision 013,https://dataverse.harvard.edu/api/access/datafile/13887039?format=original,true,,164855,match,eligible
3590,requested_source_year,medsl-v8-group-063,2020,RHODE ISLAND,RI,44,15.0,5,US SENATE,statewide,gen,False,JOHN F. REED,DEMOCRAT,False,total,328574.0,494262.0,False,20210114,DEMOCRAT,,medsl:3590,2020-RI-ordinary-general,2020,2020-11-03,gen,total,328574,494262,2020-RI-ordinary-general:JOHNFREED,D,Same explicitly named candidate as major-party ballot line; Decision 013,https://dataverse.harvard.edu/api/access/datafile/13887039?format=original,true,,328574,match,eligible
3591,requested_source_year,medsl-v8-group-063,2020,RHODE ISLAND,RI,44,15.0,5,US SENATE,statewide,gen,False,,,True,total,833.0,494262.0,False,20210114,OTHER,missing_candidate_name,medsl:3591,2020-RI-ordinary-general,2020,2020-11-03,gen,total,833,494262,2020-RI-ordinary-general:UNNAMEDWRITEINS-3591,other,Unidentified aggregate: valid votes retained without invented candidate identity,https://dataverse.harvard.edu/api/access/datafile/13887039?format=original,true,blank_detailed_party;unidentified_aggregate;side_differs_detailed_party,,not_crosschecked,eligible
3592,requested_source_year,medsl-v8-group-064,2020,SOUTH CAROLINA,SC,45,57.0,48,US SENATE,statewide,gen,False,BILL BLEDSOE,CONSTITUTION PARTY,False,total,32845.0,2515104.0,False,20210114,OTHER,,medsl:3592,2020-SC-ordinary-general,2020,2020-11-03,gen,total,32845,2515104,2020-SC-ordinary-general:BILLBLEDSOE,other,MEDSL detailed party label,https://dataverse.harvard.edu/api/access/datafile/13887039?format=original,true,,32845,match,eligible
3593,requested_source_year,medsl-v8-group-064,2020,SOUTH CAROLINA,SC,45,57.0,48,US SENATE,statewide,gen,False,JAIME HARRISON,DEMOCRAT,False,total,1110828.0,2515104.0,False,20210114,DEMOCRAT,,medsl:3593,2020-SC-ordinary-general,2020,2020-11-03,gen,total,1110828,2515104,2020-SC-ordinary-general:JAIMEHARRISON,D,Same explicitly named candidate as major-party ballot line; Decision 013,https://dataverse.harvard.edu/api/access/datafile/13887039?format=original,true,,1110828,match,eligible
3594,requested_source_year,medsl-v8-group-064,2020,SOUTH CAROLINA,SC,45,57.0,48,US SENATE,statewide,gen,False,LINDSEY GRAHAM,REPUBLICAN,False,total,1369137.0,2515104.0,False,20210114,REPUBLICAN,,medsl:3594,2020-SC-ordinary-general,2020,2020-11-03,gen,total,1369137,2515104,2020-SC-ordinary-general:LINDSEYGRAHAM,R,Same explicitly named candidate as major-party ballot line; Decision 013,https://dataverse.harvard.edu/api/access/datafile/13887039?format=original,true,,1369137,match,eligible
3595,requested_source_year,medsl-v8-group-064,2020,SOUTH CAROLINA,SC,45,57.0,48,US SENATE,statewide,gen,False,,,True,total,2294.0,2515104.0,False,20210114,OTHER,missing_candidate_name,medsl:3595,2020-SC-ordinary-general,2020,2020-11-03,gen,total,2294,2515104,2020-SC-ordinary-general:UNNAMEDWRITEINS-3595,other,Unidentified aggregate: valid votes retained without invented candidate identity,https://dataverse.harvard.edu/api/access/datafile/13887039?format=original,true,blank_detailed_party;unidentified_aggregate;side_differs_detailed_party,,not_crosschecked,eligible
3596,requested_source_year,medsl-v8-group-065,2020,SOUTH DAKOTA,SD,46,45.0,37,US SENATE,statewide,gen,False,DAN AHLERS,DEMOCRAT,False,total,143987.0,420219.0,True,20210114,DEMOCRAT,unofficial_return,medsl:3596,2020-SD-ordinary-general,2020,2020-11-03,gen,total,143987,420219,2020-SD-ordinary-general:DANAHLERS,D,Same explicitly named candidate as major-party ballot line; Decision 013,https://dataverse.harvard.edu/api/access/datafile/13887039?format=original,true,unofficial_source_returns,143987,match,pending
3597,requested_source_year,medsl-v8-group-065,2020,SOUTH DAKOTA,SD,46,45.0,37,US SENATE,statewide,gen,False,MIKE ROUNDS,REPUBLICAN,False,total,276232.0,420219.0,True,20210114,REPUBLICAN,unofficial_return,medsl:3597,2020-SD-ordinary-general,2020,2020-11-03,gen,total,276232,420219,2020-SD-ordinary-general:MIKEROUNDS,R,Same explicitly named candidate as major-party ballot line; Decision 013,https://dataverse.harvard.edu/api/access/datafile/13887039?format=original,true,unofficial_source_returns,276232,match,pending
3598,requested_source_year,medsl-v8-group-066,2020,TENNESSEE,TN,47,62.0,54,US SENATE,statewide,gen,False,AARON JAMES,INDEPENDENT,False,total,7203.0,2959761.0,False,20210114,OTHER,,medsl:3598,2020-TN-ordinary-general,2020,2020-11-03,gen,total,7203,2959761,2020-TN-ordinary-general:AARONJAMES,other,MEDSL detailed party label,https://dataverse.harvard.edu/api/access/datafile/13887039?format=original,true,,7203,match,pending
3599,requested_source_year,medsl-v8-group-066,2020,TENNESSEE,TN,47,62.0,54,US SENATE,statewide,gen,False,BILL HAGERTY,REPUBLICAN,False,total,1840926.0,2959761.0,False,20210114,REPUBLICAN,,medsl:3599,2020-TN-ordinary-general,2020,2020-11-03,gen,total,1840926,2959761,2020-TN-ordinary-general:BILLHAGERTY,R,Same explicitly named candidate as major-party ballot line; Decision 013,https://dataverse.harvard.edu/api/access/datafile/13887039?format=original,true,,1840926,match,pending
3600,requested_source_year,medsl-v8-group-066,2020,TENNESSEE,TN,47,62.0,54,US SENATE,statewide,gen,False,ELIZABETH MCLEOD,INDEPENDENT,False,total,16652.0,2959761.0,False,20210114,OTHER,,medsl:3600,2020-TN-ordinary-general,2020,2020-11-03,gen,total,16652,2959761,2020-TN-ordinary-general:ELIZABETHMCLEOD,other,MEDSL detailed party label,https://dataverse.harvard.edu/api/access/datafile/13887039?format=original,true,,16652,match,pending
3601,requested_source_year,medsl-v8-group-066,2020,TENNESSEE,TN,47,62.0,54,US SENATE,statewide,gen,False,ERIC WILLIAM STANSBERRY,INDEPENDENT,False,total,6781.0,2959761.0,False,20210114,OTHER,,medsl:3601,2020-TN-ordinary-general,2020,2020-11-03,gen,total,6781,2959761,2020-TN-ordinary-general:ERICWILLIAMSTANSBERRY,other,MEDSL detailed party label,https://dataverse.harvard.edu/api/access/datafile/13887039?format=original,true,,6781,match,pending
3602,requested_source_year,medsl-v8-group-066,2020,TENNESSEE,TN,47,62.0,54,US SENATE,statewide,gen,False,G. DEAN HILL,INDEPENDENT,False,total,4872.0,2959761.0,False,20210114,OTHER,,medsl:3602,2020-TN-ordinary-general,2020,2020-11-03,gen,total,4872,2959761,2020-TN-ordinary-general:GDEANHILL,other,MEDSL detailed party label,https://dataverse.harvard.edu/api/access/datafile/13887039?format=original,true,,4872,match,pending
3603,requested_source_year,medsl-v8-group-066,2020,TENNESSEE,TN,47,62.0,54,US SENATE,statewide,gen,False,JEFFREY ALAN GRUNAU,INDEPENDENT,False,total,4160.0,2959761.0,False,20210114,OTHER,,medsl:3603,2020-TN-ordinary-general,2020,2020-11-03,gen,total,4160,2959761,2020-TN-ordinary-general:JEFFREYALANGRUNAU,other,MEDSL detailed party label,https://dataverse.harvard.edu/api/access/datafile/13887039?format=original,true,,4160,match,pending
3604,requested_source_year,medsl-v8-group-066,2020,TENNESSEE,TN,47,62.0,54,US SENATE,statewide,gen,False,JOHN A. GENTRY,,True,total,64.0,2959761.0,False,20210114,OTHER,,medsl:3604,2020-TN-ordinary-general,2020,2020-11-03,gen,total,64,2959761,2020-TN-ordinary-general:JOHNAGENTRY,unknown,MEDSL detailed party label,https://dataverse.harvard.edu/api/access/datafile/13887039?format=original,true,blank_detailed_party;side_differs_simplified_party,64,match,pending
3605,requested_source_year,medsl-v8-group-066,2020,TENNESSEE,TN,47,62.0,54,US SENATE,statewide,gen,False,KACEY MORGAN,INDEPENDENT,False,total,9598.0,2959761.0,False,20210114,OTHER,,medsl:3605,2020-TN-ordinary-general,2020,2020-11-03,gen,total,9598,2959761,2020-TN-ordinary-general:KACEYMORGAN,other,MEDSL detailed party label,https://dataverse.harvard.edu/api/access/datafile/13887039?format=original,true,,9598,match,pending
3606,requested_source_year,medsl-v8-group-066,2020,TENNESSEE,TN,47,62.0,54,US SENATE,statewide,gen,False,MARQUITA BRADSHAW,DEMOCRAT,False,total,1040691.0,2959761.0,False,20210114,DEMOCRAT,,medsl:3606,2020-TN-ordinary-general,2020,2020-11-03,gen,total,1040691,2959761,2020-TN-ordinary-general:MARQUITABRADSHAW,D,Same explicitly named candidate as major-party ballot line; Decision 013,https://dataverse.harvard.edu/api/access/datafile/13887039?format=original,true,,1040691,match,pending
3607,requested_source_year,medsl-v8-group-066,2020,TENNESSEE,TN,47,62.0,54,US SENATE,statewide,gen,False,RONNIE HENLEY,INDEPENDENT,False,total,8478.0,2959761.0,False,20210114,OTHER,,medsl:3607,2020-TN-ordinary-general,2020,2020-11-03,gen,total,8478,2959761,2020-TN-ordinary-general:RONNIEHENLEY,other,MEDSL detailed party label,https://dataverse.harvard.edu/api/access/datafile/13887039?format=original,true,,8478,match,pending
3608,requested_source_year,medsl-v8-group-066,2020,TENNESSEE,TN,47,62.0,54,US SENATE,statewide,gen,False,STEVEN J. HOOPER,INDEPENDENT,False,total,9609.0,2959761.0,False,20210114,OTHER,,medsl:3608,2020-TN-ordinary-general,2020,2020-11-03,gen,total,9609,2959761,2020-TN-ordinary-general:STEVENJHOOPER,other,MEDSL detailed party label,https://dataverse.harvard.edu/api/access/datafile/13887039?format=original,true,,9609,match,pending
3609,requested_source_year,medsl-v8-group-066,2020,TENNESSEE,TN,47,62.0,54,US SENATE,statewide,gen,False,"YOMI ""FAPAS"" FAPARUSI SR.",INDEPENDENT,False,total,10727.0,2959761.0,False,20210114,OTHER,,medsl:3609,2020-TN-ordinary-general,2020,2020-11-03,gen,total,10727,2959761,2020-TN-ordinary-general:YOMIFAPASFAPARUSISR,other,MEDSL detailed party label,https://dataverse.harvard.edu/api/access/datafile/13887039?format=original,true,,,not_crosschecked,pending
3610,requested_source_year,medsl-v8-group-067,2020,TEXAS,TX,48,74.0,49,US SENATE,statewide,gen,False,DAVID B. COLLINS,GREEN,False,total,81893.0,11144040.0,False,20210114,OTHER,,medsl:3610,2020-TX-ordinary-general,2020,2020-11-03,gen,total,81893,11144040,2020-TX-ordinary-general:DAVIDBCOLLINS,other,MEDSL detailed party label,https://dataverse.harvard.edu/api/access/datafile/13887039?format=original,true,,81893,match,pending
3611,requested_source_year,medsl-v8-group-067,2020,TEXAS,TX,48,74.0,49,US SENATE,statewide,gen,False,JOHN CORNYN,REPUBLICAN,False,total,5962983.0,11144040.0,False,20210114,REPUBLICAN,,medsl:3611,2020-TX-ordinary-general,2020,2020-11-03,gen,total,5962983,11144040,2020-TX-ordinary-general:JOHNCORNYN,R,Same explicitly named candidate as major-party ballot line; Decision 013,https://dataverse.harvard.edu/api/access/datafile/13887039?format=original,true,,5962983,match,pending
3612,requested_source_year,medsl-v8-group-067,2020,TEXAS,TX,48,74.0,49,US SENATE,statewide,gen,False,KERRY DOUGLAS MCKENNON,LIBERTARIAN,False,total,209722.0,11144040.0,False,20210114,LIBERTARIAN,,medsl:3612,2020-TX-ordinary-general,2020,2020-11-03,gen,total,209722,11144040,2020-TX-ordinary-general:KERRYDOUGLASMCKENNON,other,MEDSL detailed party label,https://dataverse.harvard.edu/api/access/datafile/13887039?format=original,true,,209722,match,pending
3613,requested_source_year,medsl-v8-group-067,2020,TEXAS,TX,48,74.0,49,US SENATE,statewide,gen,False,"MARY ""MJ"" HEGAR",DEMOCRAT,False,total,4888764.0,11144040.0,False,20210114,DEMOCRAT,,medsl:3613,2020-TX-ordinary-general,2020,2020-11-03,gen,total,4888764,11144040,2020-TX-ordinary-general:MARYMJHEGAR,D,Same explicitly named candidate as major-party ballot line; Decision 013,https://dataverse.harvard.edu/api/access/datafile/13887039?format=original,true,,4888764,match,pending
3614,requested_source_year,medsl-v8-group-067,2020,TEXAS,TX,48,74.0,49,US SENATE,statewide,gen,False,RICARDO TURULLOLS-BONILLA,,True,total,678.0,11144040.0,False,20210114,OTHER,,medsl:3614,2020-TX-ordinary-general,2020,2020-11-03,gen,total,678,11144040,2020-TX-ordinary-general:RICARDOTURULLOLSBONILLA,unknown,MEDSL detailed party label,https://dataverse.harvard.edu/api/access/datafile/13887039?format=original,true,blank_detailed_party;side_differs_simplified_party,678,match,pending
3615,requested_source_year,medsl-v8-group-068,2020,VIRGINIA,VA,51,54.0,40,US SENATE,statewide,gen,False,DANIEL M. GADE,REPUBLICAN,False,total,1934199.0,4405087.0,False,20210114,REPUBLICAN,,medsl:3615,2020-VA-ordinary-general,2020,2020-11-03,gen,total,1934199,4405087,2020-VA-ordinary-general:DANIELMGADE,R,Same explicitly named candidate as major-party ballot line; Decision 013,https://dataverse.harvard.edu/api/access/datafile/13887039?format=original,true,,1934199,match,eligible
3616,requested_source_year,medsl-v8-group-068,2020,VIRGINIA,VA,51,54.0,40,US SENATE,statewide,gen,False,MARK R. WARNER,DEMOCRAT,False,total,2466500.0,4405087.0,False,20210114,DEMOCRAT,,medsl:3616,2020-VA-ordinary-general,2020,2020-11-03,gen,total,2466500,4405087,2020-VA-ordinary-general:MARKRWARNER,D,Same explicitly named candidate as major-party ballot line; Decision 013,https://dataverse.harvard.edu/api/access/datafile/13887039?format=original,true,,2466500,match,eligible
3617,requested_source_year,medsl-v8-group-068,2020,VIRGINIA,VA,51,54.0,40,US SENATE,statewide,gen,False,,,True,total,4388.0,4405087.0,False,20210114,OTHER,missing_candidate_name,medsl:3617,2020-VA-ordinary-general,2020,2020-11-03,gen,total,4388,4405087,2020-VA-ordinary-general:UNNAMEDWRITEINS-3617,other,Unidentified aggregate: valid votes retained without invented candidate identity,https://dataverse.harvard.edu/api/access/datafile/13887039?format=original,true,blank_detailed_party;unidentified_aggregate;side_differs_detailed_party,,not_crosschecked,eligible
3618,requested_source_year,medsl-v8-group-069,2020,WEST VIRGINIA,WV,54,55.0,56,US SENATE,statewide,gen,False,DAVID MORAN,LIBERTARIAN,False,total,21155.0,778918.0,False,20210114,LIBERTARIAN,,medsl:3618,2020-WV-ordinary-general,2020,2020-11-03,gen,total,21155,778918,2020-WV-ordinary-general:DAVIDMORAN,other,MEDSL detailed party label,https://dataverse.harvard.edu/api/access/datafile/13887039?format=original,true,,21155,match,eligible
3619,requested_source_year,medsl-v8-group-069,2020,WEST VIRGINIA,WV,54,55.0,56,US SENATE,statewide,gen,False,PAULA JEAN SWEARENGIN,DEMOCRAT,False,total,210309.0,778918.0,False,20210114,DEMOCRAT,,medsl:3619,2020-WV-ordinary-general,2020,2020-11-03,gen,total,210309,778918,2020-WV-ordinary-general:PAULAJEANSWEARENGIN,D,Same explicitly named candidate as major-party ballot line; Decision 013,https://dataverse.harvard.edu/api/access/datafile/13887039?format=original,true,,210309,match,eligible
3620,requested_source_year,medsl-v8-group-069,2020,WEST VIRGINIA,WV,54,55.0,56,US SENATE,statewide,gen,False,SHELLEY MOORE CAPITO,REPUBLICAN,False,total,547454.0,778918.0,False,20210114,REPUBLICAN,,medsl:3620,2020-WV-ordinary-general,2020,2020-11-03,gen,total,547454,778918,2020-WV-ordinary-general:SHELLEYMOORECAPITO,R,Same explicitly named candidate as major-party ballot line; Decision 013,https://dataverse.harvard.edu/api/access/datafile/13887039?format=original,true,,547454,match,eligible
3621,requested_source_year,medsl-v8-group-070,2020,WYOMING,WY,56,83.0,68,US SENATE,statewide,gen,False,CYNTHIA M. LUMMIS,,False,total,198100.0,278503.0,False,20210114,OTHER,,medsl:3621,2020-WY-ordinary-general,2020,2020-11-03,gen,total,198100,278503,2020-WY-ordinary-general:CYNTHIAMLUMMIS,R,"Official Wyoming statewide summary, page 2, Republican",https://sos.wyo.gov/Elections/Docs/2020/Results/General/2020_General_Statewide_Candidates_Summary.pdf,true,blank_detailed_party;side_differs_detailed_party;side_differs_simplified_party,198100,match,eligible
3622,requested_source_year,medsl-v8-group-070,2020,WYOMING,WY,56,83.0,68,US SENATE,statewide,gen,False,MERAV BEN DAVID,,False,total,72766.0,278503.0,False,20210114,OTHER,,medsl:3622,2020-WY-ordinary-general,2020,2020-11-03,gen,total,72766,278503,2020-WY-ordinary-general:MERAVBENDAVID,D,"Official Wyoming statewide summary, page 2, Democratic",https://sos.wyo.gov/Elections/Docs/2020/Results/General/2020_General_Statewide_Candidates_Summary.pdf,true,blank_detailed_party;side_differs_detailed_party;side_differs_simplified_party;fec_vote_count_conflict,73766,state_confirms_medsl,eligible
3623,requested_source_year,medsl-v8-group-070,2020,WYOMING,WY,56,83.0,68,US SENATE,statewide,gen,False,OVER VOTES,,False,total,165.0,278503.0,False,20210114,OTHER,noncandidate_vote_category,medsl:3623,2020-WY-ordinary-general,2020,2020-11-03,gen,total,165,278503,2020-WY-ordinary-general:OVERVOTES,other,Noncandidate ballot category; outside valid-vote denominator (Decision 013),https://dataverse.harvard.edu/api/access/datafile/13887039?format=original,false,blank_detailed_party;side_differs_detailed_party,,not_crosschecked,eligible
3624,requested_source_year,medsl-v8-group-070,2020,WYOMING,WY,56,83.0,68,US SENATE,statewide,gen,False,UNDER VOTES,,False,total,6401.0,278503.0,False,20210114,OTHER,noncandidate_vote_category,medsl:3624,2020-WY-ordinary-general,2020,2020-11-03,gen,total,6401,278503,2020-WY-ordinary-general:UNDERVOTES,other,Noncandidate ballot category; outside valid-vote denominator (Decision 013),https://dataverse.harvard.edu/api/access/datafile/13887039?format=original,false,blank_detailed_party;side_differs_detailed_party,,not_crosschecked,eligible
3625,requested_source_year,medsl-v8-group-070,2020,WYOMING,WY,56,83.0,68,US SENATE,statewide,gen,False,,,True,total,1071.0,278503.0,False,20210114,OTHER,missing_candidate_name,medsl:3625,2020-WY-ordinary-general,2020,2020-11-03,gen,total,1071,278503,2020-WY-ordinary-general:UNNAMEDWRITEINS-3625,other,Unidentified aggregate: valid votes retained without invented candidate identity,https://dataverse.harvard.edu/api/access/datafile/13887039?format=original,true,blank_detailed_party;unidentified_aggregate;side_differs_detailed_party,,not_crosschecked,eligible
3626,supplemental_GA_2021_runoff,medsl-v8-group-071,2021,GEORGIA,GA,13,58.0,44,US SENATE,statewide,runoff,False,DAVID A. PERDUE,REPUBLICAN,False,total,2213979.0,4483241.0,True,20210114,REPUBLICAN,unofficial_return;supplemental_2021_runoff_cycle_unassigned,medsl:3626,2020-GA-ordinary-runoff,2020,2021-01-05,runoff,total,2213979,4483241,2020-GA-ordinary-runoff:DAVIDAPERDUE,R,Same explicitly named candidate as major-party ballot line; Decision 013,https://dataverse.harvard.edu/api/access/datafile/13887039?format=original,true,unofficial_source_returns;fec_vote_count_conflict,2214979,conflict,pending
3627,supplemental_GA_2021_runoff,medsl-v8-group-071,2021,GEORGIA,GA,13,58.0,44,US SENATE,statewide,runoff,False,JON OSSOFF,DEMOCRAT,False,total,2269262.0,4483241.0,True,20210114,DEMOCRAT,unofficial_return;supplemental_2021_runoff_cycle_unassigned,medsl:3627,2020-GA-ordinary-runoff,2020,2021-01-05,runoff,total,2269262,4483241,2020-GA-ordinary-runoff:JONOSSOFF,D,Same explicitly named candidate as major-party ballot line; Decision 013,https://dataverse.harvard.edu/api/access/datafile/13887039?format=original,true,unofficial_source_returns;fec_vote_count_conflict,2269923,conflict,pending
3628,supplemental_GA_2021_runoff,medsl-v8-group-072,2021,GEORGIA,GA,13,58.0,44,US SENATE,statewide,runoff,True,KELLY LOEFFLER,REPUBLICAN,False,total,2194848.0,4483294.0,True,20210114,REPUBLICAN,unofficial_return;supplemental_2021_runoff_cycle_unassigned,medsl:3628,2020-GA-special-runoff,2020,2021-01-05,runoff,total,2194848,4483294,2020-GA-special-runoff:KELLYLOEFFLER,R,Same explicitly named candidate as major-party ballot line; Decision 013,https://dataverse.harvard.edu/api/access/datafile/13887039?format=original,true,unofficial_source_returns;fec_vote_count_conflict,2195841,conflict,pending
3629,supplemental_GA_2021_runoff,medsl-v8-group-072,2021,GEORGIA,GA,13,58.0,44,US SENATE,statewide,runoff,True,RAPHAEL WARNOCK,DEMOCRAT,False,total,2288446.0,4483294.0,True,20210114,DEMOCRAT,unofficial_return;supplemental_2021_runoff_cycle_unassigned,medsl:3629,2020-GA-special-runoff,2020,2021-01-05,runoff,total,2288446,4483294,2020-GA-special-runoff:RAPHAELWARNOCK,D,Same explicitly named candidate as major-party ballot line; Decision 013,https://dataverse.harvard.edu/api/access/datafile/13887039?format=original,true,unofficial_source_returns;fec_vote_count_conflict,2289113,conflict,pending
3798,requested_source_year,medsl-v8-group-073,2024,ARIZONA,AZ,4,86.0,61,US SENATE,statewide,GEN,False,EDUARDO QUINTANA,GREEN,False,TOTAL,75868.0,3347964.0,True,11/20/25,OTHER,unofficial_return,medsl:3798,2024-AZ-ordinary-general,2024,2024-11-05,gen,total,75868,3347964,2024-AZ-ordinary-general:EDUARDOQUINTANA,other,MEDSL detailed party label,https://dataverse.harvard.edu/api/access/datafile/13887039?format=original,true,unofficial_source_returns,,not_crosschecked,excluded
3799,requested_source_year,medsl-v8-group-073,2024,ARIZONA,AZ,4,86.0,61,US SENATE,statewide,GEN,False,KARI LAKE,REPUBLICAN,False,TOTAL,1595761.0,3347964.0,True,11/20/25,REPUBLICAN,unofficial_return,medsl:3799,2024-AZ-ordinary-general,2024,2024-11-05,gen,total,1595761,3347964,2024-AZ-ordinary-general:KARILAKE,R,Same explicitly named candidate as major-party ballot line; Decision 013,https://dataverse.harvard.edu/api/access/datafile/13887039?format=original,true,unofficial_source_returns,,not_crosschecked,excluded
3800,requested_source_year,medsl-v8-group-073,2024,ARIZONA,AZ,4,86.0,61,US SENATE,statewide,GEN,False,RUBEN GALLEGO,DEMOCRAT,False,TOTAL,1676335.0,3347964.0,True,11/20/25,DEMOCRAT,unofficial_return,medsl:3800,2024-AZ-ordinary-general,2024,2024-11-05,gen,total,1676335,3347964,2024-AZ-ordinary-general:RUBENGALLEGO,D,Same explicitly named candidate as major-party ballot line; Decision 013,https://dataverse.harvard.edu/api/access/datafile/13887039?format=original,true,unofficial_source_returns,,not_crosschecked,excluded
3801,requested_source_year,medsl-v8-group-074,2024,CALIFORNIA,CA,6,93.0,71,US SENATE,statewide,GEN,False,ADAM B. SCHIFF,DEMOCRAT,False,TOTAL,9036252.0,15348846.0,False,11/20/25,DEMOCRAT,,medsl:3801,2024-CA-ordinary-general,2024,2024-11-05,gen,total,9036252,15348846,2024-CA-ordinary-general:ADAMBSCHIFF,D,Same explicitly named candidate as major-party ballot line; Decision 013,https://dataverse.harvard.edu/api/access/datafile/13887039?format=original,true,,,not_crosschecked,excluded
3802,requested_source_year,medsl-v8-group-074,2024,CALIFORNIA,CA,6,93.0,71,US SENATE,statewide,GEN,False,STEVE GARVEY,REPUBLICAN,False,TOTAL,6312594.0,15348846.0,False,11/20/25,REPUBLICAN,,medsl:3802,2024-CA-ordinary-general,2024,2024-11-05,gen,total,6312594,15348846,2024-CA-ordinary-general:STEVEGARVEY,R,Same explicitly named candidate as major-party ballot line; Decision 013,https://dataverse.harvard.edu/api/access/datafile/13887039?format=original,true,,,not_crosschecked,excluded
3803,requested_source_year,medsl-v8-group-075,2024,CALIFORNIA,CA,6,93.0,71,US SENATE,statewide,GEN,True,ADAM B. SCHIFF,DEMOCRAT,False,TOTAL,8837051.0,15041688.0,True,20241212,DEMOCRAT,unofficial_return,medsl:3803,2024-CA-special-general,2024,2024-11-05,gen,total,8837051,15041688,2024-CA-special-general:ADAMBSCHIFF,D,Same explicitly named candidate as major-party ballot line; Decision 013,https://dataverse.harvard.edu/api/access/datafile/13887039?format=original,true,unofficial_source_returns,,not_crosschecked,excluded
3804,requested_source_year,medsl-v8-group-075,2024,CALIFORNIA,CA,6,93.0,71,US SENATE,statewide,GEN,True,STEVE GARVEY,REPUBLICAN,False,TOTAL,6204637.0,15041688.0,True,20241212,REPUBLICAN,unofficial_return,medsl:3804,2024-CA-special-general,2024,2024-11-05,gen,total,6204637,15041688,2024-CA-special-general:STEVEGARVEY,R,Same explicitly named candidate as major-party ballot line; Decision 013,https://dataverse.harvard.edu/api/access/datafile/13887039?format=original,true,unofficial_source_returns,,not_crosschecked,excluded
3805,requested_source_year,medsl-v8-group-076,2024,CONNECTICUT,CT,9,16.0,1,US SENATE,statewide,GEN,False,CHRISTOPHER S. MURPHY,DEMOCRATIC,False,TOTAL,953646.0,1708259.0,False,11/20/25,DEMOCRAT,repeated_candidate_name_review_ballot_lines,medsl:3805,2024-CT-ordinary-general,2024,2024-11-05,gen,total,953646,1708259,2024-CT-ordinary-general:CHRISTOPHERSMURPHY,D,Same explicitly named candidate as major-party ballot line; Decision 013,https://dataverse.harvard.edu/api/access/datafile/13887039?format=original,true,,,not_crosschecked,excluded
3806,requested_source_year,medsl-v8-group-076,2024,CONNECTICUT,CT,9,16.0,1,US SENATE,statewide,GEN,False,CHRISTOPHER S. MURPHY,WORKING FAMILIES,False,TOTAL,47049.0,1708259.0,False,11/20/25,OTHER,repeated_candidate_name_review_ballot_lines,medsl:3806,2024-CT-ordinary-general,2024,2024-11-05,gen,total,47049,1708259,2024-CT-ordinary-general:CHRISTOPHERSMURPHY,D,Same explicitly named candidate as major-party ballot line; Decision 013,https://dataverse.harvard.edu/api/access/datafile/13887039?format=original,true,side_differs_detailed_party;side_differs_simplified_party,,not_crosschecked,excluded
3807,requested_source_year,medsl-v8-group-076,2024,CONNECTICUT,CT,9,16.0,1,US SENATE,statewide,GEN,False,JUSTIN C. PAGLINO,GREEN,False,TOTAL,14422.0,1708259.0,False,11/20/25,OTHER,,medsl:3807,2024-CT-ordinary-general,2024,2024-11-05,gen,total,14422,1708259,2024-CT-ordinary-general:JUSTINCPAGLINO,other,MEDSL detailed party label,https://dataverse.harvard.edu/api/access/datafile/13887039?format=original,true,,,not_crosschecked,excluded
3808,requested_source_year,medsl-v8-group-076,2024,CONNECTICUT,CT,9,16.0,1,US SENATE,statewide,GEN,False,MATTHEW M. COREY,REPUBLICAN,False,TOTAL,678256.0,1708259.0,False,11/20/25,REPUBLICAN,,medsl:3808,2024-CT-ordinary-general,2024,2024-11-05,gen,total,678256,1708259,2024-CT-ordinary-general:MATTHEWMCOREY,R,Same explicitly named candidate as major-party ballot line; Decision 013,https://dataverse.harvard.edu/api/access/datafile/13887039?format=original,true,,,not_crosschecked,excluded
3809,requested_source_year,medsl-v8-group-076,2024,CONNECTICUT,CT,9,16.0,1,US SENATE,statewide,GEN,False,OTHER,OTHER,False,TOTAL,7.0,1708259.0,False,11/20/25,OTHER,,medsl:3809,2024-CT-ordinary-general,2024,2024-11-05,gen,total,7,1708259,2024-CT-ordinary-general:OTHER,other,MEDSL detailed party label,https://dataverse.harvard.edu/api/access/datafile/13887039?format=original,true,,,not_crosschecked,excluded
3810,requested_source_year,medsl-v8-group-076,2024,CONNECTICUT,CT,9,16.0,1,US SENATE,statewide,GEN,False,ROBERT FINLEY HYDE,CHEAPER GAS GROCERIES,False,TOTAL,14879.0,1708259.0,False,11/20/25,OTHER,,medsl:3810,2024-CT-ordinary-general,2024,2024-11-05,gen,total,14879,1708259,2024-CT-ordinary-general:ROBERTFINLEYHYDE,other,MEDSL detailed party label,https://dataverse.harvard.edu/api/access/datafile/13887039?format=original,true,,,not_crosschecked,excluded
3811,requested_source_year,medsl-v8-group-077,2024,DELAWARE,DE,10,51.0,11,US SENATE,statewide,GEN,False,ERIC HANSEN,REPUBLICAN,False,TOTAL,197753.0,500606.0,False,11/20/25,REPUBLICAN,,medsl:3811,2024-DE-ordinary-general,2024,2024-11-05,gen,total,197753,500606,2024-DE-ordinary-general:ERICHANSEN,R,Same explicitly named candidate as major-party ballot line; Decision 013,https://dataverse.harvard.edu/api/access/datafile/13887039?format=original,true,,,not_crosschecked,excluded
3812,requested_source_year,medsl-v8-group-077,2024,DELAWARE,DE,10,51.0,11,US SENATE,statewide,GEN,False,LISA BLUNT ROCHESTER,DEMOCRATIC,False,TOTAL,283298.0,500606.0,False,11/20/25,DEMOCRAT,,medsl:3812,2024-DE-ordinary-general,2024,2024-11-05,gen,total,283298,500606,2024-DE-ordinary-general:LISABLUNTROCHESTER,D,Same explicitly named candidate as major-party ballot line; Decision 013,https://dataverse.harvard.edu/api/access/datafile/13887039?format=original,true,,,not_crosschecked,excluded
3813,requested_source_year,medsl-v8-group-077,2024,DELAWARE,DE,10,51.0,11,US SENATE,statewide,GEN,False,"MICHAEL ""DR. MIKE"" KATZ",INDEPENDENT PARTY OF DELAWARE,False,TOTAL,19555.0,500606.0,False,11/20/25,OTHER,,medsl:3813,2024-DE-ordinary-general,2024,2024-11-05,gen,total,19555,500606,2024-DE-ordinary-general:MICHAELDRMIKEKATZ,other,MEDSL detailed party label,https://dataverse.harvard.edu/api/access/datafile/13887039?format=original,true,,,not_crosschecked,excluded
3814,requested_source_year,medsl-v8-group-078,2024,FLORIDA,FL,12,59.0,43,US SENATE,statewide,GEN,False,BEN EVERIDGE,NO PARTY AFFILIATION,False,TOTAL,62683.0,10757428.0,False,11/20/25,OTHER,,medsl:3814,2024-FL-ordinary-general,2024,2024-11-05,gen,total,62683,10757428,2024-FL-ordinary-general:BENEVERIDGE,other,MEDSL detailed party label,https://dataverse.harvard.edu/api/access/datafile/13887039?format=original,true,,,not_crosschecked,excluded
3815,requested_source_year,medsl-v8-group-078,2024,FLORIDA,FL,12,59.0,43,US SENATE,statewide,GEN,False,DEBBIE MUCARSEL-POWELL,DEMOCRAT,False,TOTAL,4603077.0,10757428.0,False,11/20/25,DEMOCRAT,,medsl:3815,2024-FL-ordinary-general,2024,2024-11-05,gen,total,4603077,10757428,2024-FL-ordinary-general:DEBBIEMUCARSELPOWELL,D,Same explicitly named candidate as major-party ballot line; Decision 013,https://dataverse.harvard.edu/api/access/datafile/13887039?format=original,true,,,not_crosschecked,excluded
3816,requested_source_year,medsl-v8-group-078,2024,FLORIDA,FL,12,59.0,43,US SENATE,statewide,GEN,False,FEENA BONOAN,LIBERTARIAN PARTY OF FLORIDA,False,TOTAL,57363.0,10757428.0,False,11/20/25,OTHER,,medsl:3816,2024-FL-ordinary-general,2024,2024-11-05,gen,total,57363,10757428,2024-FL-ordinary-general:FEENABONOAN,other,MEDSL detailed party label,https://dataverse.harvard.edu/api/access/datafile/13887039?format=original,true,,,not_crosschecked,excluded
3817,requested_source_year,medsl-v8-group-078,2024,FLORIDA,FL,12,59.0,43,US SENATE,statewide,GEN,False,OTHER,OTHER,False,TOTAL,13.0,10757428.0,False,11/20/25,OTHER,,medsl:3817,2024-FL-ordinary-general,2024,2024-11-05,gen,total,13,10757428,2024-FL-ordinary-general:OTHER,other,MEDSL detailed party label,https://dataverse.harvard.edu/api/access/datafile/13887039?format=original,true,,,not_crosschecked,excluded
3818,requested_source_year,medsl-v8-group-078,2024,FLORIDA,FL,12,59.0,43,US SENATE,statewide,GEN,False,RICK SCOTT,REPUBLICAN,False,TOTAL,5977706.0,10757428.0,False,11/20/25,REPUBLICAN,,medsl:3818,2024-FL-ordinary-general,2024,2024-11-05,gen,total,5977706,10757428,2024-FL-ordinary-general:RICKSCOTT,R,Same explicitly named candidate as major-party ballot line; Decision 013,https://dataverse.harvard.edu/api/access/datafile/13887039?format=original,true,,,not_crosschecked,excluded
3819,requested_source_year,medsl-v8-group-078,2024,FLORIDA,FL,12,59.0,43,US SENATE,statewide,GEN,False,TUAN NGUYEN,NO PARTY AFFILIATION,False,TOTAL,56586.0,10757428.0,False,11/20/25,OTHER,,medsl:3819,2024-FL-ordinary-general,2024,2024-11-05,gen,total,56586,10757428,2024-FL-ordinary-general:TUANNGUYEN,other,MEDSL detailed party label,https://dataverse.harvard.edu/api/access/datafile/13887039?format=original,true,,,not_crosschecked,excluded
3820,requested_source_year,medsl-v8-group-079,2024,HAWAII,HI,15,95.0,82,US SENATE,statewide,GEN,False,BOB MCDERMOTT,REPUBLICAN,False,TOTAL,160075.0,501763.0,False,11/20/25,REPUBLICAN,,medsl:3820,2024-HI-ordinary-general,2024,2024-11-05,gen,total,160075,501763,2024-HI-ordinary-general:BOBMCDERMOTT,R,Same explicitly named candidate as major-party ballot line; Decision 013,https://dataverse.harvard.edu/api/access/datafile/13887039?format=original,true,,,not_crosschecked,excluded
3821,requested_source_year,medsl-v8-group-079,2024,HAWAII,HI,15,95.0,82,US SENATE,statewide,GEN,False,EMMA JANE AVILA POHLMAN,GREEN,False,TOTAL,8270.0,501763.0,False,11/20/25,OTHER,,medsl:3821,2024-HI-ordinary-general,2024,2024-11-05,gen,total,8270,501763,2024-HI-ordinary-general:EMMAJANEAVILAPOHLMAN,other,MEDSL detailed party label,https://dataverse.harvard.edu/api/access/datafile/13887039?format=original,true,,,not_crosschecked,excluded
3822,requested_source_year,medsl-v8-group-079,2024,HAWAII,HI,15,95.0,82,US SENATE,statewide,GEN,False,MAZIE K. HIRONO,DEMOCRAT,False,TOTAL,324194.0,501763.0,False,11/20/25,DEMOCRAT,,medsl:3822,2024-HI-ordinary-general,2024,2024-11-05,gen,total,324194,501763,2024-HI-ordinary-general:MAZIEKHIRONO,D,Same explicitly named candidate as major-party ballot line; Decision 013,https://dataverse.harvard.edu/api/access/datafile/13887039?format=original,true,,,not_crosschecked,excluded
3823,requested_source_year,medsl-v8-group-079,2024,HAWAII,HI,15,95.0,82,US SENATE,statewide,GEN,False,SHELBY PIKACHU BILLIONAIRE,WE THE PEOPLE,False,TOTAL,9224.0,501763.0,False,11/20/25,OTHER,,medsl:3823,2024-HI-ordinary-general,2024,2024-11-05,gen,total,9224,501763,2024-HI-ordinary-general:SHELBYPIKACHUBILLIONAIRE,other,MEDSL detailed party label,https://dataverse.harvard.edu/api/access/datafile/13887039?format=original,true,,,not_crosschecked,excluded
3824,requested_source_year,medsl-v8-group-080,2024,INDIANA,IN,18,32.0,22,US SENATE,statewide,GEN,False,ANDREW HORNING,LIBERTARIAN,False,TOTAL,73233.0,2829897.0,False,11/20/25,LIBERTARIAN,,medsl:3824,2024-IN-ordinary-general,2024,2024-11-05,gen,total,73233,2829897,2024-IN-ordinary-general:ANDREWHORNING,other,MEDSL detailed party label,https://dataverse.harvard.edu/api/access/datafile/13887039?format=original,true,,,not_crosschecked,excluded
3825,requested_source_year,medsl-v8-group-080,2024,INDIANA,IN,18,32.0,22,US SENATE,statewide,GEN,False,JIM BANKS,REPUBLICAN,False,TOTAL,1659416.0,2829897.0,False,11/20/25,REPUBLICAN,,medsl:3825,2024-IN-ordinary-general,2024,2024-11-05,gen,total,1659416,2829897,2024-IN-ordinary-general:JIMBANKS,R,Same explicitly named candidate as major-party ballot line; Decision 013,https://dataverse.harvard.edu/api/access/datafile/13887039?format=original,true,,,not_crosschecked,excluded
3826,requested_source_year,medsl-v8-group-080,2024,INDIANA,IN,18,32.0,22,US SENATE,statewide,GEN,False,OTHER,OTHER,False,TOTAL,187.0,2829897.0,False,11/20/25,OTHER,,medsl:3826,2024-IN-ordinary-general,2024,2024-11-05,gen,total,187,2829897,2024-IN-ordinary-general:OTHER,other,MEDSL detailed party label,https://dataverse.harvard.edu/api/access/datafile/13887039?format=original,true,,,not_crosschecked,excluded
3827,requested_source_year,medsl-v8-group-080,2024,INDIANA,IN,18,32.0,22,US SENATE,statewide,GEN,False,VALERIE MCCRAY,DEMOCRATIC,False,TOTAL,1097061.0,2829897.0,False,11/20/25,DEMOCRAT,,medsl:3827,2024-IN-ordinary-general,2024,2024-11-05,gen,total,1097061,2829897,2024-IN-ordinary-general:VALERIEMCCRAY,D,Same explicitly named candidate as major-party ballot line; Decision 013,https://dataverse.harvard.edu/api/access/datafile/13887039?format=original,true,,,not_crosschecked,excluded
3828,requested_source_year,medsl-v8-group-083,2024,MAINE,ME,23,11.0,2,US SENATE,statewide,GEN,False,ANGUS S. KING JR.,INDEPENDENT,False,TOTAL,427570.0,842447.0,False,11/20/25,OTHER,,medsl:3828,2024-ME-ordinary-general,2024,2024-11-05,gen,total,427570,842447,2024-ME-ordinary-general:ANGUSSKINGJR,other,MEDSL detailed party label,https://dataverse.harvard.edu/api/access/datafile/13887039?format=original,true,,,not_crosschecked,excluded
3829,requested_source_year,medsl-v8-group-083,2024,MAINE,ME,23,11.0,2,US SENATE,statewide,GEN,False,DAVID ALLEN COSTELLO,DEMOCRATIC,False,TOTAL,88875.0,842447.0,False,11/20/25,DEMOCRAT,,medsl:3829,2024-ME-ordinary-general,2024,2024-11-05,gen,total,88875,842447,2024-ME-ordinary-general:DAVIDALLENCOSTELLO,D,Same explicitly named candidate as major-party ballot line; Decision 013,https://dataverse.harvard.edu/api/access/datafile/13887039?format=original,true,,,not_crosschecked,excluded
3830,requested_source_year,medsl-v8-group-083,2024,MAINE,ME,23,11.0,2,US SENATE,statewide,GEN,False,DEMI KOUZOUNAS,REPUBLICAN,False,TOTAL,284434.0,842447.0,False,11/20/25,REPUBLICAN,,medsl:3830,2024-ME-ordinary-general,2024,2024-11-05,gen,total,284434,842447,2024-ME-ordinary-general:DEMIKOUZOUNAS,R,Same explicitly named candidate as major-party ballot line; Decision 013,https://dataverse.harvard.edu/api/access/datafile/13887039?format=original,true,,,not_crosschecked,excluded
3831,requested_source_year,medsl-v8-group-083,2024,MAINE,ME,23,11.0,2,US SENATE,statewide,GEN,False,JASON S. CHERRY,INDEPENDENT,False,TOTAL,20193.0,842447.0,False,11/20/25,OTHER,,medsl:3831,2024-ME-ordinary-general,2024,2024-11-05,gen,total,20193,842447,2024-ME-ordinary-general:JASONSCHERRY,other,MEDSL detailed party label,https://dataverse.harvard.edu/api/access/datafile/13887039?format=original,true,,,not_crosschecked,excluded
3832,requested_source_year,medsl-v8-group-083,2024,MAINE,ME,23,11.0,2,US SENATE,statewide,GEN,False,UNDERVOTES,,False,TOTAL,21375.0,842447.0,False,11/20/25,OTHER,,medsl:3832,2024-ME-ordinary-general,2024,2024-11-05,gen,total,21375,842447,2024-ME-ordinary-general:UNDERVOTES,other,Noncandidate ballot category; outside valid-vote denominator (Decision 013),https://dataverse.harvard.edu/api/access/datafile/13887039?format=original,false,blank_detailed_party;side_differs_detailed_party,,not_crosschecked,excluded
3833,requested_source_year,medsl-v8-group-082,2024,MARYLAND,MD,24,52.0,52,US SENATE,statewide,GEN,False,ANGELA ALSOBROOKS,DEMOCRATIC,False,TOTAL,1650912.0,3021378.0,False,11/20/25,DEMOCRAT,,medsl:3833,2024-MD-ordinary-general,2024,2024-11-05,gen,total,1650912,3021378,2024-MD-ordinary-general:ANGELAALSOBROOKS,D,Same explicitly named candidate as major-party ballot line; Decision 013,https://dataverse.harvard.edu/api/access/datafile/13887039?format=original,true,,,not_crosschecked,excluded
3834,requested_source_year,medsl-v8-group-082,2024,MARYLAND,MD,24,52.0,52,US SENATE,statewide,GEN,False,LARRY HOGAN,REPUBLICAN,False,TOTAL,1294344.0,3021378.0,False,11/20/25,REPUBLICAN,,medsl:3834,2024-MD-ordinary-general,2024,2024-11-05,gen,total,1294344,3021378,2024-MD-ordinary-general:LARRYHOGAN,R,Same explicitly named candidate as major-party ballot line; Decision 013,https://dataverse.harvard.edu/api/access/datafile/13887039?format=original,true,,,not_crosschecked,excluded
3835,requested_source_year,medsl-v8-group-082,2024,MARYLAND,MD,24,52.0,52,US SENATE,statewide,GEN,False,MIKE SCOTT,LIBERTARIAN,False,TOTAL,69396.0,3021378.0,False,11/20/25,LIBERTARIAN,,medsl:3835,2024-MD-ordinary-general,2024,2024-11-05,gen,total,69396,3021378,2024-MD-ordinary-general:MIKESCOTT,other,MEDSL detailed party label,https://dataverse.harvard.edu/api/access/datafile/13887039?format=original,true,,,not_crosschecked,excluded
3836,requested_source_year,medsl-v8-group-082,2024,MARYLAND,MD,24,52.0,52,US SENATE,statewide,GEN,False,OTHER,OTHER,False,TOTAL,6726.0,3021378.0,False,11/20/25,OTHER,,medsl:3836,2024-MD-ordinary-general,2024,2024-11-05,gen,total,6726,3021378,2024-MD-ordinary-general:OTHER,other,MEDSL detailed party label,https://dataverse.harvard.edu/api/access/datafile/13887039?format=original,true,,,not_crosschecked,excluded
3837,requested_source_year,medsl-v8-group-081,2024,MASSACHUSETTS,MA,25,14.0,3,US SENATE,statewide,GEN,False,ELIZABETH ANN WARREN,DEMOCRATIC,False,TOTAL,2041668.0,3512930.0,False,11/20/25,DEMOCRAT,,medsl:3837,2024-MA-ordinary-general,2024,2024-11-05,gen,total,2041668,3512930,2024-MA-ordinary-general:ELIZABETHANNWARREN,D,Same explicitly named candidate as major-party ballot line; Decision 013,https://dataverse.harvard.edu/api/access/datafile/13887039?format=original,true,,,not_crosschecked,excluded
3838,requested_source_year,medsl-v8-group-081,2024,MASSACHUSETTS,MA,25,14.0,3,US SENATE,statewide,GEN,False,JOHN DEATON,REPUBLICAN,False,TOTAL,1365440.0,3512930.0,False,11/20/25,REPUBLICAN,,medsl:3838,2024-MA-ordinary-general,2024,2024-11-05,gen,total,1365440,3512930,2024-MA-ordinary-general:JOHNDEATON,R,Same explicitly named candidate as major-party ballot line; Decision 013,https://dataverse.harvard.edu/api/access/datafile/13887039?format=original,true,,,not_crosschecked,excluded
3839,requested_source_year,medsl-v8-group-081,2024,MASSACHUSETTS,MA,25,14.0,3,US SENATE,statewide,GEN,False,OTHER,OTHER,False,TOTAL,6221.0,3512930.0,False,11/20/25,OTHER,,medsl:3839,2024-MA-ordinary-general,2024,2024-11-05,gen,total,6221,3512930,2024-MA-ordinary-general:OTHER,other,MEDSL detailed party label,https://dataverse.harvard.edu/api/access/datafile/13887039?format=original,true,,,not_crosschecked,excluded
3840,requested_source_year,medsl-v8-group-081,2024,MASSACHUSETTS,MA,25,14.0,3,US SENATE,statewide,GEN,False,UNDERVOTES,,False,TOTAL,99601.0,3512930.0,False,11/20/25,OTHER,,medsl:3840,2024-MA-ordinary-general,2024,2024-11-05,gen,total,99601,3512930,2024-MA-ordinary-general:UNDERVOTES,other,Noncandidate ballot category; outside valid-vote denominator (Decision 013),https://dataverse.harvard.edu/api/access/datafile/13887039?format=original,false,blank_detailed_party;side_differs_detailed_party,,not_crosschecked,excluded
3841,requested_source_year,medsl-v8-group-084,2024,MICHIGAN,MI,26,34.0,23,US SENATE,statewide,GEN,False,DAVE STEIN,U.S. TAXPAYERS,False,TOTAL,41363.0,5577187.0,False,11/20/25,OTHER,,medsl:3841,2024-MI-ordinary-general,2024,2024-11-05,gen,total,41363,5577187,2024-MI-ordinary-general:DAVESTEIN,other,MEDSL detailed party label,https://dataverse.harvard.edu/api/access/datafile/13887039?format=original,true,,,not_crosschecked,excluded
3842,requested_source_year,medsl-v8-group-084,2024,MICHIGAN,MI,26,34.0,23,US SENATE,statewide,GEN,False,DOUG DERN,NATURAL LAW,False,TOTAL,18779.0,5577187.0,False,11/20/25,OTHER,,medsl:3842,2024-MI-ordinary-general,2024,2024-11-05,gen,total,18779,5577187,2024-MI-ordinary-general:DOUGDERN,other,MEDSL detailed party label,https://dataverse.harvard.edu/api/access/datafile/13887039?format=original,true,,,not_crosschecked,excluded
3843,requested_source_year,medsl-v8-group-084,2024,MICHIGAN,MI,26,34.0,23,US SENATE,statewide,GEN,False,DOUGLAS P. MARSH,GREEN,False,TOTAL,53978.0,5577187.0,False,11/20/25,OTHER,,medsl:3843,2024-MI-ordinary-general,2024,2024-11-05,gen,total,53978,5577187,2024-MI-ordinary-general:DOUGLASPMARSH,other,MEDSL detailed party label,https://dataverse.harvard.edu/api/access/datafile/13887039?format=original,true,,,not_crosschecked,excluded
3844,requested_source_year,medsl-v8-group-084,2024,MICHIGAN,MI,26,34.0,23,US SENATE,statewide,GEN,False,ELISSA SLOTKIN,DEMOCRATIC,False,TOTAL,2712686.0,5577187.0,False,11/20/25,DEMOCRAT,,medsl:3844,2024-MI-ordinary-general,2024,2024-11-05,gen,total,2712686,5577187,2024-MI-ordinary-general:ELISSASLOTKIN,D,Same explicitly named candidate as major-party ballot line; Decision 013,https://dataverse.harvard.edu/api/access/datafile/13887039?format=original,true,,,not_crosschecked,excluded
3845,requested_source_year,medsl-v8-group-084,2024,MICHIGAN,MI,26,34.0,23,US SENATE,statewide,GEN,False,JOSEPH SOLIS-MULLEN,LIBERTARIAN,False,TOTAL,56697.0,5577187.0,False,11/20/25,LIBERTARIAN,,medsl:3845,2024-MI-ordinary-general,2024,2024-11-05,gen,total,56697,5577187,2024-MI-ordinary-general:JOSEPHSOLISMULLEN,other,MEDSL detailed party label,https://dataverse.harvard.edu/api/access/datafile/13887039?format=original,true,,,not_crosschecked,excluded
3846,requested_source_year,medsl-v8-group-084,2024,MICHIGAN,MI,26,34.0,23,US SENATE,statewide,GEN,False,MIKE ROGERS,REPUBLICAN,False,TOTAL,2693680.0,5577187.0,False,11/20/25,REPUBLICAN,,medsl:3846,2024-MI-ordinary-general,2024,2024-11-05,gen,total,2693680,5577187,2024-MI-ordinary-general:MIKEROGERS,R,Same explicitly named candidate as major-party ballot line; Decision 013,https://dataverse.harvard.edu/api/access/datafile/13887039?format=original,true,,,not_crosschecked,excluded
3847,requested_source_year,medsl-v8-group-084,2024,MICHIGAN,MI,26,34.0,23,US SENATE,statewide,GEN,False,OTHER,OTHER,False,TOTAL,4.0,5577187.0,False,11/20/25,OTHER,,medsl:3847,2024-MI-ordinary-general,2024,2024-11-05,gen,total,4,5577187,2024-MI-ordinary-general:OTHER,other,MEDSL detailed party label,https://dataverse.harvard.edu/api/access/datafile/13887039?format=original,true,,,not_crosschecked,excluded
3848,requested_source_year,medsl-v8-group-085,2024,MINNESOTA,MN,27,41.0,33,US SENATE,statewide,GEN,False,AMY KLOBUCHAR,DEMOCRATIC-FARMER-LABOR,False,TOTAL,1792441.0,3189323.0,False,11/20/25,DEMOCRAT,,medsl:3848,2024-MN-ordinary-general,2024,2024-11-05,gen,total,1792441,3189323,2024-MN-ordinary-general:AMYKLOBUCHAR,D,Same explicitly named candidate as major-party ballot line; Decision 013,https://dataverse.harvard.edu/api/access/datafile/13887039?format=original,true,,,not_crosschecked,excluded
3849,requested_source_year,medsl-v8-group-085,2024,MINNESOTA,MN,27,41.0,33,US SENATE,statewide,GEN,False,JOYCE LYNNE LACEY,INDEPENDENCE-ALLIANCE,False,TOTAL,46377.0,3189323.0,False,11/20/25,OTHER,,medsl:3849,2024-MN-ordinary-general,2024,2024-11-05,gen,total,46377,3189323,2024-MN-ordinary-general:JOYCELYNNELACEY,other,MEDSL detailed party label,https://dataverse.harvard.edu/api/access/datafile/13887039?format=original,true,,,not_crosschecked,excluded
3850,requested_source_year,medsl-v8-group-085,2024,MINNESOTA,MN,27,41.0,33,US SENATE,statewide,GEN,False,OTHER,OTHER,False,TOTAL,3578.0,3189323.0,False,11/20/25,OTHER,,medsl:3850,2024-MN-ordinary-general,2024,2024-11-05,gen,total,3578,3189323,2024-MN-ordinary-general:OTHER,other,MEDSL detailed party label,https://dataverse.harvard.edu/api/access/datafile/13887039?format=original,true,,,not_crosschecked,excluded
3851,requested_source_year,medsl-v8-group-085,2024,MINNESOTA,MN,27,41.0,33,US SENATE,statewide,GEN,False,REBECCA WHITING,LIBERTARIAN,False,TOTAL,55215.0,3189323.0,False,11/20/25,LIBERTARIAN,,medsl:3851,2024-MN-ordinary-general,2024,2024-11-05,gen,total,55215,3189323,2024-MN-ordinary-general:REBECCAWHITING,other,MEDSL detailed party label,https://dataverse.harvard.edu/api/access/datafile/13887039?format=original,true,,,not_crosschecked,excluded
3852,requested_source_year,medsl-v8-group-085,2024,MINNESOTA,MN,27,41.0,33,US SENATE,statewide,GEN,False,ROYCE WHITE,REPUBLICAN,False,TOTAL,1291712.0,3189323.0,False,11/20/25,REPUBLICAN,,medsl:3852,2024-MN-ordinary-general,2024,2024-11-05,gen,total,1291712,3189323,2024-MN-ordinary-general:ROYCEWHITE,R,Same explicitly named candidate as major-party ballot line; Decision 013,https://dataverse.harvard.edu/api/access/datafile/13887039?format=original,true,,,not_crosschecked,excluded
3853,requested_source_year,medsl-v8-group-087,2024,MISSISSIPPI,MS,28,64.0,46,US SENATE,statewide,GEN,False,ROGER F. WICKER,,False,TOTAL,763420.0,1215401.0,False,11/20/25,REPUBLICAN,,medsl:3853,2024-MS-ordinary-general,2024,2024-11-05,gen,total,763420,1215401,2024-MS-ordinary-general:ROGERFWICKER,unknown,MEDSL detailed party label,https://dataverse.harvard.edu/api/access/datafile/13887039?format=original,true,blank_detailed_party;side_differs_simplified_party,,not_crosschecked,excluded
3854,requested_source_year,medsl-v8-group-087,2024,MISSISSIPPI,MS,28,64.0,46,US SENATE,statewide,GEN,False,TY PINKINS,,False,TOTAL,451981.0,1215401.0,False,11/20/25,DEMOCRAT,,medsl:3854,2024-MS-ordinary-general,2024,2024-11-05,gen,total,451981,1215401,2024-MS-ordinary-general:TYPINKINS,unknown,MEDSL detailed party label,https://dataverse.harvard.edu/api/access/datafile/13887039?format=original,true,blank_detailed_party;side_differs_simplified_party,,not_crosschecked,excluded
3855,requested_source_year,medsl-v8-group-086,2024,MISSOURI,MO,29,43.0,34,US SENATE,statewide,GEN,False,JARED YOUNG,BETTER,False,TOTAL,21111.0,2972559.0,False,11/20/25,OTHER,,medsl:3855,2024-MO-ordinary-general,2024,2024-11-05,gen,total,21111,2972559,2024-MO-ordinary-general:JAREDYOUNG,other,MEDSL detailed party label,https://dataverse.harvard.edu/api/access/datafile/13887039?format=original,true,,,not_crosschecked,excluded
3856,requested_source_year,medsl-v8-group-086,2024,MISSOURI,MO,29,43.0,34,US SENATE,statewide,GEN,False,JOSH HAWLEY,REPUBLICAN,False,TOTAL,1651907.0,2972559.0,False,11/20/25,REPUBLICAN,,medsl:3856,2024-MO-ordinary-general,2024,2024-11-05,gen,total,1651907,2972559,2024-MO-ordinary-general:JOSHHAWLEY,R,Same explicitly named candidate as major-party ballot line; Decision 013,https://dataverse.harvard.edu/api/access/datafile/13887039?format=original,true,,,not_crosschecked,excluded
3857,requested_source_year,medsl-v8-group-086,2024,MISSOURI,MO,29,43.0,34,US SENATE,statewide,GEN,False,LUCAS KUNCE,DEMOCRATIC,False,TOTAL,1243728.0,2972559.0,False,11/20/25,DEMOCRAT,,medsl:3857,2024-MO-ordinary-general,2024,2024-11-05,gen,total,1243728,2972559,2024-MO-ordinary-general:LUCASKUNCE,D,Same explicitly named candidate as major-party ballot line; Decision 013,https://dataverse.harvard.edu/api/access/datafile/13887039?format=original,true,,,not_crosschecked,excluded
3858,requested_source_year,medsl-v8-group-086,2024,MISSOURI,MO,29,43.0,34,US SENATE,statewide,GEN,False,NATHAN KLINE,GREEN,False,TOTAL,20123.0,2972559.0,False,11/20/25,OTHER,,medsl:3858,2024-MO-ordinary-general,2024,2024-11-05,gen,total,20123,2972559,2024-MO-ordinary-general:NATHANKLINE,other,MEDSL detailed party label,https://dataverse.harvard.edu/api/access/datafile/13887039?format=original,true,,,not_crosschecked,excluded
3859,requested_source_year,medsl-v8-group-086,2024,MISSOURI,MO,29,43.0,34,US SENATE,statewide,GEN,False,OTHER,OTHER,False,TOTAL,19.0,2972559.0,False,11/20/25,OTHER,,medsl:3859,2024-MO-ordinary-general,2024,2024-11-05,gen,total,19,2972559,2024-MO-ordinary-general:OTHER,other,MEDSL detailed party label,https://dataverse.harvard.edu/api/access/datafile/13887039?format=original,true,,,not_crosschecked,excluded
3860,requested_source_year,medsl-v8-group-086,2024,MISSOURI,MO,29,43.0,34,US SENATE,statewide,GEN,False,W. C. YOUNG,LIBERTARIAN,False,TOTAL,35671.0,2972559.0,False,11/20/25,LIBERTARIAN,,medsl:3860,2024-MO-ordinary-general,2024,2024-11-05,gen,total,35671,2972559,2024-MO-ordinary-general:WCYOUNG,other,MEDSL detailed party label,https://dataverse.harvard.edu/api/access/datafile/13887039?format=original,true,,,not_crosschecked,excluded
3861,requested_source_year,medsl-v8-group-088,2024,MONTANA,MT,30,81.0,64,US SENATE,statewide,GEN,False,JON TESTER,DEMOCRAT,False,TOTAL,276305.0,607262.0,False,11/20/25,DEMOCRAT,,medsl:3861,2024-MT-ordinary-general,2024,2024-11-05,gen,total,276305,607262,2024-MT-ordinary-general:JONTESTER,D,Same explicitly named candidate as major-party ballot line; Decision 013,https://dataverse.harvard.edu/api/access/datafile/13887039?format=original,true,,,not_crosschecked,excluded
3862,requested_source_year,medsl-v8-group-088,2024,MONTANA,MT,30,81.0,64,US SENATE,statewide,GEN,False,ROBERT BARB,GREEN,False,TOTAL,4003.0,607262.0,False,11/20/25,OTHER,,medsl:3862,2024-MT-ordinary-general,2024,2024-11-05,gen,total,4003,607262,2024-MT-ordinary-general:ROBERTBARB,other,MEDSL detailed party label,https://dataverse.harvard.edu/api/access/datafile/13887039?format=original,true,,,not_crosschecked,excluded
3863,requested_source_year,medsl-v8-group-088,2024,MONTANA,MT,30,81.0,64,US SENATE,statewide,GEN,False,SID DAOUD,LIBERTARIAN,False,TOTAL,7272.0,607262.0,False,11/20/25,LIBERTARIAN,,medsl:3863,2024-MT-ordinary-general,2024,2024-11-05,gen,total,7272,607262,2024-MT-ordinary-general:SIDDAOUD,other,MEDSL detailed party label,https://dataverse.harvard.edu/api/access/datafile/13887039?format=original,true,,,not_crosschecked,excluded
3864,requested_source_year,medsl-v8-group-088,2024,MONTANA,MT,30,81.0,64,US SENATE,statewide,GEN,False,TIM SHEEHY,REPUBLICAN,False,TOTAL,319682.0,607262.0,False,11/20/25,REPUBLICAN,,medsl:3864,2024-MT-ordinary-general,2024,2024-11-05,gen,total,319682,607262,2024-MT-ordinary-general:TIMSHEEHY,R,Same explicitly named candidate as major-party ballot line; Decision 013,https://dataverse.harvard.edu/api/access/datafile/13887039?format=original,true,,,not_crosschecked,excluded
3865,requested_source_year,medsl-v8-group-090,2024,NEBRASKA,NE,31,46.0,35,US SENATE,statewide,GEN,False,DAN OSBORN,BY PETITION,False,TOTAL,436493.0,938336.0,False,11/20/25,OTHER,,medsl:3865,2024-NE-ordinary-general,2024,2024-11-05,gen,total,436493,938336,2024-NE-ordinary-general:DANOSBORN,other,MEDSL detailed party label,https://dataverse.harvard.edu/api/access/datafile/13887039?format=original,true,,,not_crosschecked,excluded
3866,requested_source_year,medsl-v8-group-090,2024,NEBRASKA,NE,31,46.0,35,US SENATE,statewide,GEN,False,DEB FISCHER,REPUBLICAN,False,TOTAL,499124.0,938336.0,False,11/20/25,REPUBLICAN,,medsl:3866,2024-NE-ordinary-general,2024,2024-11-05,gen,total,499124,938336,2024-NE-ordinary-general:DEBFISCHER,R,Same explicitly named candidate as major-party ballot line; Decision 013,https://dataverse.harvard.edu/api/access/datafile/13887039?format=original,true,,,not_crosschecked,excluded
3867,requested_source_year,medsl-v8-group-090,2024,NEBRASKA,NE,31,46.0,35,US SENATE,statewide,GEN,False,OTHER,OTHER,False,TOTAL,2719.0,938336.0,False,11/20/25,OTHER,,medsl:3867,2024-NE-ordinary-general,2024,2024-11-05,gen,total,2719,938336,2024-NE-ordinary-general:OTHER,other,MEDSL detailed party label,https://dataverse.harvard.edu/api/access/datafile/13887039?format=original,true,,,not_crosschecked,excluded
3868,requested_source_year,medsl-v8-group-091,2024,NEBRASKA,NE,31,46.0,35,US SENATE,statewide,GEN,True,PETE RICKETTS,REPUBLICAN,False,TOTAL,585103.0,935005.0,True,20241212,REPUBLICAN,unofficial_return,medsl:3868,2024-NE-special-general,2024,2024-11-05,gen,total,585103,935005,2024-NE-special-general:PETERICKETTS,R,Same explicitly named candidate as major-party ballot line; Decision 013,https://dataverse.harvard.edu/api/access/datafile/13887039?format=original,true,unofficial_source_returns,,not_crosschecked,excluded
3869,requested_source_year,medsl-v8-group-091,2024,NEBRASKA,NE,31,46.0,35,US SENATE,statewide,GEN,True,PRESTON LOVE JR.,DEMOCRAT,False,TOTAL,349902.0,935005.0,True,20241212,DEMOCRAT,unofficial_return,medsl:3869,2024-NE-special-general,2024,2024-11-05,gen,total,349902,935005,2024-NE-special-general:PRESTONLOVEJR,D,Same explicitly named candidate as major-party ballot line; Decision 013,https://dataverse.harvard.edu/api/access/datafile/13887039?format=original,true,unofficial_source_returns,,not_crosschecked,excluded
3870,requested_source_year,medsl-v8-group-094,2024,NEVADA,NV,32,88.0,65,US SENATE,statewide,GEN,False,CHRIS CUNNINGHAM,,False,TOTAL,20881.0,1464728.0,False,11/20/25,LIBERTARIAN,,medsl:3870,2024-NV-ordinary-general,2024,2024-11-05,gen,total,20881,1464728,2024-NV-ordinary-general:CHRISCUNNINGHAM,unknown,MEDSL detailed party label,https://dataverse.harvard.edu/api/access/datafile/13887039?format=original,true,blank_detailed_party;side_differs_simplified_party,,not_crosschecked,excluded
3871,requested_source_year,medsl-v8-group-094,2024,NEVADA,NV,32,88.0,65,US SENATE,statewide,GEN,False,JACKY S. ROSEN,,False,TOTAL,701105.0,1464728.0,False,11/20/25,DEMOCRAT,,medsl:3871,2024-NV-ordinary-general,2024,2024-11-05,gen,total,701105,1464728,2024-NV-ordinary-general:JACKYSROSEN,unknown,MEDSL detailed party label,https://dataverse.harvard.edu/api/access/datafile/13887039?format=original,true,blank_detailed_party;side_differs_simplified_party,,not_crosschecked,excluded
3872,requested_source_year,medsl-v8-group-094,2024,NEVADA,NV,32,88.0,65,US SENATE,statewide,GEN,False,JANINE HANSEN,,False,TOTAL,21316.0,1464728.0,False,11/20/25,OTHER,,medsl:3872,2024-NV-ordinary-general,2024,2024-11-05,gen,total,21316,1464728,2024-NV-ordinary-general:JANINEHANSEN,unknown,MEDSL detailed party label,https://dataverse.harvard.edu/api/access/datafile/13887039?format=original,true,blank_detailed_party;side_differs_simplified_party,,not_crosschecked,excluded
3873,requested_source_year,medsl-v8-group-094,2024,NEVADA,NV,32,88.0,65,US SENATE,statewide,GEN,False,NONE OF THESE CANDIDATES,,False,TOTAL,44380.0,1464728.0,False,11/20/25,OTHER,,medsl:3873,2024-NV-ordinary-general,2024,2024-11-05,gen,total,44380,1464728,2024-NV-ordinary-general:NONEOFTHESECANDIDATES,unknown,MEDSL detailed party label,https://dataverse.harvard.edu/api/access/datafile/13887039?format=original,pending,blank_detailed_party;ballot_option_denominator_pending;side_differs_simplified_party,,not_crosschecked,excluded
3874,requested_source_year,medsl-v8-group-094,2024,NEVADA,NV,32,88.0,65,US SENATE,statewide,GEN,False,SAM BROWN,,False,TOTAL,677046.0,1464728.0,False,11/20/25,REPUBLICAN,,medsl:3874,2024-NV-ordinary-general,2024,2024-11-05,gen,total,677046,1464728,2024-NV-ordinary-general:SAMBROWN,unknown,MEDSL detailed party label,https://dataverse.harvard.edu/api/access/datafile/13887039?format=original,true,blank_detailed_party;side_differs_simplified_party,,not_crosschecked,excluded
3875,requested_source_year,medsl-v8-group-092,2024,NEW JERSEY,NJ,34,22.0,12,US SENATE,statewide,GEN,False,ANDY KIM,DEMOCRATIC,False,TOTAL,2161491.0,4031795.0,False,11/20/25,DEMOCRAT,,medsl:3875,2024-NJ-ordinary-general,2024,2024-11-05,gen,total,2161491,4031795,2024-NJ-ordinary-general:ANDYKIM,D,Same explicitly named candidate as major-party ballot line; Decision 013,https://dataverse.harvard.edu/api/access/datafile/13887039?format=original,true,,,not_crosschecked,excluded
3876,requested_source_year,medsl-v8-group-092,2024,NEW JERSEY,NJ,34,22.0,12,US SENATE,statewide,GEN,False,CHRISTINA KHALIL,GREEN,False,TOTAL,45443.0,4031795.0,False,11/20/25,OTHER,,medsl:3876,2024-NJ-ordinary-general,2024,2024-11-05,gen,total,45443,4031795,2024-NJ-ordinary-general:CHRISTINAKHALIL,other,MEDSL detailed party label,https://dataverse.harvard.edu/api/access/datafile/13887039?format=original,true,,,not_crosschecked,excluded
3877,requested_source_year,medsl-v8-group-092,2024,NEW JERSEY,NJ,34,22.0,12,US SENATE,statewide,GEN,False,CURTIS BASHAW,REPUBLICAN,False,TOTAL,1773589.0,4031795.0,False,11/20/25,REPUBLICAN,,medsl:3877,2024-NJ-ordinary-general,2024,2024-11-05,gen,total,1773589,4031795,2024-NJ-ordinary-general:CURTISBASHAW,R,Same explicitly named candidate as major-party ballot line; Decision 013,https://dataverse.harvard.edu/api/access/datafile/13887039?format=original,true,,,not_crosschecked,excluded
3878,requested_source_year,medsl-v8-group-092,2024,NEW JERSEY,NJ,34,22.0,12,US SENATE,statewide,GEN,False,JOANNE KUNIANSKY,SOCIALIST WORKERS PARTY,False,TOTAL,9806.0,4031795.0,False,11/20/25,OTHER,,medsl:3878,2024-NJ-ordinary-general,2024,2024-11-05,gen,total,9806,4031795,2024-NJ-ordinary-general:JOANNEKUNIANSKY,other,MEDSL detailed party label,https://dataverse.harvard.edu/api/access/datafile/13887039?format=original,true,,,not_crosschecked,excluded
3879,requested_source_year,medsl-v8-group-092,2024,NEW JERSEY,NJ,34,22.0,12,US SENATE,statewide,GEN,False,KENNETH R. KAPLAN,LIBERTARIAN,False,TOTAL,24242.0,4031795.0,False,11/20/25,LIBERTARIAN,,medsl:3879,2024-NJ-ordinary-general,2024,2024-11-05,gen,total,24242,4031795,2024-NJ-ordinary-general:KENNETHRKAPLAN,other,MEDSL detailed party label,https://dataverse.harvard.edu/api/access/datafile/13887039?format=original,true,,,not_crosschecked,excluded
3880,requested_source_year,medsl-v8-group-092,2024,NEW JERSEY,NJ,34,22.0,12,US SENATE,statewide,GEN,False,PATRICIA G. MOONEYHAM,VOTE BETTER,False,TOTAL,17224.0,4031795.0,False,11/20/25,OTHER,,medsl:3880,2024-NJ-ordinary-general,2024,2024-11-05,gen,total,17224,4031795,2024-NJ-ordinary-general:PATRICIAGMOONEYHAM,other,MEDSL detailed party label,https://dataverse.harvard.edu/api/access/datafile/13887039?format=original,true,,,not_crosschecked,excluded
3881,requested_source_year,medsl-v8-group-093,2024,NEW MEXICO,NM,35,85.0,66,US SENATE,statewide,GEN,False,MARTIN HEINRICH,DEMOCRATIC,False,TOTAL,497333.0,903311.0,False,11/20/25,DEMOCRAT,,medsl:3881,2024-NM-ordinary-general,2024,2024-11-05,gen,total,497333,903311,2024-NM-ordinary-general:MARTINHEINRICH,D,Same explicitly named candidate as major-party ballot line; Decision 013,https://dataverse.harvard.edu/api/access/datafile/13887039?format=original,true,,,not_crosschecked,excluded
3882,requested_source_year,medsl-v8-group-093,2024,NEW MEXICO,NM,35,85.0,66,US SENATE,statewide,GEN,False,NELLA LOUISE DOMENICI,REPUBLICAN,False,TOTAL,405978.0,903311.0,False,11/20/25,REPUBLICAN,,medsl:3882,2024-NM-ordinary-general,2024,2024-11-05,gen,total,405978,903311,2024-NM-ordinary-general:NELLALOUISEDOMENICI,R,Same explicitly named candidate as major-party ballot line; Decision 013,https://dataverse.harvard.edu/api/access/datafile/13887039?format=original,true,,,not_crosschecked,excluded
3883,requested_source_year,medsl-v8-group-095,2024,NEW YORK,NY,36,21.0,13,US SENATE,statewide,GEN,False,DIANE SARE,LAROUCHE,False,TOTAL,39421.0,8381397.0,False,11/20/25,OTHER,,medsl:3883,2024-NY-ordinary-general,2024,2024-11-05,gen,total,39421,8381397,2024-NY-ordinary-general:DIANESARE,other,MEDSL detailed party label,https://dataverse.harvard.edu/api/access/datafile/13887039?format=original,true,,,not_crosschecked,excluded
3884,requested_source_year,medsl-v8-group-095,2024,NEW YORK,NY,36,21.0,13,US SENATE,statewide,GEN,False,KIRSTEN E. GILLIBRAND,DEMOCRATIC/WORKING FAMILIES,False,TOTAL,4711669.0,8381397.0,False,11/20/25,DEMOCRAT,,medsl:3884,2024-NY-ordinary-general,2024,2024-11-05,gen,total,4711669,8381397,2024-NY-ordinary-general:KIRSTENEGILLIBRAND,D,Same explicitly named candidate as major-party ballot line; Decision 013,https://dataverse.harvard.edu/api/access/datafile/13887039?format=original,true,,,not_crosschecked,excluded
3885,requested_source_year,medsl-v8-group-095,2024,NEW YORK,NY,36,21.0,13,US SENATE,statewide,GEN,False,MICHAEL D. SAPRAICONE,REPUBLICAN/CONSERVATIVE,False,TOTAL,3246690.0,8381397.0,False,11/20/25,REPUBLICAN,,medsl:3885,2024-NY-ordinary-general,2024,2024-11-05,gen,total,3246690,8381397,2024-NY-ordinary-general:MICHAELDSAPRAICONE,R,Same explicitly named candidate as major-party ballot line; Decision 013,https://dataverse.harvard.edu/api/access/datafile/13887039?format=original,true,,,not_crosschecked,excluded
3886,requested_source_year,medsl-v8-group-095,2024,NEW YORK,NY,36,21.0,13,US SENATE,statewide,GEN,False,OTHER,OTHER,False,TOTAL,13490.0,8381397.0,False,11/20/25,OTHER,,medsl:3886,2024-NY-ordinary-general,2024,2024-11-05,gen,total,13490,8381397,2024-NY-ordinary-general:OTHER,other,MEDSL detailed party label,https://dataverse.harvard.edu/api/access/datafile/13887039?format=original,true,,,not_crosschecked,excluded
3887,requested_source_year,medsl-v8-group-095,2024,NEW YORK,NY,36,21.0,13,US SENATE,statewide,GEN,False,UNDERVOTES,,False,TOTAL,365232.0,8381397.0,False,11/20/25,OTHER,,medsl:3887,2024-NY-ordinary-general,2024,2024-11-05,gen,total,365232,8381397,2024-NY-ordinary-general:UNDERVOTES,other,Noncandidate ballot category; outside valid-vote denominator (Decision 013),https://dataverse.harvard.edu/api/access/datafile/13887039?format=original,false,blank_detailed_party;side_differs_detailed_party,,not_crosschecked,excluded
3888,requested_source_year,medsl-v8-group-095,2024,NEW YORK,NY,36,21.0,13,US SENATE,statewide,GEN,False,VOID,,False,TOTAL,4895.0,8381397.0,False,11/20/25,OTHER,,medsl:3888,2024-NY-ordinary-general,2024,2024-11-05,gen,total,4895,8381397,2024-NY-ordinary-general:VOID,other,Noncandidate ballot category; outside valid-vote denominator (Decision 013),https://dataverse.harvard.edu/api/access/datafile/13887039?format=original,false,blank_detailed_party;side_differs_detailed_party,,not_crosschecked,excluded
3889,requested_source_year,medsl-v8-group-089,2024,NORTH DAKOTA,ND,38,44.0,36,US SENATE,statewide,GEN,False,KATRINA CHRISTIANSEN,DEMOCRATIC-NPL,False,TOTAL,121602.0,364327.0,False,11/20/25,DEMOCRAT,,medsl:3889,2024-ND-ordinary-general,2024,2024-11-05,gen,total,121602,364327,2024-ND-ordinary-general:KATRINACHRISTIANSEN,D,Same explicitly named candidate as major-party ballot line; Decision 013,https://dataverse.harvard.edu/api/access/datafile/13887039?format=original,true,,,not_crosschecked,excluded
3890,requested_source_year,medsl-v8-group-089,2024,NORTH DAKOTA,ND,38,44.0,36,US SENATE,statewide,GEN,False,KEVIN CRAMER,REPUBLICAN,False,TOTAL,241569.0,364327.0,False,11/20/25,REPUBLICAN,,medsl:3890,2024-ND-ordinary-general,2024,2024-11-05,gen,total,241569,364327,2024-ND-ordinary-general:KEVINCRAMER,R,Same explicitly named candidate as major-party ballot line; Decision 013,https://dataverse.harvard.edu/api/access/datafile/13887039?format=original,true,,,not_crosschecked,excluded
3891,requested_source_year,medsl-v8-group-089,2024,NORTH DAKOTA,ND,38,44.0,36,US SENATE,statewide,GEN,False,OTHER,OTHER,False,TOTAL,1156.0,364327.0,False,11/20/25,OTHER,,medsl:3891,2024-ND-ordinary-general,2024,2024-11-05,gen,total,1156,364327,2024-ND-ordinary-general:OTHER,other,MEDSL detailed party label,https://dataverse.harvard.edu/api/access/datafile/13887039?format=original,true,,,not_crosschecked,excluded
3892,requested_source_year,medsl-v8-group-096,2024,OHIO,OH,39,31.0,24,US SENATE,statewide,GEN,False,BERNIE MORENO,REPUBLICAN,False,TOTAL,2857383.0,5704620.0,False,11/20/25,REPUBLICAN,,medsl:3892,2024-OH-ordinary-general,2024,2024-11-05,gen,total,2857383,5704620,2024-OH-ordinary-general:BERNIEMORENO,R,Same explicitly named candidate as major-party ballot line; Decision 013,https://dataverse.harvard.edu/api/access/datafile/13887039?format=original,true,,,not_crosschecked,excluded
3893,requested_source_year,medsl-v8-group-096,2024,OHIO,OH,39,31.0,24,US SENATE,statewide,GEN,False,DON KISSICK,LIBERTARIAN,False,TOTAL,195648.0,5704620.0,False,11/20/25,LIBERTARIAN,,medsl:3893,2024-OH-ordinary-general,2024,2024-11-05,gen,total,195648,5704620,2024-OH-ordinary-general:DONKISSICK,other,MEDSL detailed party label,https://dataverse.harvard.edu/api/access/datafile/13887039?format=original,true,,,not_crosschecked,excluded
3894,requested_source_year,medsl-v8-group-096,2024,OHIO,OH,39,31.0,24,US SENATE,statewide,GEN,False,OTHER,OTHER,False,TOTAL,640.0,5704620.0,False,11/20/25,OTHER,,medsl:3894,2024-OH-ordinary-general,2024,2024-11-05,gen,total,640,5704620,2024-OH-ordinary-general:OTHER,other,MEDSL detailed party label,https://dataverse.harvard.edu/api/access/datafile/13887039?format=original,true,,,not_crosschecked,excluded
3895,requested_source_year,medsl-v8-group-096,2024,OHIO,OH,39,31.0,24,US SENATE,statewide,GEN,False,SHERROD BROWN,DEMOCRATIC,False,TOTAL,2650949.0,5704620.0,False,11/20/25,DEMOCRAT,,medsl:3895,2024-OH-ordinary-general,2024,2024-11-05,gen,total,2650949,5704620,2024-OH-ordinary-general:SHERRODBROWN,D,Same explicitly named candidate as major-party ballot line; Decision 013,https://dataverse.harvard.edu/api/access/datafile/13887039?format=original,true,,,not_crosschecked,excluded
3896,requested_source_year,medsl-v8-group-097,2024,PENNSYLVANIA,PA,42,23.0,14,US SENATE,statewide,GEN,False,DAVE MCCORMICK,REPUBLICAN,False,TOTAL,3399295.0,6963137.0,False,11/20/25,REPUBLICAN,,medsl:3896,2024-PA-ordinary-general,2024,2024-11-05,gen,total,3399295,6963137,2024-PA-ordinary-general:DAVEMCCORMICK,R,Same explicitly named candidate as major-party ballot line; Decision 013,https://dataverse.harvard.edu/api/access/datafile/13887039?format=original,true,,,not_crosschecked,excluded
3897,requested_source_year,medsl-v8-group-097,2024,PENNSYLVANIA,PA,42,23.0,14,US SENATE,statewide,GEN,False,JOHN C THOMAS,LIBERTARIAN,False,TOTAL,89653.0,6963137.0,False,11/20/25,LIBERTARIAN,,medsl:3897,2024-PA-ordinary-general,2024,2024-11-05,gen,total,89653,6963137,2024-PA-ordinary-general:JOHNCTHOMAS,other,MEDSL detailed party label,https://dataverse.harvard.edu/api/access/datafile/13887039?format=original,true,,,not_crosschecked,excluded
3898,requested_source_year,medsl-v8-group-097,2024,PENNSYLVANIA,PA,42,23.0,14,US SENATE,statewide,GEN,False,LEILA HAZOU,GREEN,False,TOTAL,66388.0,6963137.0,False,11/20/25,OTHER,,medsl:3898,2024-PA-ordinary-general,2024,2024-11-05,gen,total,66388,6963137,2024-PA-ordinary-general:LEILAHAZOU,other,MEDSL detailed party label,https://dataverse.harvard.edu/api/access/datafile/13887039?format=original,true,,,not_crosschecked,excluded
3899,requested_source_year,medsl-v8-group-097,2024,PENNSYLVANIA,PA,42,23.0,14,US SENATE,statewide,GEN,False,MARTY SELKER,CONSTITUTION,False,TOTAL,23621.0,6963137.0,False,11/20/25,OTHER,,medsl:3899,2024-PA-ordinary-general,2024,2024-11-05,gen,total,23621,6963137,2024-PA-ordinary-general:MARTYSELKER,other,MEDSL detailed party label,https://dataverse.harvard.edu/api/access/datafile/13887039?format=original,true,,,not_crosschecked,excluded
3900,requested_source_year,medsl-v8-group-097,2024,PENNSYLVANIA,PA,42,23.0,14,US SENATE,statewide,GEN,False,ROBERT P CASEY JR,DEMOCRATIC,False,TOTAL,3384180.0,6963137.0,False,11/20/25,DEMOCRAT,,medsl:3900,2024-PA-ordinary-general,2024,2024-11-05,gen,total,3384180,6963137,2024-PA-ordinary-general:ROBERTPCASEYJR,D,Same explicitly named candidate as major-party ballot line; Decision 013,https://dataverse.harvard.edu/api/access/datafile/13887039?format=original,true,,,not_crosschecked,excluded
3901,requested_source_year,medsl-v8-group-098,2024,RHODE ISLAND,RI,44,15.0,5,US SENATE,statewide,GEN,False,OTHER,OTHER,False,TOTAL,1244.0,491948.0,False,11/20/25,OTHER,,medsl:3901,2024-RI-ordinary-general,2024,2024-11-05,gen,total,1244,491948,2024-RI-ordinary-general:OTHER,other,MEDSL detailed party label,https://dataverse.harvard.edu/api/access/datafile/13887039?format=original,true,,,not_crosschecked,excluded
3902,requested_source_year,medsl-v8-group-098,2024,RHODE ISLAND,RI,44,15.0,5,US SENATE,statewide,GEN,False,PATRICIA MORGAN,REPUBLICAN,False,TOTAL,196039.0,491948.0,False,11/20/25,REPUBLICAN,,medsl:3902,2024-RI-ordinary-general,2024,2024-11-05,gen,total,196039,491948,2024-RI-ordinary-general:PATRICIAMORGAN,R,Same explicitly named candidate as major-party ballot line; Decision 013,https://dataverse.harvard.edu/api/access/datafile/13887039?format=original,true,,,not_crosschecked,excluded
3903,requested_source_year,medsl-v8-group-098,2024,RHODE ISLAND,RI,44,15.0,5,US SENATE,statewide,GEN,False,SHELDON WHITEHOUSE,DEMOCRATIC,False,TOTAL,294665.0,491948.0,False,11/20/25,DEMOCRAT,,medsl:3903,2024-RI-ordinary-general,2024,2024-11-05,gen,total,294665,491948,2024-RI-ordinary-general:SHELDONWHITEHOUSE,D,Same explicitly named candidate as major-party ballot line; Decision 013,https://dataverse.harvard.edu/api/access/datafile/13887039?format=original,true,,,not_crosschecked,excluded
3904,requested_source_year,medsl-v8-group-099,2024,TENNESSEE,TN,47,62.0,54,US SENATE,statewide,GEN,False,GLORIA JOHNSON,DEMOCRATIC,False,TOTAL,1027461.0,3007608.0,False,11/20/25,DEMOCRAT,,medsl:3904,2024-TN-ordinary-general,2024,2024-11-05,gen,total,1027461,3007608,2024-TN-ordinary-general:GLORIAJOHNSON,D,Same explicitly named candidate as major-party ballot line; Decision 013,https://dataverse.harvard.edu/api/access/datafile/13887039?format=original,true,,,not_crosschecked,excluded
3905,requested_source_year,medsl-v8-group-099,2024,TENNESSEE,TN,47,62.0,54,US SENATE,statewide,GEN,False,HASTINA ROBINSON,INDEPENDENT,False,TOTAL,8278.0,3007608.0,False,11/20/25,OTHER,,medsl:3905,2024-TN-ordinary-general,2024,2024-11-05,gen,total,8278,3007608,2024-TN-ordinary-general:HASTINAROBINSON,other,MEDSL detailed party label,https://dataverse.harvard.edu/api/access/datafile/13887039?format=original,true,,,not_crosschecked,excluded
3906,requested_source_year,medsl-v8-group-099,2024,TENNESSEE,TN,47,62.0,54,US SENATE,statewide,GEN,False,MARSHA BLACKBURN,REPUBLICAN,False,TOTAL,1918743.0,3007608.0,False,11/20/25,REPUBLICAN,,medsl:3906,2024-TN-ordinary-general,2024,2024-11-05,gen,total,1918743,3007608,2024-TN-ordinary-general:MARSHABLACKBURN,R,Same explicitly named candidate as major-party ballot line; Decision 013,https://dataverse.harvard.edu/api/access/datafile/13887039?format=original,true,,,not_crosschecked,excluded
3907,requested_source_year,medsl-v8-group-099,2024,TENNESSEE,TN,47,62.0,54,US SENATE,statewide,GEN,False,"PAMELA JEANINE ""P."" MOSES",INDEPENDENT,False,TOTAL,24682.0,3007608.0,False,11/20/25,OTHER,,medsl:3907,2024-TN-ordinary-general,2024,2024-11-05,gen,total,24682,3007608,2024-TN-ordinary-general:PAMELAJEANINEPMOSES,other,MEDSL detailed party label,https://dataverse.harvard.edu/api/access/datafile/13887039?format=original,true,,,not_crosschecked,excluded
3908,requested_source_year,medsl-v8-group-099,2024,TENNESSEE,TN,47,62.0,54,US SENATE,statewide,GEN,False,THARON CHANDLER,INDEPENDENT,False,TOTAL,28444.0,3007608.0,False,11/20/25,OTHER,,medsl:3908,2024-TN-ordinary-general,2024,2024-11-05,gen,total,28444,3007608,2024-TN-ordinary-general:THARONCHANDLER,other,MEDSL detailed party label,https://dataverse.harvard.edu/api/access/datafile/13887039?format=original,true,,,not_crosschecked,excluded
3909,requested_source_year,medsl-v8-group-100,2024,TEXAS,TX,48,74.0,49,US SENATE,statewide,GEN,False,COLIN ALLRED,DEMOCRATIC,False,TOTAL,5031249.0,11291854.0,False,11/20/25,DEMOCRAT,,medsl:3909,2024-TX-ordinary-general,2024,2024-11-05,gen,total,5031249,11291854,2024-TX-ordinary-general:COLINALLRED,D,Same explicitly named candidate as major-party ballot line; Decision 013,https://dataverse.harvard.edu/api/access/datafile/13887039?format=original,true,,,not_crosschecked,eligible
3910,requested_source_year,medsl-v8-group-100,2024,TEXAS,TX,48,74.0,49,US SENATE,statewide,GEN,False,OTHER,OTHER,False,TOTAL,2825.0,11291854.0,False,11/20/25,OTHER,,medsl:3910,2024-TX-ordinary-general,2024,2024-11-05,gen,total,2825,11291854,2024-TX-ordinary-general:OTHER,other,MEDSL detailed party label,https://dataverse.harvard.edu/api/access/datafile/13887039?format=original,true,,,not_crosschecked,eligible
3911,requested_source_year,medsl-v8-group-100,2024,TEXAS,TX,48,74.0,49,US SENATE,statewide,GEN,False,TED BROWN,LIBERTARIAN,False,TOTAL,267039.0,11291854.0,False,11/20/25,LIBERTARIAN,,medsl:3911,2024-TX-ordinary-general,2024,2024-11-05,gen,total,267039,11291854,2024-TX-ordinary-general:TEDBROWN,other,MEDSL detailed party label,https://dataverse.harvard.edu/api/access/datafile/13887039?format=original,true,,,not_crosschecked,eligible
3912,requested_source_year,medsl-v8-group-100,2024,TEXAS,TX,48,74.0,49,US SENATE,statewide,GEN,False,TED CRUZ,REPUBLICAN,False,TOTAL,5990741.0,11291854.0,False,11/20/25,REPUBLICAN,,medsl:3912,2024-TX-ordinary-general,2024,2024-11-05,gen,total,5990741,11291854,2024-TX-ordinary-general:TEDCRUZ,R,Same explicitly named candidate as major-party ballot line; Decision 013,https://dataverse.harvard.edu/api/access/datafile/13887039?format=original,true,,,not_crosschecked,eligible
3913,requested_source_year,medsl-v8-group-101,2024,UTAH,UT,49,87.0,67,US SENATE,statewide,GEN,False,CARLTON E. BOWEN,INDEPENDENT AMERICAN,False,TOTAL,83972.0,1463509.0,False,11/20/25,OTHER,,medsl:3913,2024-UT-ordinary-general,2024,2024-11-05,gen,total,83972,1463509,2024-UT-ordinary-general:CARLTONEBOWEN,other,MEDSL detailed party label,https://dataverse.harvard.edu/api/access/datafile/13887039?format=original,true,,,not_crosschecked,excluded
3914,requested_source_year,medsl-v8-group-101,2024,UTAH,UT,49,87.0,67,US SENATE,statewide,GEN,False,CAROLINE GLEICH,DEMOCRATIC,False,TOTAL,464515.0,1463509.0,False,11/20/25,DEMOCRAT,,medsl:3914,2024-UT-ordinary-general,2024,2024-11-05,gen,total,464515,1463509,2024-UT-ordinary-general:CAROLINEGLEICH,D,Same explicitly named candidate as major-party ballot line; Decision 013,https://dataverse.harvard.edu/api/access/datafile/13887039?format=original,true,,,not_crosschecked,excluded
3915,requested_source_year,medsl-v8-group-101,2024,UTAH,UT,49,87.0,67,US SENATE,statewide,GEN,False,JOHN CURTIS,REPUBLICAN,False,TOTAL,914700.0,1463509.0,False,11/20/25,REPUBLICAN,,medsl:3915,2024-UT-ordinary-general,2024,2024-11-05,gen,total,914700,1463509,2024-UT-ordinary-general:JOHNCURTIS,R,Same explicitly named candidate as major-party ballot line; Decision 013,https://dataverse.harvard.edu/api/access/datafile/13887039?format=original,true,,,not_crosschecked,excluded
3916,requested_source_year,medsl-v8-group-101,2024,UTAH,UT,49,87.0,67,US SENATE,statewide,GEN,False,OTHER,OTHER,False,TOTAL,322.0,1463509.0,False,11/20/25,OTHER,,medsl:3916,2024-UT-ordinary-general,2024,2024-11-05,gen,total,322,1463509,2024-UT-ordinary-general:OTHER,other,MEDSL detailed party label,https://dataverse.harvard.edu/api/access/datafile/13887039?format=original,true,,,not_crosschecked,excluded
3917,requested_source_year,medsl-v8-group-103,2024,VERMONT,VT,50,13.0,6,US SENATE,statewide,GEN,False,BERNIE SANDERS,INDEPENDENT,False,TOTAL,229429.0,372885.0,False,11/20/25,OTHER,,medsl:3917,2024-VT-ordinary-general,2024,2024-11-05,gen,total,229429,372885,2024-VT-ordinary-general:BERNIESANDERS,other,MEDSL detailed party label,https://dataverse.harvard.edu/api/access/datafile/13887039?format=original,true,,,not_crosschecked,excluded
3918,requested_source_year,medsl-v8-group-103,2024,VERMONT,VT,50,13.0,6,US SENATE,statewide,GEN,False,GERALD MALLOY,REPUBLICAN,False,TOTAL,116512.0,372885.0,False,11/20/25,REPUBLICAN,,medsl:3918,2024-VT-ordinary-general,2024,2024-11-05,gen,total,116512,372885,2024-VT-ordinary-general:GERALDMALLOY,R,Same explicitly named candidate as major-party ballot line; Decision 013,https://dataverse.harvard.edu/api/access/datafile/13887039?format=original,true,,,not_crosschecked,excluded
3919,requested_source_year,medsl-v8-group-103,2024,VERMONT,VT,50,13.0,6,US SENATE,statewide,GEN,False,JUSTIN SCHOVILLE,PEACE AND JUSTICE,False,TOTAL,3339.0,372885.0,False,11/20/25,OTHER,,medsl:3919,2024-VT-ordinary-general,2024,2024-11-05,gen,total,3339,372885,2024-VT-ordinary-general:JUSTINSCHOVILLE,other,MEDSL detailed party label,https://dataverse.harvard.edu/api/access/datafile/13887039?format=original,true,,,not_crosschecked,excluded
3920,requested_source_year,medsl-v8-group-103,2024,VERMONT,VT,50,13.0,6,US SENATE,statewide,GEN,False,MARK STEWART GREENSTEIN,EPIC,False,TOTAL,1104.0,372885.0,False,11/20/25,OTHER,,medsl:3920,2024-VT-ordinary-general,2024,2024-11-05,gen,total,1104,372885,2024-VT-ordinary-general:MARKSTEWARTGREENSTEIN,other,MEDSL detailed party label,https://dataverse.harvard.edu/api/access/datafile/13887039?format=original,true,,,not_crosschecked,excluded
3921,requested_source_year,medsl-v8-group-103,2024,VERMONT,VT,50,13.0,6,US SENATE,statewide,GEN,False,MATT HILL,LIBERTARIAN,False,TOTAL,4530.0,372885.0,False,11/20/25,LIBERTARIAN,,medsl:3921,2024-VT-ordinary-general,2024,2024-11-05,gen,total,4530,372885,2024-VT-ordinary-general:MATTHILL,other,MEDSL detailed party label,https://dataverse.harvard.edu/api/access/datafile/13887039?format=original,true,,,not_crosschecked,excluded
3922,requested_source_year,medsl-v8-group-103,2024,VERMONT,VT,50,13.0,6,US SENATE,statewide,GEN,False,OTHER,OTHER,False,TOTAL,398.0,372885.0,False,11/20/25,OTHER,,medsl:3922,2024-VT-ordinary-general,2024,2024-11-05,gen,total,398,372885,2024-VT-ordinary-general:OTHER,other,MEDSL detailed party label,https://dataverse.harvard.edu/api/access/datafile/13887039?format=original,true,,,not_crosschecked,excluded
3923,requested_source_year,medsl-v8-group-103,2024,VERMONT,VT,50,13.0,6,US SENATE,statewide,GEN,False,SPOILED,,False,TOTAL,296.0,372885.0,False,11/20/25,OTHER,,medsl:3923,2024-VT-ordinary-general,2024,2024-11-05,gen,total,296,372885,2024-VT-ordinary-general:SPOILED,other,Noncandidate ballot category; outside valid-vote denominator (Decision 013),https://dataverse.harvard.edu/api/access/datafile/13887039?format=original,false,blank_detailed_party;side_differs_detailed_party,,not_crosschecked,excluded
3924,requested_source_year,medsl-v8-group-103,2024,VERMONT,VT,50,13.0,6,US SENATE,statewide,GEN,False,STEVE BERRY,INDEPENDENT,False,TOTAL,7941.0,372885.0,False,11/20/25,OTHER,,medsl:3924,2024-VT-ordinary-general,2024,2024-11-05,gen,total,7941,372885,2024-VT-ordinary-general:STEVEBERRY,other,MEDSL detailed party label,https://dataverse.harvard.edu/api/access/datafile/13887039?format=original,true,,,not_crosschecked,excluded
3925,requested_source_year,medsl-v8-group-103,2024,VERMONT,VT,50,13.0,6,US SENATE,statewide,GEN,False,UNDERVOTES,,False,TOTAL,9336.0,372885.0,False,11/20/25,OTHER,,medsl:3925,2024-VT-ordinary-general,2024,2024-11-05,gen,total,9336,372885,2024-VT-ordinary-general:UNDERVOTES,other,Noncandidate ballot category; outside valid-vote denominator (Decision 013),https://dataverse.harvard.edu/api/access/datafile/13887039?format=original,false,blank_detailed_party;side_differs_detailed_party,,not_crosschecked,excluded
3926,requested_source_year,medsl-v8-group-102,2024,VIRGINIA,VA,51,54.0,40,US SENATE,statewide,GEN,False,HUNG CAO,REPUBLICAN,False,TOTAL,2019911.0,4445535.0,False,11/20/25,REPUBLICAN,,medsl:3926,2024-VA-ordinary-general,2024,2024-11-05,gen,total,2019911,4445535,2024-VA-ordinary-general:HUNGCAO,R,Same explicitly named candidate as major-party ballot line; Decision 013,https://dataverse.harvard.edu/api/access/datafile/13887039?format=original,true,,,not_crosschecked,excluded
3927,requested_source_year,medsl-v8-group-102,2024,VIRGINIA,VA,51,54.0,40,US SENATE,statewide,GEN,False,OTHER,OTHER,False,TOTAL,8509.0,4445535.0,False,11/20/25,OTHER,,medsl:3927,2024-VA-ordinary-general,2024,2024-11-05,gen,total,8509,4445535,2024-VA-ordinary-general:OTHER,other,MEDSL detailed party label,https://dataverse.harvard.edu/api/access/datafile/13887039?format=original,true,,,not_crosschecked,excluded
3928,requested_source_year,medsl-v8-group-102,2024,VIRGINIA,VA,51,54.0,40,US SENATE,statewide,GEN,False,TIMOTHY M. KAINE,DEMOCRATIC,False,TOTAL,2417115.0,4445535.0,False,11/20/25,DEMOCRAT,,medsl:3928,2024-VA-ordinary-general,2024,2024-11-05,gen,total,2417115,4445535,2024-VA-ordinary-general:TIMOTHYMKAINE,D,Same explicitly named candidate as major-party ballot line; Decision 013,https://dataverse.harvard.edu/api/access/datafile/13887039?format=original,true,,,not_crosschecked,excluded
3929,requested_source_year,medsl-v8-group-104,2024,WASHINGTON,WA,53,91.0,73,US SENATE,statewide,GEN,False,DR RAUL GARCIA,GOP,False,TOTAL,1549187.0,3812391.0,True,11/20/25,REPUBLICAN,unofficial_return,medsl:3929,2024-WA-ordinary-general,2024,2024-11-05,gen,total,1549187,3812391,2024-WA-ordinary-general:DRRAULGARCIA,R,Same explicitly named candidate as major-party ballot line; Decision 013,https://dataverse.harvard.edu/api/access/datafile/13887039?format=original,true,unofficial_source_returns,,not_crosschecked,excluded
3930,requested_source_year,medsl-v8-group-104,2024,WASHINGTON,WA,53,91.0,73,US SENATE,statewide,GEN,False,MARIA CANTWELL,DEMOCRATIC,False,TOTAL,2252577.0,3812391.0,True,11/20/25,DEMOCRAT,unofficial_return,medsl:3930,2024-WA-ordinary-general,2024,2024-11-05,gen,total,2252577,3812391,2024-WA-ordinary-general:MARIACANTWELL,D,Same explicitly named candidate as major-party ballot line; Decision 013,https://dataverse.harvard.edu/api/access/datafile/13887039?format=original,true,unofficial_source_returns,,not_crosschecked,excluded
3931,requested_source_year,medsl-v8-group-104,2024,WASHINGTON,WA,53,91.0,73,US SENATE,statewide,GEN,False,OTHER,OTHER,False,TOTAL,10627.0,3812391.0,True,11/20/25,OTHER,unofficial_return,medsl:3931,2024-WA-ordinary-general,2024,2024-11-05,gen,total,10627,3812391,2024-WA-ordinary-general:OTHER,other,MEDSL detailed party label,https://dataverse.harvard.edu/api/access/datafile/13887039?format=original,true,unofficial_source_returns,,not_crosschecked,excluded
3932,requested_source_year,medsl-v8-group-106,2024,WEST VIRGINIA,WV,54,55.0,56,US SENATE,statewide,GEN,False,DAVID MORAN,LIBERTARIAN,False,TOTAL,26075.0,747717.0,False,11/20/25,LIBERTARIAN,,medsl:3932,2024-WV-ordinary-general,2024,2024-11-05,gen,total,26075,747717,2024-WV-ordinary-general:DAVIDMORAN,other,MEDSL detailed party label,https://dataverse.harvard.edu/api/access/datafile/13887039?format=original,true,,,not_crosschecked,excluded
3933,requested_source_year,medsl-v8-group-106,2024,WEST VIRGINIA,WV,54,55.0,56,US SENATE,statewide,GEN,False,GLENN ELLIOTT,DEMOCRATIC,False,TOTAL,207548.0,747717.0,False,11/20/25,DEMOCRAT,,medsl:3933,2024-WV-ordinary-general,2024,2024-11-05,gen,total,207548,747717,2024-WV-ordinary-general:GLENNELLIOTT,D,Same explicitly named candidate as major-party ballot line; Decision 013,https://dataverse.harvard.edu/api/access/datafile/13887039?format=original,true,,,not_crosschecked,excluded
3934,requested_source_year,medsl-v8-group-106,2024,WEST VIRGINIA,WV,54,55.0,56,US SENATE,statewide,GEN,False,JIM JUSTICE,REPUBLICAN,False,TOTAL,514079.0,747717.0,False,11/20/25,REPUBLICAN,,medsl:3934,2024-WV-ordinary-general,2024,2024-11-05,gen,total,514079,747717,2024-WV-ordinary-general:JIMJUSTICE,R,Same explicitly named candidate as major-party ballot line; Decision 013,https://dataverse.harvard.edu/api/access/datafile/13887039?format=original,true,,,not_crosschecked,excluded
3935,requested_source_year,medsl-v8-group-106,2024,WEST VIRGINIA,WV,54,55.0,56,US SENATE,statewide,GEN,False,OTHER,OTHER,False,TOTAL,15.0,747717.0,False,11/20/25,OTHER,,medsl:3935,2024-WV-ordinary-general,2024,2024-11-05,gen,total,15,747717,2024-WV-ordinary-general:OTHER,other,MEDSL detailed party label,https://dataverse.harvard.edu/api/access/datafile/13887039?format=original,true,,,not_crosschecked,excluded
3936,requested_source_year,medsl-v8-group-105,2024,WISCONSIN,WI,55,35.0,25,US SENATE,statewide,GEN,False,ERIC HOVDE,REPUBLICAN,False,TOTAL,1643996.0,3390787.0,False,11/20/25,REPUBLICAN,,medsl:3936,2024-WI-ordinary-general,2024,2024-11-05,gen,total,1643996,3390787,2024-WI-ordinary-general:ERICHOVDE,R,Same explicitly named candidate as major-party ballot line; Decision 013,https://dataverse.harvard.edu/api/access/datafile/13887039?format=original,true,,,not_crosschecked,excluded
3937,requested_source_year,medsl-v8-group-105,2024,WISCONSIN,WI,55,35.0,25,US SENATE,statewide,GEN,False,OTHER,OTHER,False,TOTAL,2948.0,3390787.0,False,11/20/25,OTHER,,medsl:3937,2024-WI-ordinary-general,2024,2024-11-05,gen,total,2948,3390787,2024-WI-ordinary-general:OTHER,other,MEDSL detailed party label,https://dataverse.harvard.edu/api/access/datafile/13887039?format=original,true,,,not_crosschecked,excluded
3938,requested_source_year,medsl-v8-group-105,2024,WISCONSIN,WI,55,35.0,25,US SENATE,statewide,GEN,False,PHIL ANDERSON,INDEPENDENT,False,TOTAL,42315.0,3390787.0,False,11/20/25,OTHER,,medsl:3938,2024-WI-ordinary-general,2024,2024-11-05,gen,total,42315,3390787,2024-WI-ordinary-general:PHILANDERSON,other,MEDSL detailed party label,https://dataverse.harvard.edu/api/access/datafile/13887039?format=original,true,,,not_crosschecked,excluded
3939,requested_source_year,medsl-v8-group-105,2024,WISCONSIN,WI,55,35.0,25,US SENATE,statewide,GEN,False,TAMMY BALDWIN,DEMOCRATIC,False,TOTAL,1672777.0,3390787.0,False,11/20/25,DEMOCRAT,,medsl:3939,2024-WI-ordinary-general,2024,2024-11-05,gen,total,1672777,3390787,2024-WI-ordinary-general:TAMMYBALDWIN,D,Same explicitly named candidate as major-party ballot line; Decision 013,https://dataverse.harvard.edu/api/access/datafile/13887039?format=original,true,,,not_crosschecked,excluded
3940,requested_source_year,medsl-v8-group-105,2024,WISCONSIN,WI,55,35.0,25,US SENATE,statewide,GEN,False,THOMAS LEAGER,INDEPENDENT,False,TOTAL,28751.0,3390787.0,False,11/20/25,OTHER,,medsl:3940,2024-WI-ordinary-general,2024,2024-11-05,gen,total,28751,3390787,2024-WI-ordinary-general:THOMASLEAGER,other,MEDSL detailed party label,https://dataverse.harvard.edu/api/access/datafile/13887039?format=original,true,,,not_crosschecked,excluded
3941,requested_source_year,medsl-v8-group-107,2024,WYOMING,WY,56,83.0,68,US SENATE,statewide,GEN,False,JOHN BARRASSO,REPUBLICAN,False,TOTAL,198418.0,271123.0,False,11/20/25,REPUBLICAN,,medsl:3941,2024-WY-ordinary-general,2024,2024-11-05,gen,total,198418,271123,2024-WY-ordinary-general:JOHNBARRASSO,R,Same explicitly named candidate as major-party ballot line; Decision 013,https://dataverse.harvard.edu/api/access/datafile/13887039?format=original,true,,,not_crosschecked,excluded
3942,requested_source_year,medsl-v8-group-107,2024,WYOMING,WY,56,83.0,68,US SENATE,statewide,GEN,False,OTHER,OTHER,False,TOTAL,2017.0,271123.0,False,11/20/25,OTHER,,medsl:3942,2024-WY-ordinary-general,2024,2024-11-05,gen,total,2017,271123,2024-WY-ordinary-general:OTHER,other,MEDSL detailed party label,https://dataverse.harvard.edu/api/access/datafile/13887039?format=original,true,,,not_crosschecked,excluded
3943,requested_source_year,medsl-v8-group-107,2024,WYOMING,WY,56,83.0,68,US SENATE,statewide,GEN,False,OVERVOTES,,False,TOTAL,101.0,271123.0,False,11/20/25,OTHER,,medsl:3943,2024-WY-ordinary-general,2024,2024-11-05,gen,total,101,271123,2024-WY-ordinary-general:OVERVOTES,other,Noncandidate ballot category; outside valid-vote denominator (Decision 013),https://dataverse.harvard.edu/api/access/datafile/13887039?format=original,false,blank_detailed_party;side_differs_detailed_party,,not_crosschecked,excluded
3944,requested_source_year,medsl-v8-group-107,2024,WYOMING,WY,56,83.0,68,US SENATE,statewide,GEN,False,SCOTT D MORROW,DEMOCRATIC,False,TOTAL,63727.0,271123.0,False,11/20/25,DEMOCRAT,,medsl:3944,2024-WY-ordinary-general,2024,2024-11-05,gen,total,63727,271123,2024-WY-ordinary-general:SCOTTDMORROW,D,Same explicitly named candidate as major-party ballot line; Decision 013,https://dataverse.harvard.edu/api/access/datafile/13887039?format=original,true,,,not_crosschecked,excluded
3945,requested_source_year,medsl-v8-group-107,2024,WYOMING,WY,56,83.0,68,US SENATE,statewide,GEN,False,UNDERVOTES,,False,TOTAL,6860.0,271123.0,False,11/20/25,OTHER,,medsl:3945,2024-WY-ordinary-general,2024,2024-11-05,gen,total,6860,271123,2024-WY-ordinary-general:UNDERVOTES,other,Noncandidate ballot category; outside valid-vote denominator (Decision 013),https://dataverse.harvard.edu/api/access/datafile/13887039?format=original,false,blank_detailed_party;side_differs_detailed_party,,not_crosschecked,excluded
