question_key,source,cycle,state_po,race_id,poll_id,question_id,contest_id,mapped_round_id,election_date,full_ballot,status,reasons,preference_basis
538:2020:8737:73993:138823,538_archive,2020,GA,8737,73993,138823,2020-GA-ordinary-runoff,2020-GA-ordinary-runoff,2021-01-05,true,pending,contest_pending,
538:2020:7781:73993:138824,538_archive,2020,GA,7781,73993,138824,2020-GA-special-runoff,2020-GA-special-runoff,2021-01-05,true,pending,contest_pending,
538:2020:8737:74006:138845,538_archive,2020,GA,8737,74006,138845,2020-GA-ordinary-runoff,2020-GA-ordinary-runoff,2021-01-05,true,excluded,partisan_or_internal;contest_pending,
538:2020:7781:74006:138846,538_archive,2020,GA,7781,74006,138846,2020-GA-special-runoff,2020-GA-special-runoff,2021-01-05,true,excluded,partisan_or_internal;contest_pending,
538:2020:8737:73992:138821,538_archive,2020,GA,8737,73992,138821,2020-GA-ordinary-runoff,2020-GA-ordinary-runoff,2021-01-05,true,pending,contest_pending,
538:2020:7781:73992:138822,538_archive,2020,GA,7781,73992,138822,2020-GA-special-runoff,2020-GA-special-runoff,2021-01-05,true,pending,contest_pending,
538:2020:8737:73991:138819,538_archive,2020,GA,8737,73991,138819,2020-GA-ordinary-runoff,2020-GA-ordinary-runoff,2021-01-05,true,excluded,partisan_or_internal;contest_pending,
538:2020:7781:73991:138820,538_archive,2020,GA,7781,73991,138820,2020-GA-special-runoff,2020-GA-special-runoff,2021-01-05,true,excluded,partisan_or_internal;contest_pending,
538:2020:8737:73958:138753,538_archive,2020,GA,8737,73958,138753,2020-GA-ordinary-runoff,2020-GA-ordinary-runoff,2021-01-05,true,pending,contest_pending,
538:2020:7781:73958:138754,538_archive,2020,GA,7781,73958,138754,2020-GA-special-runoff,2020-GA-special-runoff,2021-01-05,true,pending,contest_pending,
538:2020:8737:73959:138755,538_archive,2020,GA,8737,73959,138755,2020-GA-ordinary-runoff,2020-GA-ordinary-runoff,2021-01-05,true,pending,contest_pending,
538:2020:7781:73959:138756,538_archive,2020,GA,7781,73959,138756,2020-GA-special-runoff,2020-GA-special-runoff,2021-01-05,true,pending,contest_pending,
538:2020:8737:73959:138757,538_archive,2020,GA,8737,73959,138757,2020-GA-ordinary-runoff,2020-GA-ordinary-runoff,2021-01-05,true,excluded,non_LV_population;contest_pending,
538:2020:7781:73959:138758,538_archive,2020,GA,7781,73959,138758,2020-GA-special-runoff,2020-GA-special-runoff,2021-01-05,true,excluded,non_LV_population;contest_pending,
538:2020:8737:73957:138751,538_archive,2020,GA,8737,73957,138751,2020-GA-ordinary-runoff,2020-GA-ordinary-runoff,2021-01-05,true,pending,contest_pending,
538:2020:7781:73957:138752,538_archive,2020,GA,7781,73957,138752,2020-GA-special-runoff,2020-GA-special-runoff,2021-01-05,true,pending,contest_pending,
538:2020:8737:73956:138744,538_archive,2020,GA,8737,73956,138744,2020-GA-ordinary-runoff,2020-GA-ordinary-runoff,2021-01-05,true,pending,contest_pending,
538:2020:7781:73956:138745,538_archive,2020,GA,7781,73956,138745,2020-GA-special-runoff,2020-GA-special-runoff,2021-01-05,true,pending,contest_pending,
538:2020:8737:73908:138671,538_archive,2020,GA,8737,73908,138671,2020-GA-ordinary-runoff,2020-GA-ordinary-runoff,2021-01-05,true,pending,contest_pending,
538:2020:7781:73908:138672,538_archive,2020,GA,7781,73908,138672,2020-GA-special-runoff,2020-GA-special-runoff,2021-01-05,true,pending,contest_pending,
538:2020:8737:73906:138663,538_archive,2020,GA,8737,73906,138663,2020-GA-ordinary-runoff,2020-GA-ordinary-runoff,2021-01-05,true,excluded,partisan_or_internal;contest_pending,
538:2020:7781:73906:138664,538_archive,2020,GA,7781,73906,138664,2020-GA-special-runoff,2020-GA-special-runoff,2021-01-05,true,excluded,partisan_or_internal;contest_pending,
538:2020:8737:73898:138646,538_archive,2020,GA,8737,73898,138646,2020-GA-ordinary-runoff,2020-GA-ordinary-runoff,2021-01-05,true,pending,contest_pending,
538:2020:7781:73898:138647,538_archive,2020,GA,7781,73898,138647,2020-GA-special-runoff,2020-GA-special-runoff,2021-01-05,true,pending,contest_pending,
538:2020:8737:73886:138617,538_archive,2020,GA,8737,73886,138617,2020-GA-ordinary-runoff,2020-GA-ordinary-runoff,2021-01-05,true,pending,contest_pending,
538:2020:7781:73886:138618,538_archive,2020,GA,7781,73886,138618,2020-GA-special-runoff,2020-GA-special-runoff,2021-01-05,true,pending,contest_pending,
538:2020:8737:73955:138741,538_archive,2020,GA,8737,73955,138741,2020-GA-ordinary-runoff,2020-GA-ordinary-runoff,2021-01-05,true,excluded,partisan_or_internal;contest_pending,
538:2020:7781:73955:138742,538_archive,2020,GA,7781,73955,138742,2020-GA-special-runoff,2020-GA-special-runoff,2021-01-05,true,excluded,partisan_or_internal;contest_pending,
538:2020:8737:73888:138628,538_archive,2020,GA,8737,73888,138628,2020-GA-ordinary-runoff,2020-GA-ordinary-runoff,2021-01-05,true,pending,contest_pending,
538:2020:7781:73888:138629,538_archive,2020,GA,7781,73888,138629,2020-GA-special-runoff,2020-GA-special-runoff,2021-01-05,true,pending,contest_pending,
538:2020:8737:73860:138540,538_archive,2020,GA,8737,73860,138540,2020-GA-ordinary-runoff,2020-GA-ordinary-runoff,2021-01-05,true,pending,contest_pending,
538:2020:7781:73860:138541,538_archive,2020,GA,7781,73860,138541,2020-GA-special-runoff,2020-GA-special-runoff,2021-01-05,true,pending,contest_pending,
538:2020:8737:73801:138448,538_archive,2020,GA,8737,73801,138448,2020-GA-ordinary-runoff,2020-GA-ordinary-runoff,2021-01-05,true,pending,contest_pending,
538:2020:7781:73801:138449,538_archive,2020,GA,7781,73801,138449,2020-GA-special-runoff,2020-GA-special-runoff,2021-01-05,true,pending,contest_pending,
538:2020:8737:73835:138503,538_archive,2020,GA,8737,73835,138503,2020-GA-ordinary-runoff,2020-GA-ordinary-runoff,2021-01-05,true,excluded,partisan_or_internal;contest_pending,
538:2020:7781:73835:138504,538_archive,2020,GA,7781,73835,138504,2020-GA-special-runoff,2020-GA-special-runoff,2021-01-05,true,excluded,partisan_or_internal;contest_pending,
538:2020:8737:73789:138389,538_archive,2020,GA,8737,73789,138389,2020-GA-ordinary-runoff,2020-GA-ordinary-runoff,2021-01-05,true,pending,contest_pending,
538:2020:7781:73789:138390,538_archive,2020,GA,7781,73789,138390,2020-GA-special-runoff,2020-GA-special-runoff,2021-01-05,true,pending,contest_pending,
538:2020:8737:73831:138492,538_archive,2020,GA,8737,73831,138492,2020-GA-ordinary-runoff,2020-GA-ordinary-runoff,2021-01-05,true,pending,contest_pending,
538:2020:7781:73831:138493,538_archive,2020,GA,7781,73831,138493,2020-GA-special-runoff,2020-GA-special-runoff,2021-01-05,true,pending,contest_pending,
538:2020:8737:73838:138507,538_archive,2020,GA,8737,73838,138507,2020-GA-ordinary-runoff,2020-GA-ordinary-runoff,2021-01-05,true,pending,contest_pending,
538:2020:7781:73838:138508,538_archive,2020,GA,7781,73838,138508,2020-GA-special-runoff,2020-GA-special-runoff,2021-01-05,true,pending,contest_pending,
538:2020:8737:73702:138266,538_archive,2020,GA,8737,73702,138266,2020-GA-ordinary-runoff,2020-GA-ordinary-runoff,2021-01-05,true,excluded,partisan_or_internal;contest_pending,
538:2020:7781:73702:138267,538_archive,2020,GA,7781,73702,138267,2020-GA-special-runoff,2020-GA-special-runoff,2021-01-05,true,excluded,partisan_or_internal;contest_pending,
538:2020:8737:73672:138229,538_archive,2020,GA,8737,73672,138229,2020-GA-ordinary-runoff,2020-GA-ordinary-runoff,2021-01-05,true,pending,contest_pending,
538:2020:7781:73672:138230,538_archive,2020,GA,7781,73672,138230,2020-GA-special-runoff,2020-GA-special-runoff,2021-01-05,true,pending,contest_pending,
538:2020:8737:73495:137883,538_archive,2020,GA,8737,73495,137883,2020-GA-ordinary-runoff,2020-GA-ordinary-runoff,2021-01-05,true,excluded,partisan_or_internal;contest_pending,
538:2020:7781:73495:137884,538_archive,2020,GA,7781,73495,137884,2020-GA-special-runoff,2020-GA-special-runoff,2021-01-05,true,excluded,partisan_or_internal;contest_pending,
538:2020:8737:73446:137759,538_archive,2020,GA,8737,73446,137759,2020-GA-ordinary-runoff,2020-GA-ordinary-runoff,2021-01-05,true,pending,contest_pending,
538:2020:7781:73446:137760,538_archive,2020,GA,7781,73446,137760,2020-GA-special-runoff,2020-GA-special-runoff,2021-01-05,true,pending,contest_pending,
538:2020:8737:73492:137854,538_archive,2020,GA,8737,73492,137854,2020-GA-ordinary-runoff,2020-GA-ordinary-runoff,2021-01-05,true,pending,contest_pending,
538:2020:7781:73492:137855,538_archive,2020,GA,7781,73492,137855,2020-GA-special-runoff,2020-GA-special-runoff,2021-01-05,true,pending,contest_pending,
538:2020:8737:73525:137950,538_archive,2020,GA,8737,73525,137950,2020-GA-ordinary-runoff,2020-GA-ordinary-runoff,2021-01-05,true,excluded,partisan_or_internal;contest_pending,
538:2020:7781:73525:137951,538_archive,2020,GA,7781,73525,137951,2020-GA-special-runoff,2020-GA-special-runoff,2021-01-05,true,excluded,partisan_or_internal;contest_pending,
538:2020:8737:73121:137096,538_archive,2020,GA,8737,73121,137096,2020-GA-ordinary-runoff,2020-GA-ordinary-runoff,2021-01-05,true,pending,contest_pending,
538:2020:7781:73121:137097,538_archive,2020,GA,7781,73121,137097,2020-GA-special-runoff,2020-GA-special-runoff,2021-01-05,true,pending,contest_pending,
538:2020:7781:73164:137165,538_archive,2020,GA,7781,73164,137165,2020-GA-special-runoff,2020-GA-special-runoff,2021-01-05,true,excluded,partisan_or_internal;contest_pending,
538:2020:8737:72935:136831,538_archive,2020,GA,8737,72935,136831,2020-GA-ordinary-runoff,2020-GA-ordinary-runoff,2021-01-05,true,pending,contest_pending,
538:2020:7781:72935:136832,538_archive,2020,GA,7781,72935,136832,2020-GA-special-runoff,2020-GA-special-runoff,2021-01-05,true,pending,contest_pending,
538:2020:6272:72621:136284,538_archive,2020,IA,6272,72621,136284,2020-IA-ordinary-general,2020-IA-ordinary-general,2020-11-03,false,excluded,non_LV_population,
538:2020:6292:72864:140394,538_archive,2020,SC,6292,72864,140394,2020-SC-ordinary-general,2020-SC-ordinary-general,2020-11-03,false,selected,,Only eligible LV question for this poll/round
538:2020:6283:72762:136576,538_archive,2020,MT,6283,72762,136576,2020-MT-ordinary-general,2020-MT-ordinary-general,2020-11-03,true,selected,,Only eligible LV question for this poll/round
538:2020:6279:72801:136603,538_archive,2020,ME,6279,72801,136603,2020-ME-ordinary-general,2020-ME-ordinary-general,2020-11-03,true,selected,,Unique full-ballot LV question (Decision 013)
538:2020:6279:72801:136607,538_archive,2020,ME,6279,72801,136607,2020-ME-ordinary-general,2020-ME-ordinary-general,2020-11-03,false,excluded,alternate_question,Same poll/round has a unique full-ballot LV question
538:2020:6268:72653:136343,538_archive,2020,AZ,6268,72653,136343,2020-AZ-special-general,2020-AZ-special-general,2020-11-03,true,selected,,Only eligible LV question for this poll/round
538:2020:6284:72770:136580,538_archive,2020,NC,6284,72770,136580,2020-NC-ordinary-general,2020-NC-ordinary-general,2020-11-03,false,selected,,Only eligible LV question for this poll/round
538:2020:6295:72774:136577,538_archive,2020,TX,6295,72774,136577,2020-TX-ordinary-general,2020-TX-ordinary-general,2020-11-03,false,pending,contest_pending,
538:2020:6271:72661:136359,538_archive,2020,GA,6271,72661,136359,2020-GA-ordinary-general,2020-GA-ordinary-general,2020-11-03,true,selected,,Only eligible LV question for this poll/round
538:2020:7780:72661:136360,538_archive,2020,GA,7780,72661,136360,2020-GA-special-first,2020-GA-special-first,2020-11-03,false,selected,,Only eligible LV question for this poll/round
538:2020:6274:72623:136295,538_archive,2020,IL,6274,72623,136295,2020-IL-ordinary-general,2020-IL-ordinary-general,2020-11-03,false,pending,contest_pending,
538:2020:6280:72624:136296,538_archive,2020,MI,6280,72624,136296,2020-MI-ordinary-general,2020-MI-ordinary-general,2020-11-03,false,pending,contest_pending,
538:2020:6281:72625:136297,538_archive,2020,MN,6281,72625,136297,2020-MN-ordinary-general,2020-MN-ordinary-general,2020-11-03,false,selected,,Only eligible LV question for this poll/round
538:2020:6287:72626:136298,538_archive,2020,NJ,6287,72626,136298,2020-NJ-ordinary-general,2020-NJ-ordinary-general,2020-11-03,false,pending,contest_pending,
538:2020:6272:72577:136209,538_archive,2020,IA,6272,72577,136209,2020-IA-ordinary-general,2020-IA-ordinary-general,2020-11-03,true,selected,,Only eligible LV question for this poll/round
538:2020:6269:72580:136211,538_archive,2020,CO,6269,72580,136211,2020-CO-ordinary-general,2020-CO-ordinary-general,2020-11-03,false,selected,,Only eligible LV question for this poll/round
538:2020:6268:72649:136327,538_archive,2020,AZ,6268,72649,136327,2020-AZ-special-general,2020-AZ-special-general,2020-11-03,true,selected,,Only eligible LV question for this poll/round
538:2020:6268:72649:136328,538_archive,2020,AZ,6268,72649,136328,2020-AZ-special-general,2020-AZ-special-general,2020-11-03,true,excluded,non_LV_population,
538:2020:6274:72716:136479,538_archive,2020,IL,6274,72716,136479,2020-IL-ordinary-general,2020-IL-ordinary-general,2020-11-03,true,pending,contest_pending,
538:2020:6268:72726:136503,538_archive,2020,AZ,6268,72726,136503,2020-AZ-special-general,2020-AZ-special-general,2020-11-03,true,selected,,Only eligible LV question for this poll/round
538:2020:6280:72728:136504,538_archive,2020,MI,6280,72728,136504,2020-MI-ordinary-general,2020-MI-ordinary-general,2020-11-03,false,pending,contest_pending,
538:2020:6284:72729:136505,538_archive,2020,NC,6284,72729,136505,2020-NC-ordinary-general,2020-NC-ordinary-general,2020-11-03,false,selected,,Only eligible LV question for this poll/round
538:2020:6272:72756:136538,538_archive,2020,IA,6272,72756,136538,2020-IA-ordinary-general,2020-IA-ordinary-general,2020-11-03,true,selected,,Only eligible LV question for this poll/round
538:2020:6280:72508:136079,538_archive,2020,MI,6280,72508,136079,2020-MI-ordinary-general,2020-MI-ordinary-general,2020-11-03,false,pending,contest_pending,
538:2020:6284:72581:136213,538_archive,2020,NC,6284,72581,136213,2020-NC-ordinary-general,2020-NC-ordinary-general,2020-11-03,true,selected,,Only eligible LV question for this poll/round
538:2020:6295:72583:136217,538_archive,2020,TX,6295,72583,136217,2020-TX-ordinary-general,2020-TX-ordinary-general,2020-11-03,false,pending,contest_pending;unresolved_poll_side,
538:2020:6269:72584:136219,538_archive,2020,CO,6269,72584,136219,2020-CO-ordinary-general,2020-CO-ordinary-general,2020-11-03,false,selected,,Only eligible LV question for this poll/round
538:2020:6268:72585:136221,538_archive,2020,AZ,6268,72585,136221,2020-AZ-special-general,2020-AZ-special-general,2020-11-03,true,selected,,Only eligible LV question for this poll/round
538:2020:6296:72590:136233,538_archive,2020,VA,6296,72590,136233,2020-VA-ordinary-general,2020-VA-ordinary-general,2020-11-03,true,selected,,Only eligible LV question for this poll/round
538:2020:6266:72591:136234,538_archive,2020,AL,6266,72591,136234,2020-AL-ordinary-general,2020-AL-ordinary-general,2020-11-03,true,selected,,Only eligible LV question for this poll/round
538:2020:6284:72659:136353,538_archive,2020,NC,6284,72659,136353,2020-NC-ordinary-general,2020-NC-ordinary-general,2020-11-03,false,selected,,Only eligible LV question for this poll/round
538:2020:6275:72723:136493,538_archive,2020,KS,6275,72723,136493,2020-KS-ordinary-general,2020-KS-ordinary-general,2020-11-03,true,selected,,Only eligible LV question for this poll/round
538:2020:6292:72724:136495,538_archive,2020,SC,6292,72724,136495,2020-SC-ordinary-general,2020-SC-ordinary-general,2020-11-03,true,selected,,Only eligible LV question for this poll/round
538:2020:6271:72738:136513,538_archive,2020,GA,6271,72738,136513,2020-GA-ordinary-general,2020-GA-ordinary-general,2020-11-03,true,selected,,Only eligible LV question for this poll/round
538:2020:7780:72738:136514,538_archive,2020,GA,7780,72738,136514,2020-GA-special-first,2020-GA-special-first,2020-11-03,false,selected,,Only eligible LV question for this poll/round
538:2020:6282:72739:136516,538_archive,2020,MS,6282,72739,136516,2020-MS-ordinary-general,2020-MS-ordinary-general,2020-11-03,true,selected,,Only eligible LV question for this poll/round
538:2020:6281:72740:136518,538_archive,2020,MN,6281,72740,136518,2020-MN-ordinary-general,2020-MN-ordinary-general,2020-11-03,false,selected,,Only eligible LV question for this poll/round
538:2020:6272:72741:136520,538_archive,2020,IA,6272,72741,136520,2020-IA-ordinary-general,2020-IA-ordinary-general,2020-11-03,true,selected,,Only eligible LV question for this poll/round
538:2020:6266:72763:136582,538_archive,2020,AL,6266,72763,136582,2020-AL-ordinary-general,2020-AL-ordinary-general,2020-11-03,true,selected,,Only eligible LV question for this poll/round
538:2020:6268:72764:136581,538_archive,2020,AZ,6268,72764,136581,2020-AZ-special-general,2020-AZ-special-general,2020-11-03,true,selected,,Only eligible LV question for this poll/round
538:2020:6271:72766:136578,538_archive,2020,GA,6271,72766,136578,2020-GA-ordinary-general,2020-GA-ordinary-general,2020-11-03,false,selected,,Only eligible LV question for this poll/round
538:2020:6280:72769:136579,538_archive,2020,MI,6280,72769,136579,2020-MI-ordinary-general,2020-MI-ordinary-general,2020-11-03,false,pending,contest_pending,
538:2020:6296:72775:136583,538_archive,2020,VA,6296,72775,136583,2020-VA-ordinary-general,2020-VA-ordinary-general,2020-11-03,true,selected,,Only eligible LV question for this poll/round
538:2020:6269:72777:136586,538_archive,2020,CO,6269,72777,136586,2020-CO-ordinary-general,2020-CO-ordinary-general,2020-11-03,false,selected,,Only eligible LV question for this poll/round
538:2020:6276:72779:136588,538_archive,2020,KY,6276,72779,136588,2020-KY-ordinary-general,2020-KY-ordinary-general,2020-11-03,true,pending,contest_pending,
538:2020:6281:72782:136585,538_archive,2020,MN,6281,72782,136585,2020-MN-ordinary-general,2020-MN-ordinary-general,2020-11-03,false,selected,,Only eligible LV question for this poll/round
538:2020:6292:72785:136587,538_archive,2020,SC,6292,72785,136587,2020-SC-ordinary-general,2020-SC-ordinary-general,2020-11-03,true,selected,,Only eligible LV question for this poll/round
538:2020:6294:72786:136584,538_archive,2020,TN,6294,72786,136584,2020-TN-ordinary-general,2020-TN-ordinary-general,2020-11-03,false,pending,contest_pending,
538:2020:6284:72635:136306,538_archive,2020,NC,6284,72635,136306,2020-NC-ordinary-general,2020-NC-ordinary-general,2020-11-03,true,selected,,Only eligible LV question for this poll/round
538:2020:6280:72487:136038,538_archive,2020,MI,6280,72487,136038,2020-MI-ordinary-general,2020-MI-ordinary-general,2020-11-03,false,pending,contest_pending,
538:2020:6272:72489:136039,538_archive,2020,IA,6272,72489,136039,2020-IA-ordinary-general,2020-IA-ordinary-general,2020-11-03,false,selected,,Only eligible LV question for this poll/round
538:2020:6268:72495:136051,538_archive,2020,AZ,6268,72495,136051,2020-AZ-special-general,2020-AZ-special-general,2020-11-03,true,selected,,Only eligible LV question for this poll/round
538:2020:6279:72511:136078,538_archive,2020,ME,6279,72511,136078,2020-ME-ordinary-general,2020-ME-ordinary-general,2020-11-03,true,selected,,Only eligible LV question for this poll/round
538:2020:6284:72515:136085,538_archive,2020,NC,6284,72515,136085,2020-NC-ordinary-general,2020-NC-ordinary-general,2020-11-03,false,selected,,Only eligible LV question for this poll/round
538:2020:6271:72517:136086,538_archive,2020,GA,6271,72517,136086,2020-GA-ordinary-general,2020-GA-ordinary-general,2020-11-03,false,selected,,Only eligible LV question for this poll/round
538:2020:7780:72517:136087,538_archive,2020,GA,7780,72517,136087,2020-GA-special-first,2020-GA-special-first,2020-11-03,false,selected,,Only eligible LV question for this poll/round
538:2020:6295:72518:136088,538_archive,2020,TX,6295,72518,136088,2020-TX-ordinary-general,2020-TX-ordinary-general,2020-11-03,false,pending,contest_pending,
538:2020:6268:72602:136269,538_archive,2020,AZ,6268,72602,136269,2020-AZ-special-general,2020-AZ-special-general,2020-11-03,true,selected,,Only eligible LV question for this poll/round
538:2020:6269:72603:136270,538_archive,2020,CO,6269,72603,136270,2020-CO-ordinary-general,2020-CO-ordinary-general,2020-11-03,false,selected,,Only eligible LV question for this poll/round
538:2020:6271:72605:136271,538_archive,2020,GA,6271,72605,136271,2020-GA-ordinary-general,2020-GA-ordinary-general,2020-11-03,false,selected,,Only eligible LV question for this poll/round
538:2020:6280:72607:136273,538_archive,2020,MI,6280,72607,136273,2020-MI-ordinary-general,2020-MI-ordinary-general,2020-11-03,false,pending,contest_pending,
538:2020:6284:72610:136274,538_archive,2020,NC,6284,72610,136274,2020-NC-ordinary-general,2020-NC-ordinary-general,2020-11-03,false,selected,,Only eligible LV question for this poll/round
538:2020:6292:72613:136275,538_archive,2020,SC,6292,72613,136275,2020-SC-ordinary-general,2020-SC-ordinary-general,2020-11-03,false,selected,,Only eligible LV question for this poll/round
538:2020:6295:72614:136276,538_archive,2020,TX,6295,72614,136276,2020-TX-ordinary-general,2020-TX-ordinary-general,2020-11-03,false,pending,contest_pending,
538:2020:6266:72617:136268,538_archive,2020,AL,6266,72617,136268,2020-AL-ordinary-general,2020-AL-ordinary-general,2020-11-03,true,selected,,Only eligible LV question for this poll/round
538:2020:6276:72618:136272,538_archive,2020,KY,6276,72618,136272,2020-KY-ordinary-general,2020-KY-ordinary-general,2020-11-03,false,pending,contest_pending,
538:2020:6272:72492:136045,538_archive,2020,IA,6272,72492,136045,2020-IA-ordinary-general,2020-IA-ordinary-general,2020-11-03,true,selected,,Only eligible LV question for this poll/round
538:2020:6280:72333:135713,538_archive,2020,MI,6280,72333,135713,2020-MI-ordinary-general,2020-MI-ordinary-general,2020-11-03,false,excluded,non_LV_population;partisan_or_internal;contest_pending,
538:2020:6281:72405:135861,538_archive,2020,MN,6281,72405,135861,2020-MN-ordinary-general,2020-MN-ordinary-general,2020-11-03,false,excluded,non_LV_population,
538:2020:6268:72632:136301,538_archive,2020,AZ,6268,72632,136301,2020-AZ-special-general,2020-AZ-special-general,2020-11-03,true,selected,,Only eligible LV question for this poll/round
538:2020:6268:72478:136021,538_archive,2020,AZ,6268,72478,136021,2020-AZ-special-general,2020-AZ-special-general,2020-11-03,true,selected,,Only eligible LV question for this poll/round
538:2020:6281:72586:136226,538_archive,2020,MN,6281,72586,136226,2020-MN-ordinary-general,2020-MN-ordinary-general,2020-11-03,false,selected,,Only eligible LV question for this poll/round
538:2020:6280:72587:136227,538_archive,2020,MI,6280,72587,136227,2020-MI-ordinary-general,2020-MI-ordinary-general,2020-11-03,false,pending,contest_pending,
538:2020:6280:72416:135878,538_archive,2020,MI,6280,72416,135878,2020-MI-ordinary-general,2020-MI-ordinary-general,2020-11-03,false,pending,contest_pending,
538:2020:6280:72416:135879,538_archive,2020,MI,6280,72416,135879,2020-MI-ordinary-general,2020-MI-ordinary-general,2020-11-03,false,excluded,non_LV_population;contest_pending,
538:2020:6268:72417:135886,538_archive,2020,AZ,6268,72417,135886,2020-AZ-special-general,2020-AZ-special-general,2020-11-03,true,selected,,Only eligible LV question for this poll/round
538:2020:6268:72417:135887,538_archive,2020,AZ,6268,72417,135887,2020-AZ-special-general,2020-AZ-special-general,2020-11-03,true,excluded,non_LV_population,
538:2020:6284:72418:135889,538_archive,2020,NC,6284,72418,135889,2020-NC-ordinary-general,2020-NC-ordinary-general,2020-11-03,true,selected,,Only eligible LV question for this poll/round
538:2020:6284:72418:135890,538_archive,2020,NC,6284,72418,135890,2020-NC-ordinary-general,2020-NC-ordinary-general,2020-11-03,true,excluded,non_LV_population,
538:2020:6278:72715:136478,538_archive,2020,MA,6278,72715,136478,2020-MA-ordinary-general,2020-MA-ordinary-general,2020-11-03,false,pending,contest_pending,
538:2020:6280:72493:136047,538_archive,2020,MI,6280,72493,136047,2020-MI-ordinary-general,2020-MI-ordinary-general,2020-11-03,true,pending,contest_pending,
538:2020:6284:72326:135697,538_archive,2020,NC,6284,72326,135697,2020-NC-ordinary-general,2020-NC-ordinary-general,2020-11-03,false,selected,,Only eligible LV question for this poll/round
538:2020:6268:72217:135483,538_archive,2020,AZ,6268,72217,135483,2020-AZ-special-general,2020-AZ-special-general,2020-11-03,true,selected,,Only eligible LV question for this poll/round
538:2020:6280:72335:135888,538_archive,2020,MI,6280,72335,135888,2020-MI-ordinary-general,2020-MI-ordinary-general,2020-11-03,false,pending,contest_pending,
538:2020:6272:72420:135893,538_archive,2020,IA,6272,72420,135893,2020-IA-ordinary-general,2020-IA-ordinary-general,2020-11-03,false,selected,,Only eligible LV question for this poll/round
538:2020:6288:72400:136020,538_archive,2020,NM,6288,72400,136020,2020-NM-ordinary-general,2020-NM-ordinary-general,2020-11-03,true,selected,,Only eligible LV question for this poll/round
538:2020:6296:72402:135856,538_archive,2020,VA,6296,72402,135856,2020-VA-ordinary-general,2020-VA-ordinary-general,2020-11-03,true,selected,,Only eligible LV question for this poll/round
538:2020:6281:72503:136064,538_archive,2020,MN,6281,72503,136064,2020-MN-ordinary-general,2020-MN-ordinary-general,2020-11-03,false,excluded,non_LV_population,
538:2020:6271:72336:135719,538_archive,2020,GA,6271,72336,135719,2020-GA-ordinary-general,2020-GA-ordinary-general,2020-11-03,true,selected,,Only eligible LV question for this poll/round
538:2020:7780:72336:135720,538_archive,2020,GA,7780,72336,135720,2020-GA-special-first,2020-GA-special-first,2020-11-03,false,selected,,Only eligible LV question for this poll/round
538:2020:6271:72187:135403,538_archive,2020,GA,6271,72187,135403,2020-GA-ordinary-general,2020-GA-ordinary-general,2020-11-03,true,excluded,non_LV_population,
538:2020:7780:72187:135404,538_archive,2020,GA,7780,72187,135404,2020-GA-special-first,2020-GA-special-first,2020-11-03,false,excluded,non_LV_population,
538:2020:6295:72229:135688,538_archive,2020,TX,6295,72229,135688,2020-TX-ordinary-general,2020-TX-ordinary-general,2020-11-03,false,pending,contest_pending,
538:2020:6284:72321:135684,538_archive,2020,NC,6284,72321,135684,2020-NC-ordinary-general,2020-NC-ordinary-general,2020-11-03,true,selected,,Only eligible LV question for this poll/round
538:2020:6284:72332:135711,538_archive,2020,NC,6284,72332,135711,2020-NC-ordinary-general,2020-NC-ordinary-general,2020-11-03,false,selected,,Only eligible LV question for this poll/round
538:2020:6295:72498:136057,538_archive,2020,TX,6295,72498,136057,2020-TX-ordinary-general,2020-TX-ordinary-general,2020-11-03,false,pending,contest_pending,
538:2020:6268:72158:135321,538_archive,2020,AZ,6268,72158,135321,2020-AZ-special-general,2020-AZ-special-general,2020-11-03,true,selected,,Only eligible LV question for this poll/round
538:2020:6265:72193:135419,538_archive,2020,AK,6265,72193,135419,2020-AK-ordinary-general,2020-AK-ordinary-general,2020-11-03,false,selected,,Only eligible LV question for this poll/round
538:2020:6286:72226:135495,538_archive,2020,NH,6286,72226,135495,2020-NH-ordinary-general,2020-NH-ordinary-general,2020-11-03,true,selected,,Only eligible LV question for this poll/round
538:2020:6284:72331:135705,538_archive,2020,NC,6284,72331,135705,2020-NC-ordinary-general,2020-NC-ordinary-general,2020-11-03,false,excluded,non_LV_population,
538:2020:6284:72331:135706,538_archive,2020,NC,6284,72331,135706,2020-NC-ordinary-general,2020-NC-ordinary-general,2020-11-03,false,selected,,Only eligible LV question for this poll/round
538:2020:6280:72483:136026,538_archive,2020,MI,6280,72483,136026,2020-MI-ordinary-general,2020-MI-ordinary-general,2020-11-03,false,pending,contest_pending,
538:2020:6286:72230:135504,538_archive,2020,NH,6286,72230,135504,2020-NH-ordinary-general,2020-NH-ordinary-general,2020-11-03,true,selected,,Only eligible LV question for this poll/round
538:2020:6293:72794:136599,538_archive,2020,SD,6293,72794,136599,2020-SD-ordinary-general,2020-SD-ordinary-general,2020-11-03,true,pending,contest_pending,
538:2020:6266:72223:135490,538_archive,2020,AL,6266,72223,135490,2020-AL-ordinary-general,2020-AL-ordinary-general,2020-11-03,true,selected,,Only eligible LV question for this poll/round
538:2020:6280:72311:135660,538_archive,2020,MI,6280,72311,135660,2020-MI-ordinary-general,2020-MI-ordinary-general,2020-11-03,false,pending,contest_pending,
538:2020:6276:72239:135527,538_archive,2020,KY,6276,72239,135527,2020-KY-ordinary-general,2020-KY-ordinary-general,2020-11-03,false,excluded,non_LV_population;contest_pending,
538:2020:6298:72334:135715,538_archive,2020,WY,6298,72334,135715,2020-WY-ordinary-general,2020-WY-ordinary-general,2020-11-03,true,selected,,Only eligible LV question for this poll/round
538:2020:6284:72057:135089,538_archive,2020,NC,6284,72057,135089,2020-NC-ordinary-general,2020-NC-ordinary-general,2020-11-03,false,excluded,non_LV_population;partisan_or_internal,
538:2020:6283:72062:135099,538_archive,2020,MT,6283,72062,135099,2020-MT-ordinary-general,2020-MT-ordinary-general,2020-11-03,true,excluded,non_LV_population;partisan_or_internal,
538:2020:6284:72153:135305,538_archive,2020,NC,6284,72153,135305,2020-NC-ordinary-general,2020-NC-ordinary-general,2020-11-03,false,selected,,Only eligible LV question for this poll/round
538:2020:6275:72165:135351,538_archive,2020,KS,6275,72165,135351,2020-KS-ordinary-general,2020-KS-ordinary-general,2020-11-03,false,excluded,partisan_or_internal,
538:2020:6275:72165:135352,538_archive,2020,KS,6275,72165,135352,2020-KS-ordinary-general,2020-KS-ordinary-general,2020-11-03,true,excluded,partisan_or_internal,
538:2020:6280:72170:135364,538_archive,2020,MI,6280,72170,135364,2020-MI-ordinary-general,2020-MI-ordinary-general,2020-11-03,false,pending,contest_pending,
538:2020:6275:72240:135528,538_archive,2020,KS,6275,72240,135528,2020-KS-ordinary-general,2020-KS-ordinary-general,2020-11-03,true,selected,,Only eligible LV question for this poll/round
538:2020:6284:72397:135839,538_archive,2020,NC,6284,72397,135839,2020-NC-ordinary-general,2020-NC-ordinary-general,2020-11-03,false,excluded,partisan_or_internal,
538:2020:6271:72146:135283,538_archive,2020,GA,6271,72146,135283,2020-GA-ordinary-general,2020-GA-ordinary-general,2020-11-03,true,excluded,non_LV_population,
538:2020:6271:72146:135284,538_archive,2020,GA,6271,72146,135284,2020-GA-ordinary-general,2020-GA-ordinary-general,2020-11-03,true,pending,ambiguous_question_preference,Multiple eligible questions; no unique full-ballot choice
538:2020:6271:72146:135285,538_archive,2020,GA,6271,72146,135285,2020-GA-ordinary-general,2020-GA-ordinary-general,2020-11-03,true,pending,ambiguous_question_preference,Multiple eligible questions; no unique full-ballot choice
538:2020:7780:72146:135286,538_archive,2020,GA,7780,72146,135286,2020-GA-special-first,2020-GA-special-first,2020-11-03,false,excluded,non_LV_population,
538:2020:7780:72146:135287,538_archive,2020,GA,7780,72146,135287,2020-GA-special-first,2020-GA-special-first,2020-11-03,false,pending,ambiguous_question_preference,Multiple eligible questions; no unique full-ballot choice
538:2020:7780:72146:135288,538_archive,2020,GA,7780,72146,135288,2020-GA-special-first,2020-GA-special-first,2020-11-03,false,pending,ambiguous_question_preference,Multiple eligible questions; no unique full-ballot choice
538:2020:7781:72146:135289,538_archive,2020,GA,7781,72146,135289,2020-GA-special-runoff,2020-GA-special-runoff,2021-01-05,true,excluded,non_LV_population;contest_pending,
538:2020:7781:72146:135290,538_archive,2020,GA,7781,72146,135290,2020-GA-special-runoff,2020-GA-special-runoff,2021-01-05,false,excluded,non_LV_population;confirmed_nonballot_candidate;contest_pending;question_missing_D_or_R_side,
538:2020:7781:72146:135322,538_archive,2020,GA,7781,72146,135322,2020-GA-special-runoff,2020-GA-special-runoff,2021-01-05,true,pending,contest_pending,
538:2020:7781:72146:135323,538_archive,2020,GA,7781,72146,135323,2020-GA-special-runoff,2020-GA-special-runoff,2021-01-05,false,excluded,confirmed_nonballot_candidate;contest_pending;question_missing_D_or_R_side,
538:2020:6281:72171:135366,538_archive,2020,MN,6281,72171,135366,2020-MN-ordinary-general,2020-MN-ordinary-general,2020-11-03,false,selected,,Only eligible LV question for this poll/round
538:2020:6279:72179:135388,538_archive,2020,ME,6279,72179,135388,2020-ME-ordinary-general,2020-ME-ordinary-general,2020-11-03,true,selected,,Unique full-ballot LV question (Decision 013)
538:2020:6279:72179:135389,538_archive,2020,ME,6279,72179,135389,2020-ME-ordinary-general,2020-ME-ordinary-general,2020-11-03,false,excluded,alternate_question,Same poll/round has a unique full-ballot LV question
538:2020:6284:72215:135478,538_archive,2020,NC,6284,72215,135478,2020-NC-ordinary-general,2020-NC-ordinary-general,2020-11-03,true,selected,,Only eligible LV question for this poll/round
538:2020:6272:72220:135488,538_archive,2020,IA,6272,72220,135488,2020-IA-ordinary-general,2020-IA-ordinary-general,2020-11-03,false,selected,,Only eligible LV question for this poll/round
538:2020:6292:72071:135118,538_archive,2020,SC,6292,72071,135118,2020-SC-ordinary-general,2020-SC-ordinary-general,2020-11-03,true,excluded,partisan_or_internal,
538:2020:6284:72059:135094,538_archive,2020,NC,6284,72059,135094,2020-NC-ordinary-general,2020-NC-ordinary-general,2020-11-03,false,selected,,Only eligible LV question for this poll/round
538:2020:6268:72166:135359,538_archive,2020,AZ,6268,72166,135359,2020-AZ-special-general,2020-AZ-special-general,2020-11-03,true,selected,,Only eligible LV question for this poll/round
538:2020:6296:72078:135131,538_archive,2020,VA,6296,72078,135131,2020-VA-ordinary-general,2020-VA-ordinary-general,2020-11-03,true,selected,,Only eligible LV question for this poll/round
538:2020:6292:72032:135037,538_archive,2020,SC,6292,72032,135037,2020-SC-ordinary-general,2020-SC-ordinary-general,2020-11-03,true,selected,,Only eligible LV question for this poll/round
538:2020:6284:72054:135266,538_archive,2020,NC,6284,72054,135266,2020-NC-ordinary-general,2020-NC-ordinary-general,2020-11-03,false,selected,,Only eligible LV question for this poll/round
538:2020:6281:72056:135088,538_archive,2020,MN,6281,72056,135088,2020-MN-ordinary-general,2020-MN-ordinary-general,2020-11-03,false,selected,,Only eligible LV question for this poll/round
538:2020:6280:72073:135120,538_archive,2020,MI,6280,72073,135120,2020-MI-ordinary-general,2020-MI-ordinary-general,2020-11-03,false,excluded,partisan_or_internal;contest_pending,
538:2020:6271:72040:135052,538_archive,2020,GA,6271,72040,135052,2020-GA-ordinary-general,2020-GA-ordinary-general,2020-11-03,true,selected,,Only eligible LV question for this poll/round
538:2020:7780:72040:135053,538_archive,2020,GA,7780,72040,135053,2020-GA-special-first,2020-GA-special-first,2020-11-03,false,selected,,Only eligible LV question for this poll/round
538:2020:7781:72040:135054,538_archive,2020,GA,7781,72040,135054,2020-GA-special-runoff,2020-GA-special-runoff,2021-01-05,true,pending,contest_pending,
538:2020:7781:72040:135055,538_archive,2020,GA,7781,72040,135055,2020-GA-special-runoff,2020-GA-special-runoff,2021-01-05,false,excluded,confirmed_nonballot_candidate;contest_pending;question_missing_D_or_R_side,
538:2020:6282:72041:135056,538_archive,2020,MS,6282,72041,135056,2020-MS-ordinary-general,2020-MS-ordinary-general,2020-11-03,true,selected,,Only eligible LV question for this poll/round
538:2020:6284:72061:135369,538_archive,2020,NC,6284,72061,135369,2020-NC-ordinary-general,2020-NC-ordinary-general,2020-11-03,false,selected,,Only eligible LV question for this poll/round
538:2020:6280:72152:135299,538_archive,2020,MI,6280,72152,135299,2020-MI-ordinary-general,2020-MI-ordinary-general,2020-11-03,true,pending,contest_pending,
538:2020:6286:72233:135518,538_archive,2020,NH,6286,72233,135518,2020-NH-ordinary-general,2020-NH-ordinary-general,2020-11-03,true,selected,,Only eligible LV question for this poll/round
538:2020:6266:72295:135659,538_archive,2020,AL,6266,72295,135659,2020-AL-ordinary-general,2020-AL-ordinary-general,2020-11-03,true,selected,,Only eligible LV question for this poll/round
538:2020:6268:72296:135658,538_archive,2020,AZ,6268,72296,135658,2020-AZ-special-general,2020-AZ-special-general,2020-11-03,true,selected,,Only eligible LV question for this poll/round
538:2020:6271:72299:135653,538_archive,2020,GA,6271,72299,135653,2020-GA-ordinary-general,2020-GA-ordinary-general,2020-11-03,true,selected,,Only eligible LV question for this poll/round
538:2020:6280:72302:135654,538_archive,2020,MI,6280,72302,135654,2020-MI-ordinary-general,2020-MI-ordinary-general,2020-11-03,false,pending,contest_pending,
538:2020:6284:72303:135655,538_archive,2020,NC,6284,72303,135655,2020-NC-ordinary-general,2020-NC-ordinary-general,2020-11-03,false,selected,,Only eligible LV question for this poll/round
538:2020:6287:72304:135656,538_archive,2020,NJ,6287,72304,135656,2020-NJ-ordinary-general,2020-NJ-ordinary-general,2020-11-03,false,pending,contest_pending,
538:2020:6295:72308:135652,538_archive,2020,TX,6295,72308,135652,2020-TX-ordinary-general,2020-TX-ordinary-general,2020-11-03,false,pending,contest_pending,
538:2020:6296:72309:135657,538_archive,2020,VA,6296,72309,135657,2020-VA-ordinary-general,2020-VA-ordinary-general,2020-11-03,true,selected,,Only eligible LV question for this poll/round
538:2020:6280:72058:135093,538_archive,2020,MI,6280,72058,135093,2020-MI-ordinary-general,2020-MI-ordinary-general,2020-11-03,false,pending,contest_pending,
538:2020:6295:72206:135451,538_archive,2020,TX,6295,72206,135451,2020-TX-ordinary-general,2020-TX-ordinary-general,2020-11-03,false,pending,contest_pending,
538:2020:6284:72207:135452,538_archive,2020,NC,6284,72207,135452,2020-NC-ordinary-general,2020-NC-ordinary-general,2020-11-03,false,selected,,Only eligible LV question for this poll/round
538:2020:6286:72208:135453,538_archive,2020,NH,6286,72208,135453,2020-NH-ordinary-general,2020-NH-ordinary-general,2020-11-03,false,selected,,Only eligible LV question for this poll/round
538:2020:6292:72157:135317,538_archive,2020,SC,6292,72157,135317,2020-SC-ordinary-general,2020-SC-ordinary-general,2020-11-03,false,selected,,Only eligible LV question for this poll/round
538:2020:6280:72065:135139,538_archive,2020,MI,6280,72065,135139,2020-MI-ordinary-general,2020-MI-ordinary-general,2020-11-03,false,pending,contest_pending,
538:2020:6295:71957:134886,538_archive,2020,TX,6295,71957,134886,2020-TX-ordinary-general,2020-TX-ordinary-general,2020-11-03,false,excluded,partisan_or_internal;contest_pending;unresolved_poll_side,
538:2020:6268:72055:135086,538_archive,2020,AZ,6268,72055,135086,2020-AZ-special-general,2020-AZ-special-general,2020-11-03,true,selected,,Only eligible LV question for this poll/round
538:2020:6284:72139:135269,538_archive,2020,NC,6284,72139,135269,2020-NC-ordinary-general,2020-NC-ordinary-general,2020-11-03,true,selected,,Only eligible LV question for this poll/round
538:2020:6268:72161:135337,538_archive,2020,AZ,6268,72161,135337,2020-AZ-special-general,2020-AZ-special-general,2020-11-03,true,excluded,non_LV_population,
538:2020:6279:72076:135130,538_archive,2020,ME,6279,72076,135130,2020-ME-ordinary-general,2020-ME-ordinary-general,2020-11-03,true,selected,,Only eligible LV question for this poll/round
538:2020:6295:71967:134908,538_archive,2020,TX,6295,71967,134908,2020-TX-ordinary-general,2020-TX-ordinary-general,2020-11-03,false,pending,contest_pending,
538:2020:6280:72074:135125,538_archive,2020,MI,6280,72074,135125,2020-MI-ordinary-general,2020-MI-ordinary-general,2020-11-03,false,excluded,non_LV_population;contest_pending,
538:2020:6280:72074:135126,538_archive,2020,MI,6280,72074,135126,2020-MI-ordinary-general,2020-MI-ordinary-general,2020-11-03,false,pending,contest_pending,
538:2020:6268:72147:135278,538_archive,2020,AZ,6268,72147,135278,2020-AZ-special-general,2020-AZ-special-general,2020-11-03,true,excluded,non_LV_population,
538:2020:6295:72149:135279,538_archive,2020,TX,6295,72149,135279,2020-TX-ordinary-general,2020-TX-ordinary-general,2020-11-03,false,excluded,non_LV_population;contest_pending,
538:2020:6280:71890:134749,538_archive,2020,MI,6280,71890,134749,2020-MI-ordinary-general,2020-MI-ordinary-general,2020-11-03,false,pending,contest_pending,
538:2020:6272:72063:135343,538_archive,2020,IA,6272,72063,135343,2020-IA-ordinary-general,2020-IA-ordinary-general,2020-11-03,false,selected,,Only eligible LV question for this poll/round
538:2020:6268:72067:135111,538_archive,2020,AZ,6268,72067,135111,2020-AZ-special-general,2020-AZ-special-general,2020-11-03,true,excluded,partisan_or_internal,
538:2020:6283:72162:135340,538_archive,2020,MT,6283,72162,135340,2020-MT-ordinary-general,2020-MT-ordinary-general,2020-11-03,true,selected,,Only eligible LV question for this poll/round
538:2020:6287:72205:135439,538_archive,2020,NJ,6287,72205,135439,2020-NJ-ordinary-general,2020-NJ-ordinary-general,2020-11-03,false,excluded,non_LV_population;contest_pending,
538:2020:6287:72205:135440,538_archive,2020,NJ,6287,72205,135440,2020-NJ-ordinary-general,2020-NJ-ordinary-general,2020-11-03,false,pending,contest_pending,
538:2020:6268:72412:135871,538_archive,2020,AZ,6268,72412,135871,2020-AZ-special-general,2020-AZ-special-general,2020-11-03,true,selected,,Only eligible LV question for this poll/round
538:2020:6266:71959:134888,538_archive,2020,AL,6266,71959,134888,2020-AL-ordinary-general,2020-AL-ordinary-general,2020-11-03,true,excluded,partisan_or_internal,
538:2020:6271:71888:134751,538_archive,2020,GA,6271,71888,134751,2020-GA-ordinary-general,2020-GA-ordinary-general,2020-11-03,false,selected,,Only eligible LV question for this poll/round
538:2020:6284:71889:134750,538_archive,2020,NC,6284,71889,134750,2020-NC-ordinary-general,2020-NC-ordinary-general,2020-11-03,false,selected,,Only eligible LV question for this poll/round
538:2020:6271:71944:134859,538_archive,2020,GA,6271,71944,134859,2020-GA-ordinary-general,2020-GA-ordinary-general,2020-11-03,true,selected,,Only eligible LV question for this poll/round
538:2020:7780:71944:134860,538_archive,2020,GA,7780,71944,134860,2020-GA-special-first,2020-GA-special-first,2020-11-03,false,selected,,Only eligible LV question for this poll/round
538:2020:6280:71679:134287,538_archive,2020,MI,6280,71679,134287,2020-MI-ordinary-general,2020-MI-ordinary-general,2020-11-03,false,excluded,non_LV_population;partisan_or_internal;contest_pending,
538:2020:6294:71749:134437,538_archive,2020,TN,6294,71749,134437,2020-TN-ordinary-general,2020-TN-ordinary-general,2020-11-03,false,excluded,partisan_or_internal;contest_pending,
538:2020:6284:71891:135039,538_archive,2020,NC,6284,71891,135039,2020-NC-ordinary-general,2020-NC-ordinary-general,2020-11-03,true,excluded,partisan_or_internal,
538:2020:6268:71750:134440,538_archive,2020,AZ,6268,71750,134440,2020-AZ-special-general,2020-AZ-special-general,2020-11-03,true,selected,,Only eligible LV question for this poll/round
538:2020:6296:72189:135407,538_archive,2020,VA,6296,72189,135407,2020-VA-ordinary-general,2020-VA-ordinary-general,2020-11-03,true,selected,,Only eligible LV question for this poll/round
538:2020:6271:71763:134486,538_archive,2020,GA,6271,71763,134486,2020-GA-ordinary-general,2020-GA-ordinary-general,2020-11-03,false,selected,,Only eligible LV question for this poll/round
538:2020:7780:71763:134487,538_archive,2020,GA,7780,71763,134487,2020-GA-special-first,2020-GA-special-first,2020-11-03,false,selected,,Only eligible LV question for this poll/round
538:2020:6284:71662:134422,538_archive,2020,NC,6284,71662,134422,2020-NC-ordinary-general,2020-NC-ordinary-general,2020-11-03,false,selected,,Only eligible LV question for this poll/round
538:2020:6272:71562:134055,538_archive,2020,IA,6272,71562,134055,2020-IA-ordinary-general,2020-IA-ordinary-general,2020-11-03,false,selected,,Only eligible LV question for this poll/round
538:2020:6285:71675:134276,538_archive,2020,NE,6285,71675,134276,2020-NE-ordinary-general,2020-NE-ordinary-general,2020-11-03,true,excluded,partisan_or_internal;contest_pending,
538:2020:6272:71733:134423,538_archive,2020,IA,6272,71733,134423,2020-IA-ordinary-general,2020-IA-ordinary-general,2020-11-03,false,selected,,Only eligible LV question for this poll/round
538:2020:6268:71621:134175,538_archive,2020,AZ,6268,71621,134175,2020-AZ-special-general,2020-AZ-special-general,2020-11-03,true,selected,,Only eligible LV question for this poll/round
538:2020:6278:71972:134921,538_archive,2020,MA,6278,71972,134921,2020-MA-ordinary-general,2020-MA-ordinary-general,2020-11-03,false,pending,contest_pending,
538:2020:6267:72141:135273,538_archive,2020,AR,6267,72141,135273,2020-AR-ordinary-general,2020-AR-ordinary-general,2020-11-03,true,excluded,contest_excluded;question_missing_D_or_R_side,
538:2020:6275:71558:134049,538_archive,2020,KS,6275,71558,134049,2020-KS-ordinary-general,2020-KS-ordinary-general,2020-11-03,true,excluded,non_LV_population;partisan_or_internal,
538:2020:6265:71560:134053,538_archive,2020,AK,6265,71560,134053,2020-AK-ordinary-general,2020-AK-ordinary-general,2020-11-03,true,excluded,non_LV_population;partisan_or_internal,
538:2020:6276:71672:134270,538_archive,2020,KY,6276,71672,134270,2020-KY-ordinary-general,2020-KY-ordinary-general,2020-11-03,true,excluded,partisan_or_internal;contest_pending,
538:2020:6275:71545:134022,538_archive,2020,KS,6275,71545,134022,2020-KS-ordinary-general,2020-KS-ordinary-general,2020-11-03,true,excluded,partisan_or_internal,
538:2020:6272:71553:134041,538_archive,2020,IA,6272,71553,134041,2020-IA-ordinary-general,2020-IA-ordinary-general,2020-11-03,true,selected,,Only eligible LV question for this poll/round
538:2020:6275:71673:134272,538_archive,2020,KS,6275,71673,134272,2020-KS-ordinary-general,2020-KS-ordinary-general,2020-11-03,true,selected,,Only eligible LV question for this poll/round
538:2020:6283:71747:134431,538_archive,2020,MT,6283,71747,134431,2020-MT-ordinary-general,2020-MT-ordinary-general,2020-11-03,true,selected,,Only eligible LV question for this poll/round
538:2020:6281:71539:134000,538_archive,2020,MN,6281,71539,134000,2020-MN-ordinary-general,2020-MN-ordinary-general,2020-11-03,true,selected,,Only eligible LV question for this poll/round
538:2020:6280:71625:134187,538_archive,2020,MI,6280,71625,134187,2020-MI-ordinary-general,2020-MI-ordinary-general,2020-11-03,false,pending,contest_pending,
538:2020:6280:71625:134195,538_archive,2020,MI,6280,71625,134195,2020-MI-ordinary-general,2020-MI-ordinary-general,2020-11-03,false,excluded,non_LV_population;contest_pending,
538:2020:6271:72181:135397,538_archive,2020,GA,6271,72181,135397,2020-GA-ordinary-general,2020-GA-ordinary-general,2020-11-03,false,selected,,Only eligible LV question for this poll/round
538:2020:7780:72181:135398,538_archive,2020,GA,7780,72181,135398,2020-GA-special-first,2020-GA-special-first,2020-11-03,false,selected,,Only eligible LV question for this poll/round
538:2020:6280:72182:135399,538_archive,2020,MI,6280,72182,135399,2020-MI-ordinary-general,2020-MI-ordinary-general,2020-11-03,false,pending,contest_pending,
538:2020:6284:72183:135400,538_archive,2020,NC,6284,72183,135400,2020-NC-ordinary-general,2020-NC-ordinary-general,2020-11-03,false,selected,,Only eligible LV question for this poll/round
538:2020:6295:72186:135401,538_archive,2020,TX,6295,72186,135401,2020-TX-ordinary-general,2020-TX-ordinary-general,2020-11-03,false,pending,contest_pending,
538:2020:6281:71632:134199,538_archive,2020,MN,6281,71632,134199,2020-MN-ordinary-general,2020-MN-ordinary-general,2020-11-03,false,selected,,Only eligible LV question for this poll/round
538:2020:6289:71629:134193,538_archive,2020,OK,6289,71629,134193,2020-OK-ordinary-general,2020-OK-ordinary-general,2020-11-03,true,selected,,Only eligible LV question for this poll/round
538:2020:6283:71677:134283,538_archive,2020,MT,6283,71677,134283,2020-MT-ordinary-general,2020-MT-ordinary-general,2020-11-03,true,selected,,Only eligible LV question for this poll/round
538:2020:6280:71462:133845,538_archive,2020,MI,6280,71462,133845,2020-MI-ordinary-general,2020-MI-ordinary-general,2020-11-03,false,pending,contest_pending,
538:2020:6284:71463:133847,538_archive,2020,NC,6284,71463,133847,2020-NC-ordinary-general,2020-NC-ordinary-general,2020-11-03,false,selected,,Only eligible LV question for this poll/round
538:2020:6295:71884:134739,538_archive,2020,TX,6295,71884,134739,2020-TX-ordinary-general,2020-TX-ordinary-general,2020-11-03,true,excluded,non_LV_population;contest_pending,
538:2020:6295:71884:134740,538_archive,2020,TX,6295,71884,134740,2020-TX-ordinary-general,2020-TX-ordinary-general,2020-11-03,true,pending,contest_pending,
538:2020:6295:71955:134883,538_archive,2020,TX,6295,71955,134883,2020-TX-ordinary-general,2020-TX-ordinary-general,2020-11-03,true,pending,contest_pending,
538:2020:6268:71637:134226,538_archive,2020,AZ,6268,71637,134226,2020-AZ-special-general,2020-AZ-special-general,2020-11-03,true,selected,,Only eligible LV question for this poll/round
538:2020:6269:71638:134227,538_archive,2020,CO,6269,71638,134227,2020-CO-ordinary-general,2020-CO-ordinary-general,2020-11-03,false,selected,,Only eligible LV question for this poll/round
538:2020:6271:71640:134228,538_archive,2020,GA,6271,71640,134228,2020-GA-ordinary-general,2020-GA-ordinary-general,2020-11-03,false,selected,,Only eligible LV question for this poll/round
538:2020:6280:71641:134229,538_archive,2020,MI,6280,71641,134229,2020-MI-ordinary-general,2020-MI-ordinary-general,2020-11-03,false,pending,contest_pending,
538:2020:6284:71643:134230,538_archive,2020,NC,6284,71643,134230,2020-NC-ordinary-general,2020-NC-ordinary-general,2020-11-03,false,selected,,Only eligible LV question for this poll/round
538:2020:6292:71646:134231,538_archive,2020,SC,6292,71646,134231,2020-SC-ordinary-general,2020-SC-ordinary-general,2020-11-03,false,selected,,Only eligible LV question for this poll/round
538:2020:6295:71647:134232,538_archive,2020,TX,6295,71647,134232,2020-TX-ordinary-general,2020-TX-ordinary-general,2020-11-03,false,pending,contest_pending,
538:2020:6295:71458:133839,538_archive,2020,TX,6295,71458,133839,2020-TX-ordinary-general,2020-TX-ordinary-general,2020-11-03,true,excluded,partisan_or_internal;contest_pending,
538:2020:6272:71465:133851,538_archive,2020,IA,6272,71465,133851,2020-IA-ordinary-general,2020-IA-ordinary-general,2020-11-03,true,selected,,Only eligible LV question for this poll/round
538:2020:6268:71546:134034,538_archive,2020,AZ,6268,71546,134034,2020-AZ-special-general,2020-AZ-special-general,2020-11-03,true,selected,,Only eligible LV question for this poll/round
538:2020:6271:71435:133778,538_archive,2020,GA,6271,71435,133778,2020-GA-ordinary-general,2020-GA-ordinary-general,2020-11-03,false,selected,,Only eligible LV question for this poll/round
538:2020:7780:71435:133779,538_archive,2020,GA,7780,71435,133779,2020-GA-special-first,2020-GA-special-first,2020-11-03,false,selected,,Only eligible LV question for this poll/round
538:2020:7781:71435:133780,538_archive,2020,GA,7781,71435,133780,2020-GA-special-runoff,2020-GA-special-runoff,2021-01-05,false,excluded,confirmed_nonballot_candidate;contest_pending;question_missing_D_or_R_side,
538:2020:7781:71435:133781,538_archive,2020,GA,7781,71435,133781,2020-GA-special-runoff,2020-GA-special-runoff,2021-01-05,true,pending,contest_pending,
538:2020:6268:71519:133963,538_archive,2020,AZ,6268,71519,133963,2020-AZ-special-general,2020-AZ-special-general,2020-11-03,true,selected,,Only eligible LV question for this poll/round
538:2020:6280:71521:133964,538_archive,2020,MI,6280,71521,133964,2020-MI-ordinary-general,2020-MI-ordinary-general,2020-11-03,false,pending,contest_pending,
538:2020:6284:71522:133965,538_archive,2020,NC,6284,71522,133965,2020-NC-ordinary-general,2020-NC-ordinary-general,2020-11-03,false,selected,,Only eligible LV question for this poll/round
538:2020:6295:71556:134044,538_archive,2020,TX,6295,71556,134044,2020-TX-ordinary-general,2020-TX-ordinary-general,2020-11-03,false,pending,contest_pending,
538:2020:6265:71735:134398,538_archive,2020,AK,6265,71735,134398,2020-AK-ordinary-general,2020-AK-ordinary-general,2020-11-03,true,excluded,partisan_or_internal,
538:2020:6284:71746:134428,538_archive,2020,NC,6284,71746,134428,2020-NC-ordinary-general,2020-NC-ordinary-general,2020-11-03,true,selected,,Only eligible LV question for this poll/round
538:2020:6272:71548:134029,538_archive,2020,IA,6272,71548,134029,2020-IA-ordinary-general,2020-IA-ordinary-general,2020-11-03,true,excluded,non_LV_population,
538:2020:6272:71548:134030,538_archive,2020,IA,6272,71548,134030,2020-IA-ordinary-general,2020-IA-ordinary-general,2020-11-03,false,pending,ambiguous_question_preference,Multiple eligible questions; no unique full-ballot choice
538:2020:6272:71548:134031,538_archive,2020,IA,6272,71548,134031,2020-IA-ordinary-general,2020-IA-ordinary-general,2020-11-03,false,pending,ambiguous_question_preference,Multiple eligible questions; no unique full-ballot choice
538:2020:6280:71738:134409,538_archive,2020,MI,6280,71738,134409,2020-MI-ordinary-general,2020-MI-ordinary-general,2020-11-03,false,pending,contest_pending,
538:2020:6268:71461:134023,538_archive,2020,AZ,6268,71461,134023,2020-AZ-special-general,2020-AZ-special-general,2020-11-03,true,selected,,Only eligible LV question for this poll/round
538:2020:6271:71454:133827,538_archive,2020,GA,6271,71454,133827,2020-GA-ordinary-general,2020-GA-ordinary-general,2020-11-03,true,selected,,Only eligible LV question for this poll/round
538:2020:7780:71454:133828,538_archive,2020,GA,7780,71454,133828,2020-GA-special-first,2020-GA-special-first,2020-11-03,false,selected,,Only eligible LV question for this poll/round
538:2020:7781:71454:133829,538_archive,2020,GA,7781,71454,133829,2020-GA-special-runoff,2020-GA-special-runoff,2021-01-05,false,excluded,confirmed_nonballot_candidate;contest_pending;question_missing_D_or_R_side,
538:2020:7781:71454:133830,538_archive,2020,GA,7781,71454,133830,2020-GA-special-runoff,2020-GA-special-runoff,2021-01-05,true,pending,contest_pending,
538:2020:6296:71659:134246,538_archive,2020,VA,6296,71659,134246,2020-VA-ordinary-general,2020-VA-ordinary-general,2020-11-03,true,selected,,Only eligible LV question for this poll/round
538:2020:6280:71367:133645,538_archive,2020,MI,6280,71367,133645,2020-MI-ordinary-general,2020-MI-ordinary-general,2020-11-03,false,pending,contest_pending,
538:2020:6268:71451:133818,538_archive,2020,AZ,6268,71451,133818,2020-AZ-special-general,2020-AZ-special-general,2020-11-03,true,selected,,Only eligible LV question for this poll/round
538:2020:6283:71363:133637,538_archive,2020,MT,6283,71363,133637,2020-MT-ordinary-general,2020-MT-ordinary-general,2020-11-03,true,selected,,Only eligible LV question for this poll/round
538:2020:6295:71437:133786,538_archive,2020,TX,6295,71437,133786,2020-TX-ordinary-general,2020-TX-ordinary-general,2020-11-03,false,excluded,partisan_or_internal;contest_pending;unresolved_poll_side,
538:2020:6284:71452:133824,538_archive,2020,NC,6284,71452,133824,2020-NC-ordinary-general,2020-NC-ordinary-general,2020-11-03,false,selected,,Only eligible LV question for this poll/round
538:2020:6280:71623:134182,538_archive,2020,MI,6280,71623,134182,2020-MI-ordinary-general,2020-MI-ordinary-general,2020-11-03,false,excluded,partisan_or_internal;contest_pending,
538:2020:6280:71649:134234,538_archive,2020,MI,6280,71649,134234,2020-MI-ordinary-general,2020-MI-ordinary-general,2020-11-03,false,excluded,partisan_or_internal;contest_pending,
538:2020:6284:71752:134443,538_archive,2020,NC,6284,71752,134443,2020-NC-ordinary-general,2020-NC-ordinary-general,2020-11-03,true,excluded,partisan_or_internal,
538:2020:6288:71528:133973,538_archive,2020,NM,6288,71528,133973,2020-NM-ordinary-general,2020-NM-ordinary-general,2020-11-03,true,excluded,partisan_or_internal,
538:2020:6288:71528:133974,538_archive,2020,NM,6288,71528,133974,2020-NM-ordinary-general,2020-NM-ordinary-general,2020-11-03,false,excluded,partisan_or_internal,
538:2020:6284:71441:133801,538_archive,2020,NC,6284,71441,133801,2020-NC-ordinary-general,2020-NC-ordinary-general,2020-11-03,false,excluded,non_LV_population,
538:2020:6284:71441:133802,538_archive,2020,NC,6284,71441,133802,2020-NC-ordinary-general,2020-NC-ordinary-general,2020-11-03,false,selected,,Only eligible LV question for this poll/round
538:2020:6268:71295:133502,538_archive,2020,AZ,6268,71295,133502,2020-AZ-special-general,2020-AZ-special-general,2020-11-03,true,selected,,Only eligible LV question for this poll/round
538:2020:6269:71352:133614,538_archive,2020,CO,6269,71352,133614,2020-CO-ordinary-general,2020-CO-ordinary-general,2020-11-03,false,pending,unresolved_poll_identity;unresolved_poll_side,
538:2020:6292:71233:133369,538_archive,2020,SC,6292,71233,133369,2020-SC-ordinary-general,2020-SC-ordinary-general,2020-11-03,true,excluded,partisan_or_internal,
538:2020:6295:71169:133244,538_archive,2020,TX,6295,71169,133244,2020-TX-ordinary-general,2020-TX-ordinary-general,2020-11-03,false,excluded,non_LV_population;contest_pending,
538:2020:6280:71178:133262,538_archive,2020,MI,6280,71178,133262,2020-MI-ordinary-general,2020-MI-ordinary-general,2020-11-03,false,pending,contest_pending,
538:2020:6276:71443:133987,538_archive,2020,KY,6276,71443,133987,2020-KY-ordinary-general,2020-KY-ordinary-general,2020-11-03,true,pending,contest_pending,
538:2020:6281:71455:133836,538_archive,2020,MN,6281,71455,133836,2020-MN-ordinary-general,2020-MN-ordinary-general,2020-11-03,true,selected,,Only eligible LV question for this poll/round
538:2020:6271:71759:134461,538_archive,2020,GA,6271,71759,134461,2020-GA-ordinary-general,2020-GA-ordinary-general,2020-11-03,false,excluded,partisan_or_internal,
538:2020:7780:71759:134462,538_archive,2020,GA,7780,71759,134462,2020-GA-special-first,2020-GA-special-first,2020-11-03,false,excluded,partisan_or_internal,
538:2020:6280:71238:133386,538_archive,2020,MI,6280,71238,133386,2020-MI-ordinary-general,2020-MI-ordinary-general,2020-11-03,false,excluded,partisan_or_internal;contest_pending,
538:2020:6269:71449:133840,538_archive,2020,CO,6269,71449,133840,2020-CO-ordinary-general,2020-CO-ordinary-general,2020-11-03,false,selected,,Only eligible LV question for this poll/round
538:2020:6284:71161:133225,538_archive,2020,NC,6284,71161,133225,2020-NC-ordinary-general,2020-NC-ordinary-general,2020-11-03,false,selected,,Only eligible LV question for this poll/round
538:2020:6296:71068:133034,538_archive,2020,VA,6296,71068,133034,2020-VA-ordinary-general,2020-VA-ordinary-general,2020-11-03,true,selected,,Only eligible LV question for this poll/round
538:2020:6269:71069:133035,538_archive,2020,CO,6269,71069,133035,2020-CO-ordinary-general,2020-CO-ordinary-general,2020-11-03,false,pending,unresolved_poll_identity;unresolved_poll_side,
538:2020:6284:71070:133036,538_archive,2020,NC,6284,71070,133036,2020-NC-ordinary-general,2020-NC-ordinary-general,2020-11-03,true,selected,,Only eligible LV question for this poll/round
538:2020:6266:71235:133379,538_archive,2020,AL,6266,71235,133379,2020-AL-ordinary-general,2020-AL-ordinary-general,2020-11-03,true,excluded,partisan_or_internal,
538:2020:6266:71434:133775,538_archive,2020,AL,6266,71434,133775,2020-AL-ordinary-general,2020-AL-ordinary-general,2020-11-03,true,excluded,partisan_or_internal,
538:2020:6271:71566:134062,538_archive,2020,GA,6271,71566,134062,2020-GA-ordinary-general,2020-GA-ordinary-general,2020-11-03,false,excluded,partisan_or_internal,
538:2020:6271:71566:134173,538_archive,2020,GA,6271,71566,134173,2020-GA-ordinary-general,2020-GA-ordinary-general,2020-11-03,true,excluded,partisan_or_internal,
538:2020:6292:71096:133087,538_archive,2020,SC,6292,71096,133087,2020-SC-ordinary-general,2020-SC-ordinary-general,2020-11-03,true,selected,,Only eligible LV question for this poll/round
538:2020:6265:71173:133252,538_archive,2020,AK,6265,71173,133252,2020-AK-ordinary-general,2020-AK-ordinary-general,2020-11-03,true,selected,,Only eligible LV question for this poll/round
538:2020:6268:71007:132885,538_archive,2020,AZ,6268,71007,132885,2020-AZ-special-general,2020-AZ-special-general,2020-11-03,true,selected,,Only eligible LV question for this poll/round
538:2020:6267:71160:133784,538_archive,2020,AR,6267,71160,133784,2020-AR-ordinary-general,2020-AR-ordinary-general,2020-11-03,true,excluded,contest_excluded;question_missing_D_or_R_side,
538:2020:6265:71162:133226,538_archive,2020,AK,6265,71162,133226,2020-AK-ordinary-general,2020-AK-ordinary-general,2020-11-03,false,excluded,partisan_or_internal,
538:2020:6284:70998:132863,538_archive,2020,NC,6284,70998,132863,2020-NC-ordinary-general,2020-NC-ordinary-general,2020-11-03,true,selected,,Only eligible LV question for this poll/round
538:2020:6268:71090:133068,538_archive,2020,AZ,6268,71090,133068,2020-AZ-special-general,2020-AZ-special-general,2020-11-03,true,excluded,non_LV_population,
538:2020:6268:71090:133069,538_archive,2020,AZ,6268,71090,133069,2020-AZ-special-general,2020-AZ-special-general,2020-11-03,true,pending,ambiguous_question_preference,Multiple eligible questions; no unique full-ballot choice
538:2020:6268:71090:133070,538_archive,2020,AZ,6268,71090,133070,2020-AZ-special-general,2020-AZ-special-general,2020-11-03,true,pending,ambiguous_question_preference,Multiple eligible questions; no unique full-ballot choice
538:2020:6269:71098:133094,538_archive,2020,CO,6269,71098,133094,2020-CO-ordinary-general,2020-CO-ordinary-general,2020-11-03,false,selected,,Only eligible LV question for this poll/round
538:2020:6280:70785:132436,538_archive,2020,MI,6280,70785,132436,2020-MI-ordinary-general,2020-MI-ordinary-general,2020-11-03,false,pending,contest_pending,
538:2020:6284:70786:132437,538_archive,2020,NC,6284,70786,132437,2020-NC-ordinary-general,2020-NC-ordinary-general,2020-11-03,false,selected,,Only eligible LV question for this poll/round
538:2020:6287:71176:133258,538_archive,2020,NJ,6287,71176,133258,2020-NJ-ordinary-general,2020-NJ-ordinary-general,2020-11-03,false,pending,contest_pending,
538:2020:6286:70787:133096,538_archive,2020,NH,6286,70787,133096,2020-NH-ordinary-general,2020-NH-ordinary-general,2020-11-03,true,selected,,Only eligible LV question for this poll/round
538:2020:6286:70978:132812,538_archive,2020,NH,6286,70978,132812,2020-NH-ordinary-general,2020-NH-ordinary-general,2020-11-03,true,selected,,Only eligible LV question for this poll/round
538:2020:6280:70979:133019,538_archive,2020,MI,6280,70979,133019,2020-MI-ordinary-general,2020-MI-ordinary-general,2020-11-03,false,pending,contest_pending,
538:2020:6271:70982:132827,538_archive,2020,GA,6271,70982,132827,2020-GA-ordinary-general,2020-GA-ordinary-general,2020-11-03,false,selected,,Only eligible LV question for this poll/round
538:2020:7780:70982:132828,538_archive,2020,GA,7780,70982,132828,2020-GA-special-first,2020-GA-special-first,2020-11-03,false,selected,,Only eligible LV question for this poll/round
538:2020:6271:71000:132868,538_archive,2020,GA,6271,71000,132868,2020-GA-ordinary-general,2020-GA-ordinary-general,2020-11-03,false,selected,,Only eligible LV question for this poll/round
538:2020:7780:71000:132869,538_archive,2020,GA,7780,71000,132869,2020-GA-special-first,2020-GA-special-first,2020-11-03,false,selected,,Only eligible LV question for this poll/round
538:2020:7781:71000:132879,538_archive,2020,GA,7781,71000,132879,2020-GA-special-runoff,2020-GA-special-runoff,2021-01-05,true,pending,contest_pending,
538:2020:7781:71000:132880,538_archive,2020,GA,7781,71000,132880,2020-GA-special-runoff,2020-GA-special-runoff,2021-01-05,false,excluded,confirmed_nonballot_candidate;contest_pending;question_missing_D_or_R_side,
538:2020:6296:71071:133038,538_archive,2020,VA,6296,71071,133038,2020-VA-ordinary-general,2020-VA-ordinary-general,2020-11-03,true,selected,,Only eligible LV question for this poll/round
538:2020:6296:71359:133634,538_archive,2020,VA,6296,71359,133634,2020-VA-ordinary-general,2020-VA-ordinary-general,2020-11-03,true,excluded,partisan_or_internal,
538:2020:6284:70743:132341,538_archive,2020,NC,6284,70743,132341,2020-NC-ordinary-general,2020-NC-ordinary-general,2020-11-03,false,selected,,Only eligible LV question for this poll/round
538:2020:6284:70780:132419,538_archive,2020,NC,6284,70780,132419,2020-NC-ordinary-general,2020-NC-ordinary-general,2020-11-03,true,excluded,non_LV_population,
538:2020:6284:70780:132420,538_archive,2020,NC,6284,70780,132420,2020-NC-ordinary-general,2020-NC-ordinary-general,2020-11-03,false,pending,ambiguous_question_preference,Multiple eligible questions; no unique full-ballot choice
538:2020:6284:70780:132421,538_archive,2020,NC,6284,70780,132421,2020-NC-ordinary-general,2020-NC-ordinary-general,2020-11-03,false,pending,ambiguous_question_preference,Multiple eligible questions; no unique full-ballot choice
538:2020:6271:71010:132894,538_archive,2020,GA,6271,71010,132894,2020-GA-ordinary-general,2020-GA-ordinary-general,2020-11-03,true,excluded,partisan_or_internal,
538:2020:7780:71010:132895,538_archive,2020,GA,7780,71010,132895,2020-GA-special-first,2020-GA-special-first,2020-11-03,false,excluded,partisan_or_internal,
538:2020:7781:71010:132897,538_archive,2020,GA,7781,71010,132897,2020-GA-special-runoff,2020-GA-special-runoff,2021-01-05,true,excluded,partisan_or_internal;contest_pending,
538:2020:7781:71010:132898,538_archive,2020,GA,7781,71010,132898,2020-GA-special-runoff,2020-GA-special-runoff,2021-01-05,false,excluded,partisan_or_internal;confirmed_nonballot_candidate;contest_pending;question_missing_D_or_R_side,
538:2020:6292:71011:132896,538_archive,2020,SC,6292,71011,132896,2020-SC-ordinary-general,2020-SC-ordinary-general,2020-11-03,false,excluded,partisan_or_internal,
538:2020:6272:71083:133055,538_archive,2020,IA,6272,71083,133055,2020-IA-ordinary-general,2020-IA-ordinary-general,2020-11-03,true,excluded,partisan_or_internal,
538:2020:6284:70797:132451,538_archive,2020,NC,6284,70797,132451,2020-NC-ordinary-general,2020-NC-ordinary-general,2020-11-03,false,selected,,Only eligible LV question for this poll/round
538:2020:6284:70990:132848,538_archive,2020,NC,6284,70990,132848,2020-NC-ordinary-general,2020-NC-ordinary-general,2020-11-03,false,selected,,Only eligible LV question for this poll/round
538:2020:6280:70737:132336,538_archive,2020,MI,6280,70737,132336,2020-MI-ordinary-general,2020-MI-ordinary-general,2020-11-03,true,pending,contest_pending,
538:2020:6268:70752:132376,538_archive,2020,AZ,6268,70752,132376,2020-AZ-special-general,2020-AZ-special-general,2020-11-03,true,selected,,Only eligible LV question for this poll/round
538:2020:6269:70753:132377,538_archive,2020,CO,6269,70753,132377,2020-CO-ordinary-general,2020-CO-ordinary-general,2020-11-03,false,selected,,Only eligible LV question for this poll/round
538:2020:6271:70755:132378,538_archive,2020,GA,6271,70755,132378,2020-GA-ordinary-general,2020-GA-ordinary-general,2020-11-03,false,selected,,Only eligible LV question for this poll/round
538:2020:6280:70756:132379,538_archive,2020,MI,6280,70756,132379,2020-MI-ordinary-general,2020-MI-ordinary-general,2020-11-03,false,pending,contest_pending,
538:2020:6284:70758:132380,538_archive,2020,NC,6284,70758,132380,2020-NC-ordinary-general,2020-NC-ordinary-general,2020-11-03,false,selected,,Only eligible LV question for this poll/round
538:2020:6292:70761:132381,538_archive,2020,SC,6292,70761,132381,2020-SC-ordinary-general,2020-SC-ordinary-general,2020-11-03,false,selected,,Only eligible LV question for this poll/round
538:2020:6295:70762:132382,538_archive,2020,TX,6295,70762,132382,2020-TX-ordinary-general,2020-TX-ordinary-general,2020-11-03,false,pending,contest_pending,
538:2020:6283:70732:132323,538_archive,2020,MT,6283,70732,132323,2020-MT-ordinary-general,2020-MT-ordinary-general,2020-11-03,true,excluded,non_LV_population,
538:2020:6271:70715:132278,538_archive,2020,GA,6271,70715,132278,2020-GA-ordinary-general,2020-GA-ordinary-general,2020-11-03,true,excluded,non_LV_population,
538:2020:7780:70715:132279,538_archive,2020,GA,7780,70715,132279,2020-GA-special-first,2020-GA-special-first,2020-11-03,false,excluded,non_LV_population,
538:2020:6267:70727:132314,538_archive,2020,AR,6267,70727,132314,2020-AR-ordinary-general,2020-AR-ordinary-general,2020-11-03,true,excluded,partisan_or_internal;contest_excluded;question_missing_D_or_R_side,
538:2020:6280:70724:132311,538_archive,2020,MI,6280,70724,132311,2020-MI-ordinary-general,2020-MI-ordinary-general,2020-11-03,false,pending,contest_pending,
538:2020:6272:70726:132312,538_archive,2020,IA,6272,70726,132312,2020-IA-ordinary-general,2020-IA-ordinary-general,2020-11-03,false,selected,,Only eligible LV question for this poll/round
538:2020:6268:70728:132315,538_archive,2020,AZ,6268,70728,132315,2020-AZ-special-general,2020-AZ-special-general,2020-11-03,true,excluded,partisan_or_internal,
538:2020:6269:71368:133644,538_archive,2020,CO,6269,71368,133644,2020-CO-ordinary-general,2020-CO-ordinary-general,2020-11-03,false,selected,,Only eligible LV question for this poll/round
538:2020:6272:71760:134463,538_archive,2020,IA,6272,71760,134463,2020-IA-ordinary-general,2020-IA-ordinary-general,2020-11-03,false,excluded,partisan_or_internal,
538:2020:6268:71067:133023,538_archive,2020,AZ,6268,71067,133023,2020-AZ-special-general,2020-AZ-special-general,2020-11-03,true,selected,,Only eligible LV question for this poll/round
538:2020:6280:70719:132292,538_archive,2020,MI,6280,70719,132292,2020-MI-ordinary-general,2020-MI-ordinary-general,2020-11-03,false,pending,contest_pending,
538:2020:6271:70712:132267,538_archive,2020,GA,6271,70712,132267,2020-GA-ordinary-general,2020-GA-ordinary-general,2020-11-03,true,selected,,Only eligible LV question for this poll/round
538:2020:7780:70712:132268,538_archive,2020,GA,7780,70712,132268,2020-GA-special-first,2020-GA-special-first,2020-11-03,false,selected,,Only eligible LV question for this poll/round
538:2020:6280:70692:132228,538_archive,2020,MI,6280,70692,132228,2020-MI-ordinary-general,2020-MI-ordinary-general,2020-11-03,false,pending,contest_pending,
538:2020:6283:70662:132137,538_archive,2020,MT,6283,70662,132137,2020-MT-ordinary-general,2020-MT-ordinary-general,2020-11-03,true,selected,,Only eligible LV question for this poll/round
538:2020:6268:70651:132118,538_archive,2020,AZ,6268,70651,132118,2020-AZ-special-general,2020-AZ-special-general,2020-11-03,true,selected,,Only eligible LV question for this poll/round
538:2020:6295:70682:132201,538_archive,2020,TX,6295,70682,132201,2020-TX-ordinary-general,2020-TX-ordinary-general,2020-11-03,false,pending,contest_pending,
538:2020:6272:70629:132068,538_archive,2020,IA,6272,70629,132068,2020-IA-ordinary-general,2020-IA-ordinary-general,2020-11-03,true,selected,,Only eligible LV question for this poll/round
538:2020:6295:70630:132069,538_archive,2020,TX,6295,70630,132069,2020-TX-ordinary-general,2020-TX-ordinary-general,2020-11-03,true,pending,contest_pending,
538:2020:6280:71761:134464,538_archive,2020,MI,6280,71761,134464,2020-MI-ordinary-general,2020-MI-ordinary-general,2020-11-03,false,excluded,partisan_or_internal;contest_pending,
538:2020:6279:71085:133060,538_archive,2020,ME,6279,71085,133060,2020-ME-ordinary-general,2020-ME-ordinary-general,2020-11-03,true,selected,,Only eligible LV question for this poll/round
538:2020:6265:71163:133227,538_archive,2020,AK,6265,71163,133227,2020-AK-ordinary-general,2020-AK-ordinary-general,2020-11-03,false,excluded,partisan_or_internal,
538:2020:6281:70660:132226,538_archive,2020,MN,6281,70660,132226,2020-MN-ordinary-general,2020-MN-ordinary-general,2020-11-03,false,selected,,Only eligible LV question for this poll/round
538:2020:6269:70691:132227,538_archive,2020,CO,6269,70691,132227,2020-CO-ordinary-general,2020-CO-ordinary-general,2020-11-03,false,selected,,Only eligible LV question for this poll/round
538:2020:6297:70703:132428,538_archive,2020,WV,6297,70703,132428,2020-WV-ordinary-general,2020-WV-ordinary-general,2020-11-03,true,selected,,Only eligible LV question for this poll/round
538:2020:6280:70615:132033,538_archive,2020,MI,6280,70615,132033,2020-MI-ordinary-general,2020-MI-ordinary-general,2020-11-03,false,pending,contest_pending,
538:2020:6284:70616:132034,538_archive,2020,NC,6284,70616,132034,2020-NC-ordinary-general,2020-NC-ordinary-general,2020-11-03,false,selected,,Only eligible LV question for this poll/round
538:2020:6268:70681:132199,538_archive,2020,AZ,6268,70681,132199,2020-AZ-special-general,2020-AZ-special-general,2020-11-03,true,excluded,partisan_or_internal,
538:2020:6271:70695:132238,538_archive,2020,GA,6271,70695,132238,2020-GA-ordinary-general,2020-GA-ordinary-general,2020-11-03,true,selected,,Only eligible LV question for this poll/round
538:2020:7780:70695:132239,538_archive,2020,GA,7780,70695,132239,2020-GA-special-first,2020-GA-special-first,2020-11-03,false,selected,,Only eligible LV question for this poll/round
538:2020:6284:70576:131668,538_archive,2020,NC,6284,70576,131668,2020-NC-ordinary-general,2020-NC-ordinary-general,2020-11-03,false,excluded,non_LV_population,
538:2020:6280:70632:132071,538_archive,2020,MI,6280,70632,132071,2020-MI-ordinary-general,2020-MI-ordinary-general,2020-11-03,false,excluded,non_LV_population;partisan_or_internal;contest_pending,
538:2020:6268:70639:132091,538_archive,2020,AZ,6268,70639,132091,2020-AZ-special-general,2020-AZ-special-general,2020-11-03,true,selected,,Only eligible LV question for this poll/round
538:2020:6268:71758:134460,538_archive,2020,AZ,6268,71758,134460,2020-AZ-special-general,2020-AZ-special-general,2020-11-03,true,excluded,partisan_or_internal,
538:2020:6272:70648:132110,538_archive,2020,IA,6272,70648,132110,2020-IA-ordinary-general,2020-IA-ordinary-general,2020-11-03,false,selected,,Only eligible LV question for this poll/round
538:2020:6283:70656:132127,538_archive,2020,MT,6283,70656,132127,2020-MT-ordinary-general,2020-MT-ordinary-general,2020-11-03,false,excluded,partisan_or_internal;confirmed_nonballot_candidate,
538:2020:6284:70657:132128,538_archive,2020,NC,6284,70657,132128,2020-NC-ordinary-general,2020-NC-ordinary-general,2020-11-03,true,excluded,partisan_or_internal,
538:2020:6295:70658:132129,538_archive,2020,TX,6295,70658,132129,2020-TX-ordinary-general,2020-TX-ordinary-general,2020-11-03,false,excluded,partisan_or_internal;contest_pending;unresolved_poll_side,
538:2020:6292:70790:132441,538_archive,2020,SC,6292,70790,132441,2020-SC-ordinary-general,2020-SC-ordinary-general,2020-11-03,true,excluded,partisan_or_internal,
538:2020:6268:70603:132096,538_archive,2020,AZ,6268,70603,132096,2020-AZ-special-general,2020-AZ-special-general,2020-11-03,true,selected,,Only eligible LV question for this poll/round
538:2020:6268:70604:132074,538_archive,2020,AZ,6268,70604,132074,2020-AZ-special-general,2020-AZ-special-general,2020-11-03,true,selected,,Only eligible LV question for this poll/round
538:2020:6280:70606:132075,538_archive,2020,MI,6280,70606,132075,2020-MI-ordinary-general,2020-MI-ordinary-general,2020-11-03,false,pending,contest_pending,
538:2020:6284:70607:132076,538_archive,2020,NC,6284,70607,132076,2020-NC-ordinary-general,2020-NC-ordinary-general,2020-11-03,false,selected,,Only eligible LV question for this poll/round
538:2020:6284:70614:132030,538_archive,2020,NC,6284,70614,132030,2020-NC-ordinary-general,2020-NC-ordinary-general,2020-11-03,false,selected,,Only eligible LV question for this poll/round
538:2020:6286:70687:132215,538_archive,2020,NH,6286,70687,132215,2020-NH-ordinary-general,2020-NH-ordinary-general,2020-11-03,true,selected,,Only eligible LV question for this poll/round
538:2020:6265:71298:133506,538_archive,2020,AK,6265,71298,133506,2020-AK-ordinary-general,2020-AK-ordinary-general,2020-11-03,false,selected,,Only eligible LV question for this poll/round
538:2020:6279:70610:132025,538_archive,2020,ME,6279,70610,132025,2020-ME-ordinary-general,2020-ME-ordinary-general,2020-11-03,true,excluded,non_LV_population,
538:2020:6279:70610:132026,538_archive,2020,ME,6279,70610,132026,2020-ME-ordinary-general,2020-ME-ordinary-general,2020-11-03,true,selected,,Only eligible LV question for this poll/round
538:2020:6265:70622:132053,538_archive,2020,AK,6265,70622,132053,2020-AK-ordinary-general,2020-AK-ordinary-general,2020-11-03,false,selected,,Only eligible LV question for this poll/round
538:2020:6295:70694:132240,538_archive,2020,TX,6295,70694,132240,2020-TX-ordinary-general,2020-TX-ordinary-general,2020-11-03,false,pending,contest_pending,
538:2020:6268:70565:131639,538_archive,2020,AZ,6268,70565,131639,2020-AZ-special-general,2020-AZ-special-general,2020-11-03,true,selected,,Only eligible LV question for this poll/round
538:2020:6268:72068:135112,538_archive,2020,AZ,6268,72068,135112,2020-AZ-special-general,2020-AZ-special-general,2020-11-03,true,excluded,partisan_or_internal,
538:2020:6266:70580:131963,538_archive,2020,AL,6266,70580,131963,2020-AL-ordinary-general,2020-AL-ordinary-general,2020-11-03,true,excluded,non_LV_population,
538:2020:6280:70589:132036,538_archive,2020,MI,6280,70589,132036,2020-MI-ordinary-general,2020-MI-ordinary-general,2020-11-03,false,pending,contest_pending,
538:2020:6268:71159:133221,538_archive,2020,AZ,6268,71159,133221,2020-AZ-special-general,2020-AZ-special-general,2020-11-03,true,selected,,Only eligible LV question for this poll/round
538:2020:6283:70992:132853,538_archive,2020,MT,6283,70992,132853,2020-MT-ordinary-general,2020-MT-ordinary-general,2020-11-03,true,selected,,Only eligible LV question for this poll/round
538:2020:6286:70112:130625,538_archive,2020,NH,6286,70112,130625,2020-NH-ordinary-general,2020-NH-ordinary-general,2020-11-03,false,selected,,Only eligible LV question for this poll/round
538:2020:6280:70129:130658,538_archive,2020,MI,6280,70129,130658,2020-MI-ordinary-general,2020-MI-ordinary-general,2020-11-03,false,excluded,non_LV_population;partisan_or_internal;contest_pending,
538:2020:6288:70593:132094,538_archive,2020,NM,6288,70593,132094,2020-NM-ordinary-general,2020-NM-ordinary-general,2020-11-03,true,selected,,Only eligible LV question for this poll/round
538:2020:6268:70587:131971,538_archive,2020,AZ,6268,70587,131971,2020-AZ-special-general,2020-AZ-special-general,2020-11-03,true,selected,,Only eligible LV question for this poll/round
538:2020:6275:70686:132205,538_archive,2020,KS,6275,70686,132205,2020-KS-ordinary-general,2020-KS-ordinary-general,2020-11-03,true,selected,,Only eligible LV question for this poll/round
538:2020:6268:70119:130643,538_archive,2020,AZ,6268,70119,130643,2020-AZ-special-general,2020-AZ-special-general,2020-11-03,true,selected,,Only eligible LV question for this poll/round
538:2020:6271:70049:130484,538_archive,2020,GA,6271,70049,130484,2020-GA-ordinary-general,2020-GA-ordinary-general,2020-11-03,true,selected,,Only eligible LV question for this poll/round
538:2020:7780:70049:130485,538_archive,2020,GA,7780,70049,130485,2020-GA-special-first,2020-GA-special-first,2020-11-03,false,selected,,Only eligible LV question for this poll/round
538:2020:7781:70049:130486,538_archive,2020,GA,7781,70049,130486,2020-GA-special-runoff,2020-GA-special-runoff,2021-01-05,false,excluded,confirmed_nonballot_candidate;contest_pending;question_missing_D_or_R_side,
538:2020:7781:70049:130487,538_archive,2020,GA,7781,70049,130487,2020-GA-special-runoff,2020-GA-special-runoff,2021-01-05,true,pending,contest_pending,
538:2020:7781:70049:130488,538_archive,2020,GA,7781,70049,130488,2020-GA-special-runoff,2020-GA-special-runoff,2021-01-05,false,excluded,confirmed_nonballot_candidate;contest_pending;question_missing_D_or_R_side,
538:2020:7781:70049:130489,538_archive,2020,GA,7781,70049,130489,2020-GA-special-runoff,2020-GA-special-runoff,2021-01-05,false,excluded,confirmed_nonballot_candidate;contest_pending;question_missing_D_or_R_side,
538:2020:6275:70072:130537,538_archive,2020,KS,6275,70072,130537,2020-KS-ordinary-general,2020-KS-ordinary-general,2020-11-03,false,selected,,Only eligible LV question for this poll/round
538:2020:6290:70076:130550,538_archive,2020,OR,6290,70076,130550,2020-OR-ordinary-general,2020-OR-ordinary-general,2020-11-03,true,selected,,Only eligible LV question for this poll/round
538:2020:6280:70057:130580,538_archive,2020,MI,6280,70057,130580,2020-MI-ordinary-general,2020-MI-ordinary-general,2020-11-03,false,excluded,partisan_or_internal;contest_pending,
538:2020:6268:70042:130463,538_archive,2020,AZ,6268,70042,130463,2020-AZ-special-general,2020-AZ-special-general,2020-11-03,true,selected,,Only eligible LV question for this poll/round
538:2020:6286:70600:132004,538_archive,2020,NH,6286,70600,132004,2020-NH-ordinary-general,2020-NH-ordinary-general,2020-11-03,true,selected,,Only eligible LV question for this poll/round
538:2020:6286:70066:130606,538_archive,2020,NH,6286,70066,130606,2020-NH-ordinary-general,2020-NH-ordinary-general,2020-11-03,true,selected,,Only eligible LV question for this poll/round
538:2020:6292:70670:132164,538_archive,2020,SC,6292,70670,132164,2020-SC-ordinary-general,2020-SC-ordinary-general,2020-11-03,true,excluded,partisan_or_internal,
538:2020:6268:70079:130562,538_archive,2020,AZ,6268,70079,130562,2020-AZ-special-general,2020-AZ-special-general,2020-11-03,true,excluded,partisan_or_internal,
538:2020:6272:70080:130563,538_archive,2020,IA,6272,70080,130563,2020-IA-ordinary-general,2020-IA-ordinary-general,2020-11-03,false,excluded,partisan_or_internal,
538:2020:6272:70080:130564,538_archive,2020,IA,6272,70080,130564,2020-IA-ordinary-general,2020-IA-ordinary-general,2020-11-03,true,excluded,partisan_or_internal,
538:2020:6279:70081:130565,538_archive,2020,ME,6279,70081,130565,2020-ME-ordinary-general,2020-ME-ordinary-general,2020-11-03,true,excluded,partisan_or_internal,
538:2020:6279:70081:130566,538_archive,2020,ME,6279,70081,130566,2020-ME-ordinary-general,2020-ME-ordinary-general,2020-11-03,false,excluded,partisan_or_internal,
538:2020:6292:70082:130567,538_archive,2020,SC,6292,70082,130567,2020-SC-ordinary-general,2020-SC-ordinary-general,2020-11-03,true,excluded,partisan_or_internal,
538:2020:6292:70082:130568,538_archive,2020,SC,6292,70082,130568,2020-SC-ordinary-general,2020-SC-ordinary-general,2020-11-03,false,excluded,partisan_or_internal,
538:2020:6284:70106:130602,538_archive,2020,NC,6284,70106,130602,2020-NC-ordinary-general,2020-NC-ordinary-general,2020-11-03,false,excluded,non_LV_population;partisan_or_internal,
538:2020:6275:70056:130508,538_archive,2020,KS,6275,70056,130508,2020-KS-ordinary-general,2020-KS-ordinary-general,2020-11-03,true,excluded,partisan_or_internal,
538:2020:6271:70131:130669,538_archive,2020,GA,6271,70131,130669,2020-GA-ordinary-general,2020-GA-ordinary-general,2020-11-03,false,excluded,partisan_or_internal,
538:2020:7780:70131:130675,538_archive,2020,GA,7780,70131,130675,2020-GA-special-first,2020-GA-special-first,2020-11-03,false,excluded,partisan_or_internal,
538:2020:6272:70132:130670,538_archive,2020,IA,6272,70132,130670,2020-IA-ordinary-general,2020-IA-ordinary-general,2020-11-03,false,excluded,partisan_or_internal,
538:2020:6284:70133:130671,538_archive,2020,NC,6284,70133,130671,2020-NC-ordinary-general,2020-NC-ordinary-general,2020-11-03,false,excluded,partisan_or_internal,
538:2020:6271:70047:130478,538_archive,2020,GA,6271,70047,130478,2020-GA-ordinary-general,2020-GA-ordinary-general,2020-11-03,false,selected,,Only eligible LV question for this poll/round
538:2020:7780:70047:130479,538_archive,2020,GA,7780,70047,130479,2020-GA-special-first,2020-GA-special-first,2020-11-03,false,selected,,Only eligible LV question for this poll/round
538:2020:6292:70070:130527,538_archive,2020,SC,6292,70070,130527,2020-SC-ordinary-general,2020-SC-ordinary-general,2020-11-03,false,selected,,Only eligible LV question for this poll/round
538:2020:6270:70561:131633,538_archive,2020,DE,6270,70561,131633,2020-DE-ordinary-general,2020-DE-ordinary-general,2020-11-03,true,selected,,Only eligible LV question for this poll/round
538:2020:6272:70073:130605,538_archive,2020,IA,6272,70073,130605,2020-IA-ordinary-general,2020-IA-ordinary-general,2020-11-03,false,selected,,Only eligible LV question for this poll/round
538:2020:6271:70137:130672,538_archive,2020,GA,6271,70137,130672,2020-GA-ordinary-general,2020-GA-ordinary-general,2020-11-03,false,selected,,Only eligible LV question for this poll/round
538:2020:7780:70137:130674,538_archive,2020,GA,7780,70137,130674,2020-GA-special-first,2020-GA-special-first,2020-11-03,false,selected,,Only eligible LV question for this poll/round
538:2020:6280:70006:130404,538_archive,2020,MI,6280,70006,130404,2020-MI-ordinary-general,2020-MI-ordinary-general,2020-11-03,false,excluded,partisan_or_internal;contest_pending,
538:2020:6271:69991:130362,538_archive,2020,GA,6271,69991,130362,2020-GA-ordinary-general,2020-GA-ordinary-general,2020-11-03,false,selected,,Only eligible LV question for this poll/round
538:2020:6284:69992:130363,538_archive,2020,NC,6284,69992,130363,2020-NC-ordinary-general,2020-NC-ordinary-general,2020-11-03,false,selected,,Only eligible LV question for this poll/round
538:2020:6292:69993:130364,538_archive,2020,SC,6292,69993,130364,2020-SC-ordinary-general,2020-SC-ordinary-general,2020-11-03,false,selected,,Only eligible LV question for this poll/round
538:2020:6296:71360:133633,538_archive,2020,VA,6296,71360,133633,2020-VA-ordinary-general,2020-VA-ordinary-general,2020-11-03,true,excluded,partisan_or_internal,
538:2020:6284:70044:130474,538_archive,2020,NC,6284,70044,130474,2020-NC-ordinary-general,2020-NC-ordinary-general,2020-11-03,false,selected,,Only eligible LV question for this poll/round
538:2020:6295:70046:130476,538_archive,2020,TX,6295,70046,130476,2020-TX-ordinary-general,2020-TX-ordinary-general,2020-11-03,false,pending,contest_pending,
538:2020:6286:70045:130475,538_archive,2020,NH,6286,70045,130475,2020-NH-ordinary-general,2020-NH-ordinary-general,2020-11-03,false,selected,,Only eligible LV question for this poll/round
538:2020:6292:69997:130361,538_archive,2020,SC,6292,69997,130361,2020-SC-ordinary-general,2020-SC-ordinary-general,2020-11-03,true,excluded,partisan_or_internal,
538:2020:6281:69978:130318,538_archive,2020,MN,6281,69978,130318,2020-MN-ordinary-general,2020-MN-ordinary-general,2020-11-03,true,selected,,Only eligible LV question for this poll/round
538:2020:6281:69988:130415,538_archive,2020,MN,6281,69988,130415,2020-MN-ordinary-general,2020-MN-ordinary-general,2020-11-03,false,selected,,Only eligible LV question for this poll/round
538:2020:6265:70015:130423,538_archive,2020,AK,6265,70015,130423,2020-AK-ordinary-general,2020-AK-ordinary-general,2020-11-03,false,excluded,partisan_or_internal,
538:2020:6280:69995:130359,538_archive,2020,MI,6280,69995,130359,2020-MI-ordinary-general,2020-MI-ordinary-general,2020-11-03,false,excluded,non_LV_population;contest_pending,
538:2020:6280:69995:130360,538_archive,2020,MI,6280,69995,130360,2020-MI-ordinary-general,2020-MI-ordinary-general,2020-11-03,false,pending,contest_pending,
538:2020:6279:69967:130302,538_archive,2020,ME,6279,69967,130302,2020-ME-ordinary-general,2020-ME-ordinary-general,2020-11-03,true,selected,,Only eligible LV question for this poll/round
538:2020:6279:69705:129974,538_archive,2020,ME,6279,69705,129974,2020-ME-ordinary-general,2020-ME-ordinary-general,2020-11-03,false,excluded,partisan_or_internal,
538:2020:6272:69943:130249,538_archive,2020,IA,6272,69943,130249,2020-IA-ordinary-general,2020-IA-ordinary-general,2020-11-03,true,excluded,non_LV_population,
538:2020:6272:69943:130250,538_archive,2020,IA,6272,69943,130250,2020-IA-ordinary-general,2020-IA-ordinary-general,2020-11-03,true,pending,ambiguous_question_preference,Multiple eligible questions; no unique full-ballot choice
538:2020:6272:69943:130251,538_archive,2020,IA,6272,69943,130251,2020-IA-ordinary-general,2020-IA-ordinary-general,2020-11-03,true,pending,ambiguous_question_preference,Multiple eligible questions; no unique full-ballot choice
538:2020:6284:70010:130414,538_archive,2020,NC,6284,70010,130414,2020-NC-ordinary-general,2020-NC-ordinary-general,2020-11-03,true,excluded,non_LV_population,
538:2020:6272:69710:129985,538_archive,2020,IA,6272,69710,129985,2020-IA-ordinary-general,2020-IA-ordinary-general,2020-11-03,true,selected,,Only eligible LV question for this poll/round
538:2020:6295:69711:129986,538_archive,2020,TX,6295,69711,129986,2020-TX-ordinary-general,2020-TX-ordinary-general,2020-11-03,false,pending,contest_pending,
538:2020:6268:69973:130314,538_archive,2020,AZ,6268,69973,130314,2020-AZ-special-general,2020-AZ-special-general,2020-11-03,true,selected,,Only eligible LV question for this poll/round
538:2020:6295:69975:130315,538_archive,2020,TX,6295,69975,130315,2020-TX-ordinary-general,2020-TX-ordinary-general,2020-11-03,false,pending,contest_pending,
538:2020:6280:69701:129964,538_archive,2020,MI,6280,69701,129964,2020-MI-ordinary-general,2020-MI-ordinary-general,2020-11-03,false,pending,contest_pending,
538:2020:6271:69690:129933,538_archive,2020,GA,6271,69690,129933,2020-GA-ordinary-general,2020-GA-ordinary-general,2020-11-03,true,excluded,non_LV_population,
538:2020:6271:69690:129934,538_archive,2020,GA,6271,69690,129934,2020-GA-ordinary-general,2020-GA-ordinary-general,2020-11-03,true,pending,ambiguous_question_preference,Multiple eligible questions; no unique full-ballot choice
538:2020:6271:69690:129935,538_archive,2020,GA,6271,69690,129935,2020-GA-ordinary-general,2020-GA-ordinary-general,2020-11-03,true,pending,ambiguous_question_preference,Multiple eligible questions; no unique full-ballot choice
538:2020:7780:69690:129936,538_archive,2020,GA,7780,69690,129936,2020-GA-special-first,2020-GA-special-first,2020-11-03,false,excluded,non_LV_population,
538:2020:7780:69690:129937,538_archive,2020,GA,7780,69690,129937,2020-GA-special-first,2020-GA-special-first,2020-11-03,false,pending,ambiguous_question_preference,Multiple eligible questions; no unique full-ballot choice
538:2020:7780:69690:129938,538_archive,2020,GA,7780,69690,129938,2020-GA-special-first,2020-GA-special-first,2020-11-03,false,pending,ambiguous_question_preference,Multiple eligible questions; no unique full-ballot choice
538:2020:6295:69955:130272,538_archive,2020,TX,6295,69955,130272,2020-TX-ordinary-general,2020-TX-ordinary-general,2020-11-03,false,pending,contest_pending,
538:2020:6271:69709:129983,538_archive,2020,GA,6271,69709,129983,2020-GA-ordinary-general,2020-GA-ordinary-general,2020-11-03,true,selected,,Only eligible LV question for this poll/round
538:2020:7780:69709:129984,538_archive,2020,GA,7780,69709,129984,2020-GA-special-first,2020-GA-special-first,2020-11-03,false,selected,,Only eligible LV question for this poll/round
538:2020:6296:69713:130001,538_archive,2020,VA,6296,69713,130001,2020-VA-ordinary-general,2020-VA-ordinary-general,2020-11-03,true,selected,,Only eligible LV question for this poll/round
538:2020:6268:69681:129909,538_archive,2020,AZ,6268,69681,129909,2020-AZ-special-general,2020-AZ-special-general,2020-11-03,true,selected,,Only eligible LV question for this poll/round
538:2020:6280:69683:129910,538_archive,2020,MI,6280,69683,129910,2020-MI-ordinary-general,2020-MI-ordinary-general,2020-11-03,false,pending,contest_pending,
538:2020:6284:69684:129911,538_archive,2020,NC,6284,69684,129911,2020-NC-ordinary-general,2020-NC-ordinary-general,2020-11-03,false,selected,,Only eligible LV question for this poll/round
538:2020:6279:69587:129676,538_archive,2020,ME,6279,69587,129676,2020-ME-ordinary-general,2020-ME-ordinary-general,2020-11-03,true,pending,ambiguous_question_preference,Multiple eligible questions; no unique full-ballot choice
538:2020:6279:69587:129677,538_archive,2020,ME,6279,69587,129677,2020-ME-ordinary-general,2020-ME-ordinary-general,2020-11-03,true,pending,ambiguous_question_preference,Multiple eligible questions; no unique full-ballot choice
538:2020:6284:69650:129853,538_archive,2020,NC,6284,69650,129853,2020-NC-ordinary-general,2020-NC-ordinary-general,2020-11-03,true,selected,,Only eligible LV question for this poll/round
538:2020:6289:69956:130278,538_archive,2020,OK,6289,69956,130278,2020-OK-ordinary-general,2020-OK-ordinary-general,2020-11-03,true,selected,,Only eligible LV question for this poll/round
538:2020:6268:69675:129895,538_archive,2020,AZ,6268,69675,129895,2020-AZ-special-general,2020-AZ-special-general,2020-11-03,true,excluded,non_LV_population,
538:2020:6268:69675:129896,538_archive,2020,AZ,6268,69675,129896,2020-AZ-special-general,2020-AZ-special-general,2020-11-03,true,selected,,Only eligible LV question for this poll/round
538:2020:6292:69637:129832,538_archive,2020,SC,6292,69637,129832,2020-SC-ordinary-general,2020-SC-ordinary-general,2020-11-03,false,selected,,Only eligible LV question for this poll/round
538:2020:6284:69638:129830,538_archive,2020,NC,6284,69638,129830,2020-NC-ordinary-general,2020-NC-ordinary-general,2020-11-03,false,selected,,Only eligible LV question for this poll/round
538:2020:6268:69639:129831,538_archive,2020,AZ,6268,69639,129831,2020-AZ-special-general,2020-AZ-special-general,2020-11-03,true,selected,,Only eligible LV question for this poll/round
538:2020:6276:69640:129833,538_archive,2020,KY,6276,69640,129833,2020-KY-ordinary-general,2020-KY-ordinary-general,2020-11-03,false,pending,contest_pending,
538:2020:6280:69641:129834,538_archive,2020,MI,6280,69641,129834,2020-MI-ordinary-general,2020-MI-ordinary-general,2020-11-03,false,pending,contest_pending,
538:2020:6295:69642:129835,538_archive,2020,TX,6295,69642,129835,2020-TX-ordinary-general,2020-TX-ordinary-general,2020-11-03,false,pending,contest_pending,
538:2020:6266:69643:129836,538_archive,2020,AL,6266,69643,129836,2020-AL-ordinary-general,2020-AL-ordinary-general,2020-11-03,true,selected,,Only eligible LV question for this poll/round
538:2020:6271:69644:129837,538_archive,2020,GA,6271,69644,129837,2020-GA-ordinary-general,2020-GA-ordinary-general,2020-11-03,false,selected,,Only eligible LV question for this poll/round
538:2020:6269:69645:129838,538_archive,2020,CO,6269,69645,129838,2020-CO-ordinary-general,2020-CO-ordinary-general,2020-11-03,false,selected,,Only eligible LV question for this poll/round
538:2020:6271:69646:129840,538_archive,2020,GA,6271,69646,129840,2020-GA-ordinary-general,2020-GA-ordinary-general,2020-11-03,true,selected,,Only eligible LV question for this poll/round
538:2020:7780:69646:129841,538_archive,2020,GA,7780,69646,129841,2020-GA-special-first,2020-GA-special-first,2020-11-03,false,selected,,Only eligible LV question for this poll/round
538:2020:6268:69981:130331,538_archive,2020,AZ,6268,69981,130331,2020-AZ-special-general,2020-AZ-special-general,2020-11-03,true,excluded,partisan_or_internal,
538:2020:6280:69983:130332,538_archive,2020,MI,6280,69983,130332,2020-MI-ordinary-general,2020-MI-ordinary-general,2020-11-03,false,excluded,partisan_or_internal;contest_pending,
538:2020:6280:69648:129848,538_archive,2020,MI,6280,69648,129848,2020-MI-ordinary-general,2020-MI-ordinary-general,2020-11-03,false,pending,contest_pending,
538:2020:6271:69937:130236,538_archive,2020,GA,6271,69937,130236,2020-GA-ordinary-general,2020-GA-ordinary-general,2020-11-03,true,excluded,partisan_or_internal,
538:2020:6271:69937:130237,538_archive,2020,GA,6271,69937,130237,2020-GA-ordinary-general,2020-GA-ordinary-general,2020-11-03,false,excluded,partisan_or_internal,
538:2020:7780:69937:130238,538_archive,2020,GA,7780,69937,130238,2020-GA-special-first,2020-GA-special-first,2020-11-03,false,excluded,partisan_or_internal,
538:2020:6275:69938:130239,538_archive,2020,KS,6275,69938,130239,2020-KS-ordinary-general,2020-KS-ordinary-general,2020-11-03,true,excluded,partisan_or_internal,
538:2020:6275:69938:130240,538_archive,2020,KS,6275,69938,130240,2020-KS-ordinary-general,2020-KS-ordinary-general,2020-11-03,false,excluded,partisan_or_internal,
538:2020:6276:69939:130241,538_archive,2020,KY,6276,69939,130241,2020-KY-ordinary-general,2020-KY-ordinary-general,2020-11-03,true,excluded,partisan_or_internal;contest_pending,
538:2020:6276:69939:130242,538_archive,2020,KY,6276,69939,130242,2020-KY-ordinary-general,2020-KY-ordinary-general,2020-11-03,false,excluded,partisan_or_internal;contest_pending,
538:2020:6280:69940:130243,538_archive,2020,MI,6280,69940,130243,2020-MI-ordinary-general,2020-MI-ordinary-general,2020-11-03,false,excluded,partisan_or_internal;contest_pending,
538:2020:6284:69570:129809,538_archive,2020,NC,6284,69570,129809,2020-NC-ordinary-general,2020-NC-ordinary-general,2020-11-03,false,selected,,Only eligible LV question for this poll/round
538:2020:6295:69565:129608,538_archive,2020,TX,6295,69565,129608,2020-TX-ordinary-general,2020-TX-ordinary-general,2020-11-03,false,pending,contest_pending,
538:2020:6278:70107:130603,538_archive,2020,MA,6278,70107,130603,2020-MA-ordinary-general,2020-MA-ordinary-general,2020-11-03,false,excluded,partisan_or_internal;contest_pending,
538:2020:6272:69560:129593,538_archive,2020,IA,6272,69560,129593,2020-IA-ordinary-general,2020-IA-ordinary-general,2020-11-03,false,selected,,Only eligible LV question for this poll/round
538:2020:6281:69567:129613,538_archive,2020,MN,6281,69567,129613,2020-MN-ordinary-general,2020-MN-ordinary-general,2020-11-03,false,selected,,Only eligible LV question for this poll/round
538:2020:6268:70764:132383,538_archive,2020,AZ,6268,70764,132383,2020-AZ-special-general,2020-AZ-special-general,2020-11-03,true,selected,,Only eligible LV question for this poll/round
538:2020:6269:70765:132384,538_archive,2020,CO,6269,70765,132384,2020-CO-ordinary-general,2020-CO-ordinary-general,2020-11-03,false,selected,,Only eligible LV question for this poll/round
538:2020:6271:70766:132385,538_archive,2020,GA,6271,70766,132385,2020-GA-ordinary-general,2020-GA-ordinary-general,2020-11-03,false,selected,,Only eligible LV question for this poll/round
538:2020:6280:70767:132386,538_archive,2020,MI,6280,70767,132386,2020-MI-ordinary-general,2020-MI-ordinary-general,2020-11-03,false,pending,contest_pending,
538:2020:6284:70768:132387,538_archive,2020,NC,6284,70768,132387,2020-NC-ordinary-general,2020-NC-ordinary-general,2020-11-03,false,selected,,Only eligible LV question for this poll/round
538:2020:6292:70769:132388,538_archive,2020,SC,6292,70769,132388,2020-SC-ordinary-general,2020-SC-ordinary-general,2020-11-03,false,selected,,Only eligible LV question for this poll/round
538:2020:6295:70770:132389,538_archive,2020,TX,6295,70770,132389,2020-TX-ordinary-general,2020-TX-ordinary-general,2020-11-03,false,pending,contest_pending,
538:2020:6275:70055:130507,538_archive,2020,KS,6275,70055,130507,2020-KS-ordinary-general,2020-KS-ordinary-general,2020-11-03,true,excluded,partisan_or_internal,
538:2020:6283:69561:129596,538_archive,2020,MT,6283,69561,129596,2020-MT-ordinary-general,2020-MT-ordinary-general,2020-11-03,false,excluded,confirmed_nonballot_candidate,
538:2020:7780:69575:129658,538_archive,2020,GA,7780,69575,129658,2020-GA-special-first,2020-GA-special-first,2020-11-03,false,excluded,partisan_or_internal,
538:2020:6271:69575:129947,538_archive,2020,GA,6271,69575,129947,2020-GA-ordinary-general,2020-GA-ordinary-general,2020-11-03,false,excluded,partisan_or_internal,
538:2020:6268:69634:129826,538_archive,2020,AZ,6268,69634,129826,2020-AZ-special-general,2020-AZ-special-general,2020-11-03,true,excluded,partisan_or_internal,
538:2020:6268:69542:129567,538_archive,2020,AZ,6268,69542,129567,2020-AZ-special-general,2020-AZ-special-general,2020-11-03,true,selected,,Only eligible LV question for this poll/round
538:2020:6271:69566:129611,538_archive,2020,GA,6271,69566,129611,2020-GA-ordinary-general,2020-GA-ordinary-general,2020-11-03,false,selected,,Only eligible LV question for this poll/round
538:2020:7780:69566:129612,538_archive,2020,GA,7780,69566,129612,2020-GA-special-first,2020-GA-special-first,2020-11-03,false,selected,,Only eligible LV question for this poll/round
538:2020:6279:69524:129511,538_archive,2020,ME,6279,69524,129511,2020-ME-ordinary-general,2020-ME-ordinary-general,2020-11-03,false,excluded,alternate_question,Same poll/round has a unique full-ballot LV question
538:2020:6279:69524:129534,538_archive,2020,ME,6279,69524,129534,2020-ME-ordinary-general,2020-ME-ordinary-general,2020-11-03,true,selected,,Unique full-ballot LV question (Decision 013)
538:2020:6284:69525:129512,538_archive,2020,NC,6284,69525,129512,2020-NC-ordinary-general,2020-NC-ordinary-general,2020-11-03,true,selected,,Only eligible LV question for this poll/round
538:2020:6280:69661:129868,538_archive,2020,MI,6280,69661,129868,2020-MI-ordinary-general,2020-MI-ordinary-general,2020-11-03,false,pending,contest_pending,
538:2020:6284:69662:129869,538_archive,2020,NC,6284,69662,129869,2020-NC-ordinary-general,2020-NC-ordinary-general,2020-11-03,false,selected,,Only eligible LV question for this poll/round
538:2020:6268:69698:129957,538_archive,2020,AZ,6268,69698,129957,2020-AZ-special-general,2020-AZ-special-general,2020-11-03,true,selected,,Only eligible LV question for this poll/round
538:2020:6284:69545:129569,538_archive,2020,NC,6284,69545,129569,2020-NC-ordinary-general,2020-NC-ordinary-general,2020-11-03,false,selected,,Only eligible LV question for this poll/round
538:2020:6268:69513:129490,538_archive,2020,AZ,6268,69513,129490,2020-AZ-special-general,2020-AZ-special-general,2020-11-03,true,excluded,non_LV_population,
538:2020:6268:69513:129491,538_archive,2020,AZ,6268,69513,129491,2020-AZ-special-general,2020-AZ-special-general,2020-11-03,true,pending,ambiguous_question_preference,Multiple eligible questions; no unique full-ballot choice
538:2020:6268:69513:129492,538_archive,2020,AZ,6268,69513,129492,2020-AZ-special-general,2020-AZ-special-general,2020-11-03,true,pending,ambiguous_question_preference,Multiple eligible questions; no unique full-ballot choice
538:2020:6268:69523:129510,538_archive,2020,AZ,6268,69523,129510,2020-AZ-special-general,2020-AZ-special-general,2020-11-03,true,selected,,Only eligible LV question for this poll/round
538:2020:6280:69529:129531,538_archive,2020,MI,6280,69529,129531,2020-MI-ordinary-general,2020-MI-ordinary-general,2020-11-03,false,pending,contest_pending,
538:2020:6280:69544:129568,538_archive,2020,MI,6280,69544,129568,2020-MI-ordinary-general,2020-MI-ordinary-general,2020-11-03,false,pending,contest_pending,
538:2020:6284:69504:129475,538_archive,2020,NC,6284,69504,129475,2020-NC-ordinary-general,2020-NC-ordinary-general,2020-11-03,true,selected,,Only eligible LV question for this poll/round
538:2020:6276:69487:129448,538_archive,2020,KY,6276,69487,129448,2020-KY-ordinary-general,2020-KY-ordinary-general,2020-11-03,false,pending,contest_pending,
538:2020:6279:69488:129449,538_archive,2020,ME,6279,69488,129449,2020-ME-ordinary-general,2020-ME-ordinary-general,2020-11-03,false,selected,,Only eligible LV question for this poll/round
538:2020:6292:69491:129450,538_archive,2020,SC,6292,69491,129450,2020-SC-ordinary-general,2020-SC-ordinary-general,2020-11-03,false,selected,,Only eligible LV question for this poll/round
538:2020:6284:69444:129339,538_archive,2020,NC,6284,69444,129339,2020-NC-ordinary-general,2020-NC-ordinary-general,2020-11-03,false,selected,,Only eligible LV question for this poll/round
538:2020:6268:72069:135113,538_archive,2020,AZ,6268,72069,135113,2020-AZ-special-general,2020-AZ-special-general,2020-11-03,true,excluded,partisan_or_internal,
538:2020:6284:69462:129373,538_archive,2020,NC,6284,69462,129373,2020-NC-ordinary-general,2020-NC-ordinary-general,2020-11-03,true,excluded,non_LV_population,
538:2020:6284:69462:129374,538_archive,2020,NC,6284,69462,129374,2020-NC-ordinary-general,2020-NC-ordinary-general,2020-11-03,true,selected,,Only eligible LV question for this poll/round
538:2020:6268:69500:129470,538_archive,2020,AZ,6268,69500,129470,2020-AZ-special-general,2020-AZ-special-general,2020-11-03,true,excluded,non_LV_population,
538:2020:6284:69502:129471,538_archive,2020,NC,6284,69502,129471,2020-NC-ordinary-general,2020-NC-ordinary-general,2020-11-03,false,excluded,non_LV_population,
538:2020:6268:69420:129281,538_archive,2020,AZ,6268,69420,129281,2020-AZ-special-general,2020-AZ-special-general,2020-11-03,true,selected,,Only eligible LV question for this poll/round
538:2020:6268:69423:129305,538_archive,2020,AZ,6268,69423,129305,2020-AZ-special-general,2020-AZ-special-general,2020-11-03,true,selected,,Only eligible LV question for this poll/round
538:2020:6281:69424:129306,538_archive,2020,MN,6281,69424,129306,2020-MN-ordinary-general,2020-MN-ordinary-general,2020-11-03,false,selected,,Only eligible LV question for this poll/round
538:2020:6284:69442:129340,538_archive,2020,NC,6284,69442,129340,2020-NC-ordinary-general,2020-NC-ordinary-general,2020-11-03,true,excluded,partisan_or_internal,
538:2020:6281:69416:129279,538_archive,2020,MN,6281,69416,129279,2020-MN-ordinary-general,2020-MN-ordinary-general,2020-11-03,false,selected,,Only eligible LV question for this poll/round
538:2020:6268:69429:129406,538_archive,2020,AZ,6268,69429,129406,2020-AZ-special-general,2020-AZ-special-general,2020-11-03,true,selected,,Only eligible LV question for this poll/round
538:2020:6284:69408:129263,538_archive,2020,NC,6284,69408,129263,2020-NC-ordinary-general,2020-NC-ordinary-general,2020-11-03,false,selected,,Only eligible LV question for this poll/round
538:2020:6289:68569:128392,538_archive,2020,OK,6289,68569,128392,2020-OK-ordinary-general,2020-OK-ordinary-general,2020-11-03,true,selected,,Only eligible LV question for this poll/round
538:2020:6284:68576:128403,538_archive,2020,NC,6284,68576,128403,2020-NC-ordinary-general,2020-NC-ordinary-general,2020-11-03,true,selected,,Only eligible LV question for this poll/round
538:2020:6280:68582:128416,538_archive,2020,MI,6280,68582,128416,2020-MI-ordinary-general,2020-MI-ordinary-general,2020-11-03,true,pending,contest_pending,
538:2020:6268:68584:128419,538_archive,2020,AZ,6268,68584,128419,2020-AZ-special-general,2020-AZ-special-general,2020-11-03,true,selected,,Only eligible LV question for this poll/round
538:2020:6287:68512:128266,538_archive,2020,NJ,6287,68512,128266,2020-NJ-ordinary-general,2020-NJ-ordinary-general,2020-11-03,false,pending,contest_pending,
538:2020:6281:68565:128383,538_archive,2020,MN,6281,68565,128383,2020-MN-ordinary-general,2020-MN-ordinary-general,2020-11-03,false,selected,,Only eligible LV question for this poll/round
538:2020:6279:69410:129267,538_archive,2020,ME,6279,69410,129267,2020-ME-ordinary-general,2020-ME-ordinary-general,2020-11-03,true,selected,,Only eligible LV question for this poll/round
538:2020:6296:69467:129385,538_archive,2020,VA,6296,69467,129385,2020-VA-ordinary-general,2020-VA-ordinary-general,2020-11-03,true,selected,,Only eligible LV question for this poll/round
538:2020:6268:68533:128359,538_archive,2020,AZ,6268,68533,128359,2020-AZ-special-general,2020-AZ-special-general,2020-11-03,true,selected,,Only eligible LV question for this poll/round
538:2020:6280:68535:128360,538_archive,2020,MI,6280,68535,128360,2020-MI-ordinary-general,2020-MI-ordinary-general,2020-11-03,false,pending,contest_pending,
538:2020:6284:68536:128361,538_archive,2020,NC,6284,68536,128361,2020-NC-ordinary-general,2020-NC-ordinary-general,2020-11-03,false,selected,,Only eligible LV question for this poll/round
538:2020:6283:68577:128413,538_archive,2020,MT,6283,68577,128413,2020-MT-ordinary-general,2020-MT-ordinary-general,2020-11-03,true,selected,,Only eligible LV question for this poll/round
538:2020:6279:68578:128414,538_archive,2020,ME,6279,68578,128414,2020-ME-ordinary-general,2020-ME-ordinary-general,2020-11-03,false,pending,ambiguous_question_preference,Multiple eligible questions; no unique full-ballot choice
538:2020:6279:68578:128582,538_archive,2020,ME,6279,68578,128582,2020-ME-ordinary-general,2020-ME-ordinary-general,2020-11-03,false,pending,ambiguous_question_preference,Multiple eligible questions; no unique full-ballot choice
538:2020:6269:68579:128415,538_archive,2020,CO,6269,68579,128415,2020-CO-ordinary-general,2020-CO-ordinary-general,2020-11-03,false,selected,,Only eligible LV question for this poll/round
538:2020:6271:68583:128417,538_archive,2020,GA,6271,68583,128417,2020-GA-ordinary-general,2020-GA-ordinary-general,2020-11-03,false,selected,,Only eligible LV question for this poll/round
538:2020:7780:68583:128418,538_archive,2020,GA,7780,68583,128418,2020-GA-special-first,2020-GA-special-first,2020-11-03,false,selected,,Only eligible LV question for this poll/round
538:2020:6272:68585:128420,538_archive,2020,IA,6272,68585,128420,2020-IA-ordinary-general,2020-IA-ordinary-general,2020-11-03,false,selected,,Only eligible LV question for this poll/round
538:2020:6281:68481:128201,538_archive,2020,MN,6281,68481,128201,2020-MN-ordinary-general,2020-MN-ordinary-general,2020-11-03,false,excluded,non_LV_population,
538:2020:6268:68520:128373,538_archive,2020,AZ,6268,68520,128373,2020-AZ-special-general,2020-AZ-special-general,2020-11-03,true,selected,,Only eligible LV question for this poll/round
538:2020:6280:68586:129233,538_archive,2020,MI,6280,68586,129233,2020-MI-ordinary-general,2020-MI-ordinary-general,2020-11-03,false,pending,contest_pending,
538:2020:6280:68477:128195,538_archive,2020,MI,6280,68477,128195,2020-MI-ordinary-general,2020-MI-ordinary-general,2020-11-03,false,excluded,non_LV_population;partisan_or_internal;contest_pending,
538:2020:6280:68527:128299,538_archive,2020,MI,6280,68527,128299,2020-MI-ordinary-general,2020-MI-ordinary-general,2020-11-03,false,pending,contest_pending,
538:2020:6280:68522:128374,538_archive,2020,MI,6280,68522,128374,2020-MI-ordinary-general,2020-MI-ordinary-general,2020-11-03,false,pending,contest_pending,
538:2020:6284:68523:128375,538_archive,2020,NC,6284,68523,128375,2020-NC-ordinary-general,2020-NC-ordinary-general,2020-11-03,false,selected,,Only eligible LV question for this poll/round
538:2020:6295:68513:128273,538_archive,2020,TX,6295,68513,128273,2020-TX-ordinary-general,2020-TX-ordinary-general,2020-11-03,false,excluded,non_LV_population;partisan_or_internal;contest_pending,
538:2020:6271:71754:134456,538_archive,2020,GA,6271,71754,134456,2020-GA-ordinary-general,2020-GA-ordinary-general,2020-11-03,false,excluded,partisan_or_internal,
538:2020:7780:71754:134457,538_archive,2020,GA,7780,71754,134457,2020-GA-special-first,2020-GA-special-first,2020-11-03,false,excluded,partisan_or_internal,
538:2020:6272:71755:134458,538_archive,2020,IA,6272,71755,134458,2020-IA-ordinary-general,2020-IA-ordinary-general,2020-11-03,false,excluded,partisan_or_internal,
538:2020:6280:71756:134459,538_archive,2020,MI,6280,71756,134459,2020-MI-ordinary-general,2020-MI-ordinary-general,2020-11-03,false,excluded,partisan_or_internal;contest_pending,
538:2020:6295:68492:128224,538_archive,2020,TX,6295,68492,128224,2020-TX-ordinary-general,2020-TX-ordinary-general,2020-11-03,true,excluded,non_LV_population;contest_pending,
538:2020:6295:68492:128225,538_archive,2020,TX,6295,68492,128225,2020-TX-ordinary-general,2020-TX-ordinary-general,2020-11-03,true,pending,contest_pending,
538:2020:6288:68491:128236,538_archive,2020,NM,6288,68491,128236,2020-NM-ordinary-general,2020-NM-ordinary-general,2020-11-03,true,selected,,Only eligible LV question for this poll/round
538:2020:6281:68460:128149,538_archive,2020,MN,6281,68460,128149,2020-MN-ordinary-general,2020-MN-ordinary-general,2020-11-03,false,excluded,partisan_or_internal,
538:2020:6268:68338:128022,538_archive,2020,AZ,6268,68338,128022,2020-AZ-special-general,2020-AZ-special-general,2020-11-03,true,excluded,non_LV_population,
538:2020:6268:68338:128023,538_archive,2020,AZ,6268,68338,128023,2020-AZ-special-general,2020-AZ-special-general,2020-11-03,true,selected,,Only eligible LV question for this poll/round
538:2020:6284:68339:128024,538_archive,2020,NC,6284,68339,128024,2020-NC-ordinary-general,2020-NC-ordinary-general,2020-11-03,true,excluded,non_LV_population,
538:2020:6284:68339:128025,538_archive,2020,NC,6284,68339,128025,2020-NC-ordinary-general,2020-NC-ordinary-general,2020-11-03,true,selected,,Only eligible LV question for this poll/round
538:2020:6284:68464:128161,538_archive,2020,NC,6284,68464,128161,2020-NC-ordinary-general,2020-NC-ordinary-general,2020-11-03,true,excluded,non_LV_population,
538:2020:6284:68464:128162,538_archive,2020,NC,6284,68464,128162,2020-NC-ordinary-general,2020-NC-ordinary-general,2020-11-03,false,pending,ambiguous_question_preference,Multiple eligible questions; no unique full-ballot choice
538:2020:6284:68464:128163,538_archive,2020,NC,6284,68464,128163,2020-NC-ordinary-general,2020-NC-ordinary-general,2020-11-03,false,pending,ambiguous_question_preference,Multiple eligible questions; no unique full-ballot choice
538:2020:6273:68502:128247,538_archive,2020,ID,6273,68502,128247,2020-ID-ordinary-general,2020-ID-ordinary-general,2020-11-03,false,selected,,Only eligible LV question for this poll/round
538:2020:6286:68334:128014,538_archive,2020,NH,6286,68334,128014,2020-NH-ordinary-general,2020-NH-ordinary-general,2020-11-03,true,selected,,Only eligible LV question for this poll/round
538:2020:6286:68334:128015,538_archive,2020,NH,6286,68334,128015,2020-NH-ordinary-general,2020-NH-ordinary-general,2020-11-03,false,excluded,confirmed_nonballot_candidate;question_missing_D_or_R_side,
538:2020:6269:69433:129321,538_archive,2020,CO,6269,69433,129321,2020-CO-ordinary-general,2020-CO-ordinary-general,2020-11-03,false,excluded,partisan_or_internal,
538:2020:6268:71753:134455,538_archive,2020,AZ,6268,71753,134455,2020-AZ-special-general,2020-AZ-special-general,2020-11-03,true,excluded,partisan_or_internal,
538:2020:6284:68307:127934,538_archive,2020,NC,6284,68307,127934,2020-NC-ordinary-general,2020-NC-ordinary-general,2020-11-03,false,selected,,Only eligible LV question for this poll/round
538:2020:6282:69580:129668,538_archive,2020,MS,6282,69580,129668,2020-MS-ordinary-general,2020-MS-ordinary-general,2020-11-03,false,selected,,Only eligible LV question for this poll/round
538:2020:6269:68291:128178,538_archive,2020,CO,6269,68291,128178,2020-CO-ordinary-general,2020-CO-ordinary-general,2020-11-03,false,selected,,Only eligible LV question for this poll/round
538:2020:6271:69469:129388,538_archive,2020,GA,6271,69469,129388,2020-GA-ordinary-general,2020-GA-ordinary-general,2020-11-03,true,excluded,non_LV_population;partisan_or_internal,
538:2020:7780:69469:129389,538_archive,2020,GA,7780,69469,129389,2020-GA-special-first,2020-GA-special-first,2020-11-03,false,excluded,non_LV_population;partisan_or_internal,
538:2020:6280:68306:127931,538_archive,2020,MI,6280,68306,127931,2020-MI-ordinary-general,2020-MI-ordinary-general,2020-11-03,false,excluded,non_LV_population;partisan_or_internal;contest_pending,
538:2020:6265:68266:127881,538_archive,2020,AK,6265,68266,127881,2020-AK-ordinary-general,2020-AK-ordinary-general,2020-11-03,false,excluded,non_LV_population;partisan_or_internal,
538:2020:6295:68480:128199,538_archive,2020,TX,6295,68480,128199,2020-TX-ordinary-general,2020-TX-ordinary-general,2020-11-03,false,pending,contest_pending,
538:2020:6295:69578:129667,538_archive,2020,TX,6295,69578,129667,2020-TX-ordinary-general,2020-TX-ordinary-general,2020-11-03,false,pending,contest_pending,
538:2020:6280:68206:127747,538_archive,2020,MI,6280,68206,127747,2020-MI-ordinary-general,2020-MI-ordinary-general,2020-11-03,false,pending,contest_pending,
538:2020:6284:68207:127748,538_archive,2020,NC,6284,68207,127748,2020-NC-ordinary-general,2020-NC-ordinary-general,2020-11-03,false,selected,,Only eligible LV question for this poll/round
538:2020:6284:68178:127698,538_archive,2020,NC,6284,68178,127698,2020-NC-ordinary-general,2020-NC-ordinary-general,2020-11-03,false,selected,,Only eligible LV question for this poll/round
538:2020:6280:68238:127827,538_archive,2020,MI,6280,68238,127827,2020-MI-ordinary-general,2020-MI-ordinary-general,2020-11-03,false,excluded,partisan_or_internal;contest_pending,
538:2020:6296:68212:127755,538_archive,2020,VA,6296,68212,127755,2020-VA-ordinary-general,2020-VA-ordinary-general,2020-11-03,true,selected,,Only eligible LV question for this poll/round
538:2020:6269:68200:127736,538_archive,2020,CO,6269,68200,127736,2020-CO-ordinary-general,2020-CO-ordinary-general,2020-11-03,false,excluded,non_LV_population;partisan_or_internal,
538:2020:6268:68153:127661,538_archive,2020,AZ,6268,68153,127661,2020-AZ-special-general,2020-AZ-special-general,2020-11-03,true,selected,,Only eligible LV question for this poll/round
538:2020:6280:68155:127662,538_archive,2020,MI,6280,68155,127662,2020-MI-ordinary-general,2020-MI-ordinary-general,2020-11-03,false,pending,contest_pending,
538:2020:6284:68156:127663,538_archive,2020,NC,6284,68156,127663,2020-NC-ordinary-general,2020-NC-ordinary-general,2020-11-03,false,selected,,Only eligible LV question for this poll/round
538:2020:6280:68483:128207,538_archive,2020,MI,6280,68483,128207,2020-MI-ordinary-general,2020-MI-ordinary-general,2020-11-03,false,excluded,partisan_or_internal;contest_pending,
538:2020:6279:68108:127571,538_archive,2020,ME,6279,68108,127571,2020-ME-ordinary-general,2020-ME-ordinary-general,2020-11-03,false,excluded,non_LV_population;partisan_or_internal,
538:2020:6271:68109:127572,538_archive,2020,GA,6271,68109,127572,2020-GA-ordinary-general,2020-GA-ordinary-general,2020-11-03,false,excluded,non_LV_population;partisan_or_internal,
538:2020:6272:68110:127573,538_archive,2020,IA,6272,68110,127573,2020-IA-ordinary-general,2020-IA-ordinary-general,2020-11-03,false,excluded,non_LV_population;partisan_or_internal,
538:2020:6284:68076:127506,538_archive,2020,NC,6284,68076,127506,2020-NC-ordinary-general,2020-NC-ordinary-general,2020-11-03,false,excluded,non_LV_population,
538:2020:6280:68101:127564,538_archive,2020,MI,6280,68101,127564,2020-MI-ordinary-general,2020-MI-ordinary-general,2020-11-03,false,excluded,non_LV_population;partisan_or_internal;contest_pending,
538:2020:6271:68122:127599,538_archive,2020,GA,6271,68122,127599,2020-GA-ordinary-general,2020-GA-ordinary-general,2020-11-03,false,excluded,partisan_or_internal,
538:2020:6295:68082:127527,538_archive,2020,TX,6295,68082,127527,2020-TX-ordinary-general,2020-TX-ordinary-general,2020-11-03,true,excluded,non_LV_population;contest_pending,
538:2020:6277:68124:132276,538_archive,2020,LA,6277,68124,132276,2020-LA-ordinary-first,2020-LA-ordinary-first,2020-11-03,false,excluded,partisan_or_internal,
538:2020:7787:68124:132277,538_archive,2020,LA,7787,68124,132277,,2020-LA-ordinary-runoff,,false,excluded,partisan_or_internal;unverified_round;missing_source_election_date;unresolved_poll_identity;question_missing_D_or_R_side,
538:2020:6281:67998:127326,538_archive,2020,MN,6281,67998,127326,2020-MN-ordinary-general,2020-MN-ordinary-general,2020-11-03,false,selected,,Only eligible LV question for this poll/round
538:2020:6268:68005:127356,538_archive,2020,AZ,6268,68005,127356,2020-AZ-special-general,2020-AZ-special-general,2020-11-03,true,selected,,Only eligible LV question for this poll/round
538:2020:6284:68006:127357,538_archive,2020,NC,6284,68006,127357,2020-NC-ordinary-general,2020-NC-ordinary-general,2020-11-03,false,selected,,Only eligible LV question for this poll/round
538:2020:6284:68051:127445,538_archive,2020,NC,6284,68051,127445,2020-NC-ordinary-general,2020-NC-ordinary-general,2020-11-03,true,selected,,Only eligible LV question for this poll/round
538:2020:6268:68011:127368,538_archive,2020,AZ,6268,68011,127368,2020-AZ-special-general,2020-AZ-special-general,2020-11-03,true,selected,,Only eligible LV question for this poll/round
538:2020:6280:68013:127369,538_archive,2020,MI,6280,68013,127369,2020-MI-ordinary-general,2020-MI-ordinary-general,2020-11-03,false,pending,contest_pending,
538:2020:6284:68014:127370,538_archive,2020,NC,6284,68014,127370,2020-NC-ordinary-general,2020-NC-ordinary-general,2020-11-03,false,selected,,Only eligible LV question for this poll/round
538:2020:6275:68032:127406,538_archive,2020,KS,6275,68032,127406,2020-KS-ordinary-general,2020-KS-ordinary-general,2020-11-03,false,selected,,Only eligible LV question for this poll/round
538:2020:6282:68045:127433,538_archive,2020,MS,6282,68045,127433,2020-MS-ordinary-general,2020-MS-ordinary-general,2020-11-03,true,excluded,partisan_or_internal,
538:2020:6279:68001:127346,538_archive,2020,ME,6279,68001,127346,2020-ME-ordinary-general,2020-ME-ordinary-general,2020-11-03,false,excluded,non_LV_population,
538:2020:6279:68001:127351,538_archive,2020,ME,6279,68001,127351,2020-ME-ordinary-general,2020-ME-ordinary-general,2020-11-03,false,selected,,Only eligible LV question for this poll/round
538:2020:6271:67996:127319,538_archive,2020,GA,6271,67996,127319,2020-GA-ordinary-general,2020-GA-ordinary-general,2020-11-03,false,selected,,Only eligible LV question for this poll/round
538:2020:7780:67996:127320,538_archive,2020,GA,7780,67996,127320,2020-GA-special-first,2020-GA-special-first,2020-11-03,false,selected,,Only eligible LV question for this poll/round
538:2020:6275:67956:127248,538_archive,2020,KS,6275,67956,127248,2020-KS-ordinary-general,2020-KS-ordinary-general,2020-11-03,false,excluded,non_LV_population;partisan_or_internal,
538:2020:6268:67973:127323,538_archive,2020,AZ,6268,67973,127323,2020-AZ-special-general,2020-AZ-special-general,2020-11-03,true,selected,,Only eligible LV question for this poll/round
538:2020:6268:68113:127581,538_archive,2020,AZ,6268,68113,127581,2020-AZ-special-general,2020-AZ-special-general,2020-11-03,true,excluded,partisan_or_internal,
538:2020:6272:67920:127157,538_archive,2020,IA,6272,67920,127157,2020-IA-ordinary-general,2020-IA-ordinary-general,2020-11-03,true,excluded,non_LV_population,
538:2020:6272:67920:127158,538_archive,2020,IA,6272,67920,127158,2020-IA-ordinary-general,2020-IA-ordinary-general,2020-11-03,true,pending,ambiguous_question_preference,Multiple eligible questions; no unique full-ballot choice
538:2020:6272:67920:127159,538_archive,2020,IA,6272,67920,127159,2020-IA-ordinary-general,2020-IA-ordinary-general,2020-11-03,true,pending,ambiguous_question_preference,Multiple eligible questions; no unique full-ballot choice
538:2020:6276:67947:127226,538_archive,2020,KY,6276,67947,127226,2020-KY-ordinary-general,2020-KY-ordinary-general,2020-11-03,false,excluded,non_LV_population;contest_pending,
538:2020:6279:67948:127227,538_archive,2020,ME,6279,67948,127227,2020-ME-ordinary-general,2020-ME-ordinary-general,2020-11-03,false,excluded,non_LV_population,
538:2020:6292:67951:127228,538_archive,2020,SC,6292,67951,127228,2020-SC-ordinary-general,2020-SC-ordinary-general,2020-11-03,false,excluded,non_LV_population,
538:2020:6283:67867:127065,538_archive,2020,MT,6283,67867,127065,2020-MT-ordinary-general,2020-MT-ordinary-general,2020-11-03,true,selected,,Only eligible LV question for this poll/round
538:2020:6279:67978:127291,538_archive,2020,ME,6279,67978,127291,2020-ME-ordinary-general,2020-ME-ordinary-general,2020-11-03,false,excluded,non_LV_population,
538:2020:6266:67879:127093,538_archive,2020,AL,6266,67879,127093,2020-AL-ordinary-general,2020-AL-ordinary-general,2020-11-03,true,selected,,Only eligible LV question for this poll/round
538:2020:6276:67880:127094,538_archive,2020,KY,6276,67880,127094,2020-KY-ordinary-general,2020-KY-ordinary-general,2020-11-03,false,pending,contest_pending,
538:2020:6292:67881:127095,538_archive,2020,SC,6292,67881,127095,2020-SC-ordinary-general,2020-SC-ordinary-general,2020-11-03,false,selected,,Only eligible LV question for this poll/round
538:2020:6295:67882:127096,538_archive,2020,TX,6295,67882,127096,2020-TX-ordinary-general,2020-TX-ordinary-general,2020-11-03,false,pending,contest_pending,
538:2020:6268:67934:127194,538_archive,2020,AZ,6268,67934,127194,2020-AZ-special-general,2020-AZ-special-general,2020-11-03,true,selected,,Only eligible LV question for this poll/round
538:2020:6272:67935:127195,538_archive,2020,IA,6272,67935,127195,2020-IA-ordinary-general,2020-IA-ordinary-general,2020-11-03,false,selected,,Only eligible LV question for this poll/round
538:2020:6279:67936:127196,538_archive,2020,ME,6279,67936,127196,2020-ME-ordinary-general,2020-ME-ordinary-general,2020-11-03,false,selected,,Only eligible LV question for this poll/round
538:2020:6284:67937:127197,538_archive,2020,NC,6284,67937,127197,2020-NC-ordinary-general,2020-NC-ordinary-general,2020-11-03,false,selected,,Only eligible LV question for this poll/round
538:2020:6284:67985:127306,538_archive,2020,NC,6284,67985,127306,2020-NC-ordinary-general,2020-NC-ordinary-general,2020-11-03,false,excluded,non_LV_population;partisan_or_internal,
538:2020:6292:68008:127358,538_archive,2020,SC,6292,68008,127358,2020-SC-ordinary-general,2020-SC-ordinary-general,2020-11-03,false,excluded,non_LV_population;partisan_or_internal,
538:2020:6284:67859:127046,538_archive,2020,NC,6284,67859,127046,2020-NC-ordinary-general,2020-NC-ordinary-general,2020-11-03,false,selected,,Only eligible LV question for this poll/round
538:2020:6271:67860:127047,538_archive,2020,GA,6271,67860,127047,2020-GA-ordinary-general,2020-GA-ordinary-general,2020-11-03,false,selected,,Only eligible LV question for this poll/round
538:2020:6271:67982:127299,538_archive,2020,GA,6271,67982,127299,2020-GA-ordinary-general,2020-GA-ordinary-general,2020-11-03,false,excluded,non_LV_population;partisan_or_internal,
538:2020:7780:67982:127300,538_archive,2020,GA,7780,67982,127300,2020-GA-special-first,2020-GA-special-first,2020-11-03,false,excluded,non_LV_population;partisan_or_internal,
538:2020:6284:67983:127301,538_archive,2020,NC,6284,67983,127301,2020-NC-ordinary-general,2020-NC-ordinary-general,2020-11-03,false,excluded,non_LV_population;partisan_or_internal,
538:2020:6289:67940:127201,538_archive,2020,OK,6289,67940,127201,2020-OK-ordinary-general,2020-OK-ordinary-general,2020-11-03,false,excluded,partisan_or_internal,
538:2020:6272:67954:127238,538_archive,2020,IA,6272,67954,127238,2020-IA-ordinary-general,2020-IA-ordinary-general,2020-11-03,false,excluded,non_LV_population,
538:2020:6280:67955:127243,538_archive,2020,MI,6280,67955,127243,2020-MI-ordinary-general,2020-MI-ordinary-general,2020-11-03,false,pending,contest_pending,
538:2020:6280:67875:127082,538_archive,2020,MI,6280,67875,127082,2020-MI-ordinary-general,2020-MI-ordinary-general,2020-11-03,false,excluded,non_LV_population;partisan_or_internal;contest_pending,
538:2020:6295:67883:127097,538_archive,2020,TX,6295,67883,127097,2020-TX-ordinary-general,2020-TX-ordinary-general,2020-11-03,false,excluded,partisan_or_internal;contest_pending,
538:2020:6276:67928:127179,538_archive,2020,KY,6276,67928,127179,2020-KY-ordinary-general,2020-KY-ordinary-general,2020-11-03,true,excluded,non_LV_population;partisan_or_internal;contest_pending,
538:2020:6286:67827:126957,538_archive,2020,NH,6286,67827,126957,2020-NH-ordinary-general,2020-NH-ordinary-general,2020-11-03,false,excluded,confirmed_nonballot_candidate;question_missing_D_or_R_side,
538:2020:6286:67827:126960,538_archive,2020,NH,6286,67827,126960,2020-NH-ordinary-general,2020-NH-ordinary-general,2020-11-03,false,selected,,Only eligible LV question for this poll/round
538:2020:6271:67821:126938,538_archive,2020,GA,6271,67821,126938,2020-GA-ordinary-general,2020-GA-ordinary-general,2020-11-03,true,excluded,non_LV_population,
538:2020:6271:67821:126939,538_archive,2020,GA,6271,67821,126939,2020-GA-ordinary-general,2020-GA-ordinary-general,2020-11-03,true,pending,ambiguous_question_preference,Multiple eligible questions; no unique full-ballot choice
538:2020:6271:67821:126940,538_archive,2020,GA,6271,67821,126940,2020-GA-ordinary-general,2020-GA-ordinary-general,2020-11-03,true,pending,ambiguous_question_preference,Multiple eligible questions; no unique full-ballot choice
538:2020:7780:67821:126941,538_archive,2020,GA,7780,67821,126941,2020-GA-special-first,2020-GA-special-first,2020-11-03,false,excluded,non_LV_population,
538:2020:7780:67821:129941,538_archive,2020,GA,7780,67821,129941,2020-GA-special-first,2020-GA-special-first,2020-11-03,false,pending,ambiguous_question_preference,Multiple eligible questions; no unique full-ballot choice
538:2020:7780:67821:129942,538_archive,2020,GA,7780,67821,129942,2020-GA-special-first,2020-GA-special-first,2020-11-03,false,pending,ambiguous_question_preference,Multiple eligible questions; no unique full-ballot choice
538:2020:6268:67808:126908,538_archive,2020,AZ,6268,67808,126908,2020-AZ-special-general,2020-AZ-special-general,2020-11-03,true,selected,,Only eligible LV question for this poll/round
538:2020:6280:67810:126909,538_archive,2020,MI,6280,67810,126909,2020-MI-ordinary-general,2020-MI-ordinary-general,2020-11-03,false,pending,contest_pending,
538:2020:6284:67811:126910,538_archive,2020,NC,6284,67811,126910,2020-NC-ordinary-general,2020-NC-ordinary-general,2020-11-03,false,selected,,Only eligible LV question for this poll/round
538:2020:6268:67685:126761,538_archive,2020,AZ,6268,67685,126761,2020-AZ-special-general,2020-AZ-special-general,2020-11-03,true,selected,,Only eligible LV question for this poll/round
538:2020:6269:67686:126762,538_archive,2020,CO,6269,67686,126762,2020-CO-ordinary-general,2020-CO-ordinary-general,2020-11-03,false,selected,,Only eligible LV question for this poll/round
538:2020:6271:67688:126763,538_archive,2020,GA,6271,67688,126763,2020-GA-ordinary-general,2020-GA-ordinary-general,2020-11-03,false,selected,,Only eligible LV question for this poll/round
538:2020:6280:67689:126764,538_archive,2020,MI,6280,67689,126764,2020-MI-ordinary-general,2020-MI-ordinary-general,2020-11-03,false,pending,contest_pending,
538:2020:6284:67691:126765,538_archive,2020,NC,6284,67691,126765,2020-NC-ordinary-general,2020-NC-ordinary-general,2020-11-03,false,selected,,Only eligible LV question for this poll/round
538:2020:6284:67834:126977,538_archive,2020,NC,6284,67834,126977,2020-NC-ordinary-general,2020-NC-ordinary-general,2020-11-03,true,selected,,Only eligible LV question for this poll/round
538:2020:6280:67842:126991,538_archive,2020,MI,6280,67842,126991,2020-MI-ordinary-general,2020-MI-ordinary-general,2020-11-03,false,pending,contest_pending,
538:2020:6268:67661:126667,538_archive,2020,AZ,6268,67661,126667,2020-AZ-special-general,2020-AZ-special-general,2020-11-03,true,excluded,non_LV_population,
538:2020:6280:67663:126668,538_archive,2020,MI,6280,67663,126668,2020-MI-ordinary-general,2020-MI-ordinary-general,2020-11-03,false,excluded,non_LV_population;contest_pending,
538:2020:6279:67790:126877,538_archive,2020,ME,6279,67790,126877,2020-ME-ordinary-general,2020-ME-ordinary-general,2020-11-03,false,selected,,Only eligible LV question for this poll/round
538:2020:6279:67653:126608,538_archive,2020,ME,6279,67653,126608,2020-ME-ordinary-general,2020-ME-ordinary-general,2020-11-03,false,excluded,non_LV_population;partisan_or_internal,
538:2020:6284:67654:126609,538_archive,2020,NC,6284,67654,126609,2020-NC-ordinary-general,2020-NC-ordinary-general,2020-11-03,false,excluded,non_LV_population;partisan_or_internal,
538:2020:6281:67851:127016,538_archive,2020,MN,6281,67851,127016,2020-MN-ordinary-general,2020-MN-ordinary-general,2020-11-03,false,excluded,non_LV_population;partisan_or_internal,
538:2020:6268:67838:126989,538_archive,2020,AZ,6268,67838,126989,2020-AZ-special-general,2020-AZ-special-general,2020-11-03,true,selected,,Only eligible LV question for this poll/round
538:2020:6280:67655:126611,538_archive,2020,MI,6280,67655,126611,2020-MI-ordinary-general,2020-MI-ordinary-general,2020-11-03,false,pending,contest_pending,
538:2020:6268:67652:126607,538_archive,2020,AZ,6268,67652,126607,2020-AZ-special-general,2020-AZ-special-general,2020-11-03,true,excluded,non_LV_population;partisan_or_internal,
538:2020:6268:67665:126672,538_archive,2020,AZ,6268,67665,126672,2020-AZ-special-general,2020-AZ-special-general,2020-11-03,true,excluded,non_LV_population,
538:2020:6284:67669:126682,538_archive,2020,NC,6284,67669,126682,2020-NC-ordinary-general,2020-NC-ordinary-general,2020-11-03,false,excluded,non_LV_population,
538:2020:6280:67830:126963,538_archive,2020,MI,6280,67830,126963,2020-MI-ordinary-general,2020-MI-ordinary-general,2020-11-03,false,pending,contest_pending,
538:2020:6284:67839:126990,538_archive,2020,NC,6284,67839,126990,2020-NC-ordinary-general,2020-NC-ordinary-general,2020-11-03,false,selected,,Only eligible LV question for this poll/round
538:2020:6280:67645:126564,538_archive,2020,MI,6280,67645,126564,2020-MI-ordinary-general,2020-MI-ordinary-general,2020-11-03,false,excluded,non_LV_population;contest_pending,
538:2020:6295:67617:126514,538_archive,2020,TX,6295,67617,126514,2020-TX-ordinary-general,2020-TX-ordinary-general,2020-11-03,false,excluded,non_LV_population;contest_pending,
538:2020:6295:67629:126539,538_archive,2020,TX,6295,67629,126539,2020-TX-ordinary-general,2020-TX-ordinary-general,2020-11-03,false,excluded,partisan_or_internal;contest_pending,
538:2020:6292:67684:126744,538_archive,2020,SC,6292,67684,126744,2020-SC-ordinary-general,2020-SC-ordinary-general,2020-11-03,false,excluded,partisan_or_internal,
538:2020:6292:67677:126708,538_archive,2020,SC,6292,67677,126708,2020-SC-ordinary-general,2020-SC-ordinary-general,2020-11-03,false,excluded,partisan_or_internal;unresolved_poll_identity;unresolved_poll_side,
538:2020:6292:67578:126434,538_archive,2020,SC,6292,67578,126434,2020-SC-ordinary-general,2020-SC-ordinary-general,2020-11-03,false,selected,,Only eligible LV question for this poll/round
538:2020:6280:67906:127132,538_archive,2020,MI,6280,67906,127132,2020-MI-ordinary-general,2020-MI-ordinary-general,2020-11-03,false,excluded,partisan_or_internal;contest_pending,
538:2020:6284:67627:126538,538_archive,2020,NC,6284,67627,126538,2020-NC-ordinary-general,2020-NC-ordinary-general,2020-11-03,false,excluded,partisan_or_internal,
538:2020:6268:67621:126531,538_archive,2020,AZ,6268,67621,126531,2020-AZ-special-general,2020-AZ-special-general,2020-11-03,true,excluded,partisan_or_internal,
538:2020:6271:67622:126532,538_archive,2020,GA,6271,67622,126532,2020-GA-ordinary-general,2020-GA-ordinary-general,2020-11-03,false,excluded,partisan_or_internal,
538:2020:7780:67622:126533,538_archive,2020,GA,7780,67622,126533,2020-GA-special-first,2020-GA-special-first,2020-11-03,false,excluded,partisan_or_internal,
538:2020:6272:67623:126534,538_archive,2020,IA,6272,67623,126534,2020-IA-ordinary-general,2020-IA-ordinary-general,2020-11-03,false,excluded,partisan_or_internal,
538:2020:6276:67624:126535,538_archive,2020,KY,6276,67624,126535,2020-KY-ordinary-general,2020-KY-ordinary-general,2020-11-03,false,excluded,partisan_or_internal;contest_pending,
538:2020:6280:67625:126536,538_archive,2020,MI,6280,67625,126536,2020-MI-ordinary-general,2020-MI-ordinary-general,2020-11-03,false,excluded,partisan_or_internal;contest_pending,
538:2020:6283:67626:126537,538_archive,2020,MT,6283,67626,126537,2020-MT-ordinary-general,2020-MT-ordinary-general,2020-11-03,true,excluded,partisan_or_internal,
538:2020:6284:67586:126455,538_archive,2020,NC,6284,67586,126455,2020-NC-ordinary-general,2020-NC-ordinary-general,2020-11-03,true,selected,,Only eligible LV question for this poll/round
538:2020:6271:67616:126509,538_archive,2020,GA,6271,67616,126509,2020-GA-ordinary-general,2020-GA-ordinary-general,2020-11-03,false,excluded,partisan_or_internal,
538:2020:6283:67079:125337,538_archive,2020,MT,6283,67079,125337,2020-MT-ordinary-general,2020-MT-ordinary-general,2020-11-03,true,excluded,non_LV_population,
538:2020:6268:67087:125356,538_archive,2020,AZ,6268,67087,125356,2020-AZ-special-general,2020-AZ-special-general,2020-11-03,true,selected,,Only eligible LV question for this poll/round
538:2020:6280:67089:125358,538_archive,2020,MI,6280,67089,125358,2020-MI-ordinary-general,2020-MI-ordinary-general,2020-11-03,false,pending,contest_pending,
538:2020:6284:67090:125359,538_archive,2020,NC,6284,67090,125359,2020-NC-ordinary-general,2020-NC-ordinary-general,2020-11-03,false,selected,,Only eligible LV question for this poll/round
538:2020:6276:67116:125422,538_archive,2020,KY,6276,67116,125422,2020-KY-ordinary-general,2020-KY-ordinary-general,2020-11-03,true,excluded,partisan_or_internal;contest_pending,
538:2020:6283:67067:125315,538_archive,2020,MT,6283,67067,125315,2020-MT-ordinary-general,2020-MT-ordinary-general,2020-11-03,true,excluded,non_LV_population,
538:2020:6280:67579:126436,538_archive,2020,MI,6280,67579,126436,2020-MI-ordinary-general,2020-MI-ordinary-general,2020-11-03,false,excluded,non_LV_population;partisan_or_internal;contest_pending,
538:2020:6268:67055:125292,538_archive,2020,AZ,6268,67055,125292,2020-AZ-special-general,2020-AZ-special-general,2020-11-03,true,selected,,Only eligible LV question for this poll/round
538:2020:6295:67057:125293,538_archive,2020,TX,6295,67057,125293,2020-TX-ordinary-general,2020-TX-ordinary-general,2020-11-03,false,pending,contest_pending,
538:2020:6295:67057:125294,538_archive,2020,TX,6295,67057,125294,2020-TX-ordinary-general,2020-TX-ordinary-general,2020-11-03,false,excluded,confirmed_nonballot_candidate;contest_pending;question_missing_D_or_R_side,
538:2020:7780:69574:129657,538_archive,2020,GA,7780,69574,129657,2020-GA-special-first,2020-GA-special-first,2020-11-03,false,excluded,partisan_or_internal,
538:2020:6266:67048:125275,538_archive,2020,AL,6266,67048,125275,2020-AL-ordinary-general,2020-AL-ordinary-general,2020-11-03,false,excluded,non_LV_population;confirmed_nonballot_candidate;question_missing_D_or_R_side,
538:2020:6266:67048:125276,538_archive,2020,AL,6266,67048,125276,2020-AL-ordinary-general,2020-AL-ordinary-general,2020-11-03,true,excluded,non_LV_population,
538:2020:6265:67028:125246,538_archive,2020,AK,6265,67028,125246,2020-AK-ordinary-general,2020-AK-ordinary-general,2020-11-03,false,excluded,non_LV_population,
538:2020:6284:67044:125268,538_archive,2020,NC,6284,67044,125268,2020-NC-ordinary-general,2020-NC-ordinary-general,2020-11-03,false,excluded,non_LV_population,
538:2020:7780:67082:125343,538_archive,2020,GA,7780,67082,125343,2020-GA-special-first,2020-GA-special-first,2020-11-03,false,excluded,partisan_or_internal,
538:2020:6268:67078:125334,538_archive,2020,AZ,6268,67078,125334,2020-AZ-special-general,2020-AZ-special-general,2020-11-03,true,selected,,Only eligible LV question for this poll/round
538:2020:6295:67054:125285,538_archive,2020,TX,6295,67054,125285,2020-TX-ordinary-general,2020-TX-ordinary-general,2020-11-03,false,excluded,non_LV_population;contest_pending,
538:2020:6295:67054:125286,538_archive,2020,TX,6295,67054,125286,2020-TX-ordinary-general,2020-TX-ordinary-general,2020-11-03,false,pending,contest_pending,
538:2020:6295:67054:125287,538_archive,2020,TX,6295,67054,125287,2020-TX-ordinary-general,2020-TX-ordinary-general,2020-11-03,false,excluded,non_LV_population;confirmed_nonballot_candidate;contest_pending;question_missing_D_or_R_side,
538:2020:6295:67054:125288,538_archive,2020,TX,6295,67054,125288,2020-TX-ordinary-general,2020-TX-ordinary-general,2020-11-03,false,excluded,confirmed_nonballot_candidate;contest_pending;question_missing_D_or_R_side,
538:2020:6265:67577:126432,538_archive,2020,AK,6265,67577,126432,2020-AK-ordinary-general,2020-AK-ordinary-general,2020-11-03,false,selected,,Only eligible LV question for this poll/round
538:2020:6279:66994:125130,538_archive,2020,ME,6279,66994,125130,2020-ME-ordinary-general,2020-ME-ordinary-general,2020-11-03,false,excluded,non_LV_population,
538:2020:6271:67060:125298,538_archive,2020,GA,6271,67060,125298,2020-GA-ordinary-general,2020-GA-ordinary-general,2020-11-03,false,excluded,partisan_or_internal,
538:2020:7780:67060:125299,538_archive,2020,GA,7780,67060,125299,2020-GA-special-first,2020-GA-special-first,2020-11-03,false,excluded,partisan_or_internal,
538:2020:7781:67060:125300,538_archive,2020,GA,7781,67060,125300,2020-GA-special-runoff,2020-GA-special-runoff,2021-01-05,true,excluded,partisan_or_internal;contest_pending,
538:2020:7781:67060:125301,538_archive,2020,GA,7781,67060,125301,2020-GA-special-runoff,2020-GA-special-runoff,2021-01-05,false,excluded,partisan_or_internal;confirmed_nonballot_candidate;contest_pending;question_missing_D_or_R_side,
538:2020:7781:67060:125302,538_archive,2020,GA,7781,67060,125302,2020-GA-special-runoff,2020-GA-special-runoff,2021-01-05,false,excluded,partisan_or_internal;confirmed_nonballot_candidate;contest_pending;question_missing_D_or_R_side,
538:2020:7781:67060:125303,538_archive,2020,GA,7781,67060,125303,2020-GA-special-runoff,2020-GA-special-runoff,2021-01-05,false,excluded,partisan_or_internal;confirmed_nonballot_candidate;contest_pending;question_missing_D_or_R_side,
538:2020:7781:67060:125304,538_archive,2020,GA,7781,67060,125304,2020-GA-special-runoff,2020-GA-special-runoff,2021-01-05,false,excluded,partisan_or_internal;confirmed_nonballot_candidate;contest_pending;question_missing_D_or_R_side,
538:2020:6266:67076:125332,538_archive,2020,AL,6266,67076,125332,2020-AL-ordinary-general,2020-AL-ordinary-general,2020-11-03,true,excluded,partisan_or_internal,
538:2020:6269:66973:125079,538_archive,2020,CO,6269,66973,125079,2020-CO-ordinary-general,2020-CO-ordinary-general,2020-11-03,false,excluded,non_LV_population;partisan_or_internal,
538:2020:6268:66969:125070,538_archive,2020,AZ,6268,66969,125070,2020-AZ-special-general,2020-AZ-special-general,2020-11-03,true,selected,,Only eligible LV question for this poll/round
538:2020:6268:66956:125035,538_archive,2020,AZ,6268,66956,125035,2020-AZ-special-general,2020-AZ-special-general,2020-11-03,true,selected,,Only eligible LV question for this poll/round
538:2020:6280:66958:125036,538_archive,2020,MI,6280,66958,125036,2020-MI-ordinary-general,2020-MI-ordinary-general,2020-11-03,false,pending,contest_pending,
538:2020:6284:66959:125037,538_archive,2020,NC,6284,66959,125037,2020-NC-ordinary-general,2020-NC-ordinary-general,2020-11-03,false,selected,,Only eligible LV question for this poll/round
538:2020:6272:67003:125194,538_archive,2020,IA,6272,67003,125194,2020-IA-ordinary-general,2020-IA-ordinary-general,2020-11-03,false,excluded,partisan_or_internal,
538:2020:6268:66976:125094,538_archive,2020,AZ,6268,66976,125094,2020-AZ-special-general,2020-AZ-special-general,2020-11-03,true,excluded,partisan_or_internal,
538:2020:6280:66975:125092,538_archive,2020,MI,6280,66975,125092,2020-MI-ordinary-general,2020-MI-ordinary-general,2020-11-03,false,excluded,non_LV_population;partisan_or_internal;contest_pending,
538:2020:7780:66933:124983,538_archive,2020,GA,7780,66933,124983,2020-GA-special-first,2020-GA-special-first,2020-11-03,false,excluded,non_LV_population;partisan_or_internal,
538:2020:7781:66933:124984,538_archive,2020,GA,7781,66933,124984,2020-GA-special-runoff,2020-GA-special-runoff,2021-01-05,false,excluded,non_LV_population;partisan_or_internal;confirmed_nonballot_candidate;contest_pending;question_missing_D_or_R_side,
538:2020:7781:66933:124985,538_archive,2020,GA,7781,66933,124985,2020-GA-special-runoff,2020-GA-special-runoff,2021-01-05,true,excluded,non_LV_population;partisan_or_internal;contest_pending,
538:2020:6283:66978:125100,538_archive,2020,MT,6283,66978,125100,2020-MT-ordinary-general,2020-MT-ordinary-general,2020-11-03,true,excluded,non_LV_population,
538:2020:6295:66979:125103,538_archive,2020,TX,6295,66979,125103,2020-TX-ordinary-general,2020-TX-ordinary-general,2020-11-03,false,excluded,non_LV_population;partisan_or_internal;contest_pending,
538:2020:6284:66953:125024,538_archive,2020,NC,6284,66953,125024,2020-NC-ordinary-general,2020-NC-ordinary-general,2020-11-03,false,excluded,non_LV_population,
538:2020:6279:66980:125104,538_archive,2020,ME,6279,66980,125104,2020-ME-ordinary-general,2020-ME-ordinary-general,2020-11-03,true,excluded,non_LV_population;partisan_or_internal,
538:2020:6268:67007:125198,538_archive,2020,AZ,6268,67007,125198,2020-AZ-special-general,2020-AZ-special-general,2020-11-03,true,excluded,partisan_or_internal,
538:2020:6284:66888:124882,538_archive,2020,NC,6284,66888,124882,2020-NC-ordinary-general,2020-NC-ordinary-general,2020-11-03,false,excluded,non_LV_population,
538:2020:6271:66917:124957,538_archive,2020,GA,6271,66917,124957,2020-GA-ordinary-general,2020-GA-ordinary-general,2020-11-03,false,excluded,non_LV_population,
538:2020:6284:66918:124958,538_archive,2020,NC,6284,66918,124958,2020-NC-ordinary-general,2020-NC-ordinary-general,2020-11-03,true,excluded,non_LV_population,
538:2020:6295:66919:124959,538_archive,2020,TX,6295,66919,124959,2020-TX-ordinary-general,2020-TX-ordinary-general,2020-11-03,false,excluded,non_LV_population;contest_pending,
538:2020:6295:66919:124960,538_archive,2020,TX,6295,66919,124960,2020-TX-ordinary-general,2020-TX-ordinary-general,2020-11-03,false,excluded,non_LV_population;confirmed_nonballot_candidate;contest_pending;question_missing_D_or_R_side,
538:2020:6268:67026:125242,538_archive,2020,AZ,6268,67026,125242,2020-AZ-special-general,2020-AZ-special-general,2020-11-03,true,excluded,partisan_or_internal,
538:2020:6268:67026:125243,538_archive,2020,AZ,6268,67026,125243,2020-AZ-special-general,2020-AZ-special-general,2020-11-03,false,excluded,partisan_or_internal;confirmed_nonballot_candidate;question_missing_D_or_R_side,
538:2020:7780:67964:127268,538_archive,2020,GA,7780,67964,127268,2020-GA-special-first,2020-GA-special-first,2020-11-03,false,excluded,partisan_or_internal,
538:2020:6266:66927:124970,538_archive,2020,AL,6266,66927,124970,2020-AL-ordinary-general,2020-AL-ordinary-general,2020-11-03,false,excluded,partisan_or_internal;confirmed_nonballot_candidate;question_missing_D_or_R_side,
538:2020:6266:66927:124971,538_archive,2020,AL,6266,66927,124971,2020-AL-ordinary-general,2020-AL-ordinary-general,2020-11-03,true,excluded,partisan_or_internal,
538:2020:6286:67828:126958,538_archive,2020,NH,6286,67828,126958,2020-NH-ordinary-general,2020-NH-ordinary-general,2020-11-03,false,excluded,confirmed_nonballot_candidate;question_missing_D_or_R_side,
538:2020:6286:67828:126961,538_archive,2020,NH,6286,67828,126961,2020-NH-ordinary-general,2020-NH-ordinary-general,2020-11-03,false,selected,,Only eligible LV question for this poll/round
538:2020:6280:66902:124922,538_archive,2020,MI,6280,66902,124922,2020-MI-ordinary-general,2020-MI-ordinary-general,2020-11-03,false,excluded,partisan_or_internal;contest_pending,
538:2020:6284:66895:124903,538_archive,2020,NC,6284,66895,124903,2020-NC-ordinary-general,2020-NC-ordinary-general,2020-11-03,false,excluded,non_LV_population,
538:2020:6284:66855:124783,538_archive,2020,NC,6284,66855,124783,2020-NC-ordinary-general,2020-NC-ordinary-general,2020-11-03,false,excluded,non_LV_population;partisan_or_internal,
538:2020:6268:66904:124938,538_archive,2020,AZ,6268,66904,124938,2020-AZ-special-general,2020-AZ-special-general,2020-11-03,true,selected,,Only eligible LV question for this poll/round
538:2020:6284:66905:124939,538_archive,2020,NC,6284,66905,124939,2020-NC-ordinary-general,2020-NC-ordinary-general,2020-11-03,false,selected,,Only eligible LV question for this poll/round
538:2020:6280:66894:124902,538_archive,2020,MI,6280,66894,124902,2020-MI-ordinary-general,2020-MI-ordinary-general,2020-11-03,false,excluded,non_LV_population;contest_pending,
538:2020:6280:66908:124940,538_archive,2020,MI,6280,66908,124940,2020-MI-ordinary-general,2020-MI-ordinary-general,2020-11-03,false,pending,contest_pending,
538:2020:6266:66866:124796,538_archive,2020,AL,6266,66866,124796,2020-AL-ordinary-general,2020-AL-ordinary-general,2020-11-03,false,excluded,confirmed_nonballot_candidate;unresolved_poll_identity;unresolved_poll_side;question_missing_D_or_R_side,
538:2020:6266:66866:124797,538_archive,2020,AL,6266,66866,124797,2020-AL-ordinary-general,2020-AL-ordinary-general,2020-11-03,false,pending,unresolved_poll_identity;unresolved_poll_side,
538:2020:6268:66892:124901,538_archive,2020,AZ,6268,66892,124901,2020-AZ-special-general,2020-AZ-special-general,2020-11-03,true,excluded,non_LV_population,
538:2020:6268:66820:124693,538_archive,2020,AZ,6268,66820,124693,2020-AZ-special-general,2020-AZ-special-general,2020-11-03,true,excluded,non_LV_population,
538:2020:6276:66846:124746,538_archive,2020,KY,6276,66846,124746,2020-KY-ordinary-general,2020-KY-ordinary-general,2020-11-03,true,excluded,non_LV_population;contest_pending,
538:2020:6276:66846:124747,538_archive,2020,KY,6276,66846,124747,2020-KY-ordinary-general,2020-KY-ordinary-general,2020-11-03,false,excluded,non_LV_population;confirmed_nonballot_candidate;contest_pending;question_missing_D_or_R_side,
538:2020:6280:66823:124700,538_archive,2020,MI,6280,66823,124700,2020-MI-ordinary-general,2020-MI-ordinary-general,2020-11-03,false,pending,contest_pending,
538:2020:6288:66817:124680,538_archive,2020,NM,6288,66817,124680,2020-NM-ordinary-general,2020-NM-ordinary-general,2020-11-03,false,excluded,non_LV_population,
538:2020:6271:66824:124702,538_archive,2020,GA,6271,66824,124702,2020-GA-ordinary-general,2020-GA-ordinary-general,2020-11-03,false,excluded,non_LV_population;partisan_or_internal,
538:2020:6280:66818:124685,538_archive,2020,MI,6280,66818,124685,2020-MI-ordinary-general,2020-MI-ordinary-general,2020-11-03,false,excluded,non_LV_population;contest_pending,
538:2020:6272:66796:124636,538_archive,2020,IA,6272,66796,124636,2020-IA-ordinary-general,2020-IA-ordinary-general,2020-11-03,false,selected,,Only eligible LV question for this poll/round
538:2020:6272:66767:124570,538_archive,2020,IA,6272,66767,124570,2020-IA-ordinary-general,2020-IA-ordinary-general,2020-11-03,false,excluded,non_LV_population,
538:2020:6280:66769:124575,538_archive,2020,MI,6280,66769,124575,2020-MI-ordinary-general,2020-MI-ordinary-general,2020-11-03,false,pending,contest_pending,
538:2020:6272:66740:124512,538_archive,2020,IA,6272,66740,124512,2020-IA-ordinary-general,2020-IA-ordinary-general,2020-11-03,false,excluded,non_LV_population;partisan_or_internal,
538:2020:6284:66729:124484,538_archive,2020,NC,6284,66729,124484,2020-NC-ordinary-general,2020-NC-ordinary-general,2020-11-03,false,excluded,non_LV_population,
538:2020:6280:66748:124529,538_archive,2020,MI,6280,66748,124529,2020-MI-ordinary-general,2020-MI-ordinary-general,2020-11-03,false,pending,contest_pending,
538:2020:6268:66724:124472,538_archive,2020,AZ,6268,66724,124472,2020-AZ-special-general,2020-AZ-special-general,2020-11-03,true,excluded,non_LV_population,
538:2020:6275:66701:124410,538_archive,2020,KS,6275,66701,124410,2020-KS-ordinary-general,2020-KS-ordinary-general,2020-11-03,false,excluded,non_LV_population;confirmed_nonballot_candidate;question_missing_D_or_R_side,
538:2020:6275:66701:124411,538_archive,2020,KS,6275,66701,124411,2020-KS-ordinary-general,2020-KS-ordinary-general,2020-11-03,false,excluded,non_LV_population,
538:2020:6275:66701:124412,538_archive,2020,KS,6275,66701,124412,2020-KS-ordinary-general,2020-KS-ordinary-general,2020-11-03,false,excluded,non_LV_population;confirmed_nonballot_candidate;question_missing_D_or_R_side,
538:2020:6280:66695:124394,538_archive,2020,MI,6280,66695,124394,2020-MI-ordinary-general,2020-MI-ordinary-general,2020-11-03,false,excluded,non_LV_population;partisan_or_internal;contest_pending,
538:2020:6282:66780:124602,538_archive,2020,MS,6282,66780,124602,2020-MS-ordinary-general,2020-MS-ordinary-general,2020-11-03,false,excluded,non_LV_population;partisan_or_internal,
538:2020:6284:66721:124460,538_archive,2020,NC,6284,66721,124460,2020-NC-ordinary-general,2020-NC-ordinary-general,2020-11-03,true,selected,,Only eligible LV question for this poll/round
538:2020:6281:68473:128190,538_archive,2020,MN,6281,68473,128190,2020-MN-ordinary-general,2020-MN-ordinary-general,2020-11-03,false,excluded,partisan_or_internal,
538:2020:6292:66546:124016,538_archive,2020,SC,6292,66546,124016,2020-SC-ordinary-general,2020-SC-ordinary-general,2020-11-03,false,excluded,non_LV_population,
538:2020:6276:66765:124565,538_archive,2020,KY,6276,66765,124565,2020-KY-ordinary-general,2020-KY-ordinary-general,2020-11-03,false,excluded,non_LV_population;contest_pending,
538:2020:6268:66530:123994,538_archive,2020,AZ,6268,66530,123994,2020-AZ-special-general,2020-AZ-special-general,2020-11-03,true,selected,,Only eligible LV question for this poll/round
538:2020:6284:66509:123938,538_archive,2020,NC,6284,66509,123938,2020-NC-ordinary-general,2020-NC-ordinary-general,2020-11-03,false,selected,,Only eligible LV question for this poll/round
538:2020:6275:66556:124037,538_archive,2020,KS,6275,66556,124037,2020-KS-ordinary-general,2020-KS-ordinary-general,2020-11-03,false,excluded,partisan_or_internal;confirmed_nonballot_candidate;question_missing_D_or_R_side,
538:2020:6275:66556:124038,538_archive,2020,KS,6275,66556,124038,2020-KS-ordinary-general,2020-KS-ordinary-general,2020-11-03,false,excluded,partisan_or_internal,
538:2020:6271:66312:123442,538_archive,2020,GA,6271,66312,123442,2020-GA-ordinary-general,2020-GA-ordinary-general,2020-11-03,false,excluded,non_LV_population;confirmed_nonballot_candidate;question_missing_D_or_R_side,
538:2020:6271:66312:123443,538_archive,2020,GA,6271,66312,123443,2020-GA-ordinary-general,2020-GA-ordinary-general,2020-11-03,false,excluded,non_LV_population;confirmed_nonballot_candidate;question_missing_D_or_R_side,
538:2020:6271:66312:123444,538_archive,2020,GA,6271,66312,123444,2020-GA-ordinary-general,2020-GA-ordinary-general,2020-11-03,false,excluded,non_LV_population,
538:2020:7780:66312:123445,538_archive,2020,GA,7780,66312,123445,2020-GA-special-first,2020-GA-special-first,2020-11-03,false,excluded,non_LV_population,
538:2020:7781:66312:123446,538_archive,2020,GA,7781,66312,123446,2020-GA-special-runoff,2020-GA-special-runoff,2021-01-05,false,excluded,non_LV_population;confirmed_nonballot_candidate;contest_pending;question_missing_D_or_R_side,
538:2020:7781:66312:123447,538_archive,2020,GA,7781,66312,123447,2020-GA-special-runoff,2020-GA-special-runoff,2021-01-05,false,excluded,non_LV_population;confirmed_nonballot_candidate;contest_pending;question_missing_D_or_R_side,
538:2020:7781:66312:123448,538_archive,2020,GA,7781,66312,123448,2020-GA-special-runoff,2020-GA-special-runoff,2021-01-05,true,excluded,non_LV_population;contest_pending,
538:2020:7781:66312:123449,538_archive,2020,GA,7781,66312,123449,2020-GA-special-runoff,2020-GA-special-runoff,2021-01-05,false,excluded,non_LV_population;confirmed_nonballot_candidate;contest_pending;question_missing_D_or_R_side,
538:2020:7781:66312:123450,538_archive,2020,GA,7781,66312,123450,2020-GA-special-runoff,2020-GA-special-runoff,2021-01-05,false,excluded,non_LV_population;confirmed_nonballot_candidate;contest_pending;question_missing_D_or_R_side,
538:2020:7781:66312:123451,538_archive,2020,GA,7781,66312,123451,2020-GA-special-runoff,2020-GA-special-runoff,2021-01-05,false,excluded,non_LV_population;confirmed_nonballot_candidate;contest_pending;question_missing_D_or_R_side,
538:2020:6266:66864:124793,538_archive,2020,AL,6266,66864,124793,2020-AL-ordinary-general,2020-AL-ordinary-general,2020-11-03,true,excluded,partisan_or_internal,
538:2020:6286:67829:126959,538_archive,2020,NH,6286,67829,126959,2020-NH-ordinary-general,2020-NH-ordinary-general,2020-11-03,false,excluded,confirmed_nonballot_candidate;question_missing_D_or_R_side,
538:2020:6286:67829:126962,538_archive,2020,NH,6286,67829,126962,2020-NH-ordinary-general,2020-NH-ordinary-general,2020-11-03,false,selected,,Only eligible LV question for this poll/round
538:2020:6279:66552:124029,538_archive,2020,ME,6279,66552,124029,2020-ME-ordinary-general,2020-ME-ordinary-general,2020-11-03,false,excluded,partisan_or_internal,
538:2020:6279:66552:124030,538_archive,2020,ME,6279,66552,124030,2020-ME-ordinary-general,2020-ME-ordinary-general,2020-11-03,false,excluded,partisan_or_internal;confirmed_nonballot_candidate;question_missing_D_or_R_side,
538:2020:6280:66406:123716,538_archive,2020,MI,6280,66406,123716,2020-MI-ordinary-general,2020-MI-ordinary-general,2020-11-03,false,pending,contest_pending,
538:2020:6271:66290:123394,538_archive,2020,GA,6271,66290,123394,2020-GA-ordinary-general,2020-GA-ordinary-general,2020-11-03,false,excluded,partisan_or_internal,
538:2020:6284:66529:123977,538_archive,2020,NC,6284,66529,123977,2020-NC-ordinary-general,2020-NC-ordinary-general,2020-11-03,false,excluded,non_LV_population;partisan_or_internal,
538:2020:6268:66309:123440,538_archive,2020,AZ,6268,66309,123440,2020-AZ-special-general,2020-AZ-special-general,2020-11-03,true,selected,,Only eligible LV question for this poll/round
538:2020:6272:66285:123386,538_archive,2020,IA,6272,66285,123386,2020-IA-ordinary-general,2020-IA-ordinary-general,2020-11-03,false,excluded,partisan_or_internal;confirmed_nonballot_candidate;question_missing_D_or_R_side,
538:2020:6284:66289:123392,538_archive,2020,NC,6284,66289,123392,2020-NC-ordinary-general,2020-NC-ordinary-general,2020-11-03,false,excluded,non_LV_population,
538:2020:6271:66267:123327,538_archive,2020,GA,6271,66267,123327,2020-GA-ordinary-general,2020-GA-ordinary-general,2020-11-03,true,excluded,partisan_or_internal,
538:2020:7780:66267:123328,538_archive,2020,GA,7780,66267,123328,2020-GA-special-first,2020-GA-special-first,2020-11-03,false,excluded,partisan_or_internal,
538:2020:6282:66275:123355,538_archive,2020,MS,6282,66275,123355,2020-MS-ordinary-general,2020-MS-ordinary-general,2020-11-03,true,selected,,Only eligible LV question for this poll/round
538:2020:6280:66400:123704,538_archive,2020,MI,6280,66400,123704,2020-MI-ordinary-general,2020-MI-ordinary-general,2020-11-03,false,excluded,partisan_or_internal;contest_pending,
538:2020:6284:66073:122726,538_archive,2020,NC,6284,66073,122726,2020-NC-ordinary-general,2020-NC-ordinary-general,2020-11-03,false,excluded,non_LV_population,
538:2020:6269:66140:122925,538_archive,2020,CO,6269,66140,122925,2020-CO-ordinary-general,2020-CO-ordinary-general,2020-11-03,false,selected,,Only eligible LV question for this poll/round
538:2020:6272:66047:122516,538_archive,2020,IA,6272,66047,122516,2020-IA-ordinary-general,2020-IA-ordinary-general,2020-11-03,false,excluded,non_LV_population,
538:2020:6280:66008:122309,538_archive,2020,MI,6280,66008,122309,2020-MI-ordinary-general,2020-MI-ordinary-general,2020-11-03,false,excluded,non_LV_population;partisan_or_internal;contest_pending,
538:2020:6284:66024:122465,538_archive,2020,NC,6284,66024,122465,2020-NC-ordinary-general,2020-NC-ordinary-general,2020-11-03,false,excluded,non_LV_population,
538:2020:7780:66011:122313,538_archive,2020,GA,7780,66011,122313,2020-GA-special-first,2020-GA-special-first,2020-11-03,false,excluded,partisan_or_internal,
538:2020:6271:66011:122314,538_archive,2020,GA,6271,66011,122314,2020-GA-ordinary-general,2020-GA-ordinary-general,2020-11-03,false,excluded,partisan_or_internal,
538:2020:6295:66043:122510,538_archive,2020,TX,6295,66043,122510,2020-TX-ordinary-general,2020-TX-ordinary-general,2020-11-03,false,excluded,non_LV_population;contest_pending,
538:2020:6295:66043:122511,538_archive,2020,TX,6295,66043,122511,2020-TX-ordinary-general,2020-TX-ordinary-general,2020-11-03,false,excluded,non_LV_population;confirmed_nonballot_candidate;contest_pending;question_missing_D_or_R_side,
538:2020:6283:66072:122721,538_archive,2020,MT,6283,66072,122721,2020-MT-ordinary-general,2020-MT-ordinary-general,2020-11-03,true,selected,,Only eligible LV question for this poll/round
538:2020:6284:65937:122154,538_archive,2020,NC,6284,65937,122154,2020-NC-ordinary-general,2020-NC-ordinary-general,2020-11-03,false,selected,,Only eligible LV question for this poll/round
538:2020:6280:65861:121896,538_archive,2020,MI,6280,65861,121896,2020-MI-ordinary-general,2020-MI-ordinary-general,2020-11-03,false,excluded,non_LV_population;contest_pending,
538:2020:6287:65887:121970,538_archive,2020,NJ,6287,65887,121970,2020-NJ-ordinary-general,2020-NJ-ordinary-general,2020-11-03,false,excluded,non_LV_population;contest_pending,
538:2020:6287:65887:121971,538_archive,2020,NJ,6287,65887,121971,2020-NJ-ordinary-general,2020-NJ-ordinary-general,2020-11-03,false,excluded,non_LV_population;confirmed_nonballot_candidate;contest_pending;question_missing_D_or_R_side,
538:2020:6269:66099:122799,538_archive,2020,CO,6269,66099,122799,2020-CO-ordinary-general,2020-CO-ordinary-general,2020-11-03,false,selected,,Only eligible LV question for this poll/round
538:2020:6284:65761:121566,538_archive,2020,NC,6284,65761,121566,2020-NC-ordinary-general,2020-NC-ordinary-general,2020-11-03,false,excluded,non_LV_population,
538:2020:6275:65754:121540,538_archive,2020,KS,6275,65754,121540,2020-KS-ordinary-general,2020-KS-ordinary-general,2020-11-03,false,excluded,non_LV_population;partisan_or_internal;confirmed_nonballot_candidate;question_missing_D_or_R_side,
538:2020:6276:67931:127183,538_archive,2020,KY,6276,67931,127183,2020-KY-ordinary-general,2020-KY-ordinary-general,2020-11-03,true,excluded,non_LV_population;partisan_or_internal;contest_pending,
538:2020:6280:65907:122096,538_archive,2020,MI,6280,65907,122096,2020-MI-ordinary-general,2020-MI-ordinary-general,2020-11-03,false,excluded,partisan_or_internal;contest_pending,
538:2020:6268:65742:121538,538_archive,2020,AZ,6268,65742,121538,2020-AZ-special-general,2020-AZ-special-general,2020-11-03,true,selected,,Only eligible LV question for this poll/round
538:2020:6284:65758:121560,538_archive,2020,NC,6284,65758,121560,2020-NC-ordinary-general,2020-NC-ordinary-general,2020-11-03,true,selected,,Only eligible LV question for this poll/round
538:2020:6280:65060:120729,538_archive,2020,MI,6280,65060,120729,2020-MI-ordinary-general,2020-MI-ordinary-general,2020-11-03,false,excluded,non_LV_population;partisan_or_internal;contest_pending,
538:2020:7780:65227:120900,538_archive,2020,GA,7780,65227,120900,2020-GA-special-first,2020-GA-special-first,2020-11-03,false,excluded,partisan_or_internal,
538:2020:7781:65227:120901,538_archive,2020,GA,7781,65227,120901,2020-GA-special-runoff,2020-GA-special-runoff,2021-01-05,false,excluded,partisan_or_internal;confirmed_nonballot_candidate;contest_pending;question_missing_D_or_R_side,
538:2020:6280:65668:121345,538_archive,2020,MI,6280,65668,121345,2020-MI-ordinary-general,2020-MI-ordinary-general,2020-11-03,false,excluded,partisan_or_internal;contest_pending,
538:2020:7780:64997:120532,538_archive,2020,GA,7780,64997,120532,2020-GA-special-first,2020-GA-special-first,2020-11-03,false,excluded,partisan_or_internal,
538:2020:7780:64996:120531,538_archive,2020,GA,7780,64996,120531,2020-GA-special-first,2020-GA-special-first,2020-11-03,false,excluded,partisan_or_internal,
538:2020:6280:64982:120493,538_archive,2020,MI,6280,64982,120493,2020-MI-ordinary-general,2020-MI-ordinary-general,2020-11-03,false,pending,contest_pending,
538:2020:6280:65002:120545,538_archive,2020,MI,6280,65002,120545,2020-MI-ordinary-general,2020-MI-ordinary-general,2020-11-03,false,excluded,partisan_or_internal;contest_pending,
538:2020:6268:64841:120058,538_archive,2020,AZ,6268,64841,120058,2020-AZ-special-general,2020-AZ-special-general,2020-11-03,true,excluded,non_LV_population,
538:2020:6268:64835:120036,538_archive,2020,AZ,6268,64835,120036,2020-AZ-special-general,2020-AZ-special-general,2020-11-03,true,excluded,non_LV_population,
538:2020:6283:64883:120179,538_archive,2020,MT,6283,64883,120179,2020-MT-ordinary-general,2020-MT-ordinary-general,2020-11-03,true,excluded,non_LV_population;partisan_or_internal,
538:2020:7780:64995:120530,538_archive,2020,GA,7780,64995,120530,2020-GA-special-first,2020-GA-special-first,2020-11-03,false,excluded,partisan_or_internal,
538:2020:6282:69586:129674,538_archive,2020,MS,6282,69586,129674,2020-MS-ordinary-general,2020-MS-ordinary-general,2020-11-03,false,selected,,Only eligible LV question for this poll/round
538:2020:6275:64808:127252,538_archive,2020,KS,6275,64808,127252,2020-KS-ordinary-general,2020-KS-ordinary-general,2020-11-03,false,excluded,non_LV_population,
538:2020:6268:64820:119994,538_archive,2020,AZ,6268,64820,119994,2020-AZ-special-general,2020-AZ-special-general,2020-11-03,true,excluded,non_LV_population,
538:2020:6292:64979:120474,538_archive,2020,SC,6292,64979,120474,2020-SC-ordinary-general,2020-SC-ordinary-general,2020-11-03,false,excluded,partisan_or_internal,
538:2020:6289:64801:119943,538_archive,2020,OK,6289,64801,119943,2020-OK-ordinary-general,2020-OK-ordinary-general,2020-11-03,false,selected,,Only eligible LV question for this poll/round
538:2020:7780:64994:120529,538_archive,2020,GA,7780,64994,120529,2020-GA-special-first,2020-GA-special-first,2020-11-03,false,excluded,partisan_or_internal,
538:2020:6280:64755:119791,538_archive,2020,MI,6280,64755,119791,2020-MI-ordinary-general,2020-MI-ordinary-general,2020-11-03,false,pending,contest_pending,
538:2020:6268:64749:119891,538_archive,2020,AZ,6268,64749,119891,2020-AZ-special-general,2020-AZ-special-general,2020-11-03,true,selected,,Only eligible LV question for this poll/round
538:2020:6279:64717:119684,538_archive,2020,ME,6279,64717,119684,2020-ME-ordinary-general,2020-ME-ordinary-general,2020-11-03,false,excluded,non_LV_population,
538:2020:6268:64718:119685,538_archive,2020,AZ,6268,64718,119685,2020-AZ-special-general,2020-AZ-special-general,2020-11-03,true,excluded,non_LV_population,
538:2020:7780:64706:119613,538_archive,2020,GA,7780,64706,119613,2020-GA-special-first,2020-GA-special-first,2020-11-03,false,selected,,Only eligible LV question for this poll/round
538:2020:6284:64641:119345,538_archive,2020,NC,6284,64641,119345,2020-NC-ordinary-general,2020-NC-ordinary-general,2020-11-03,false,excluded,non_LV_population,
538:2020:6282:64719:119688,538_archive,2020,MS,6282,64719,119688,2020-MS-ordinary-general,2020-MS-ordinary-general,2020-11-03,false,excluded,non_LV_population,
538:2020:7780:64618:119251,538_archive,2020,GA,7780,64618,119251,2020-GA-special-first,2020-GA-special-first,2020-11-03,false,excluded,partisan_or_internal,
538:2020:6284:64639:119336,538_archive,2020,NC,6284,64639,119336,2020-NC-ordinary-general,2020-NC-ordinary-general,2020-11-03,false,excluded,non_LV_population,
538:2020:6295:64640:119337,538_archive,2020,TX,6295,64640,119337,2020-TX-ordinary-general,2020-TX-ordinary-general,2020-11-03,false,excluded,non_LV_population;contest_pending,
538:2020:6284:64720:119689,538_archive,2020,NC,6284,64720,119689,2020-NC-ordinary-general,2020-NC-ordinary-general,2020-11-03,false,excluded,non_LV_population;partisan_or_internal,
538:2020:6286:64585:119390,538_archive,2020,NH,6286,64585,119390,2020-NH-ordinary-general,2020-NH-ordinary-general,2020-11-03,false,excluded,confirmed_nonballot_candidate;question_missing_D_or_R_side,
538:2020:6286:64585:119391,538_archive,2020,NH,6286,64585,119391,2020-NH-ordinary-general,2020-NH-ordinary-general,2020-11-03,false,pending,unresolved_poll_identity;unresolved_poll_side;question_missing_D_or_R_side,
538:2020:6286:64585:119392,538_archive,2020,NH,6286,64585,119392,2020-NH-ordinary-general,2020-NH-ordinary-general,2020-11-03,false,pending,pending_sibling_question,Resolve other LV question from this poll/round before choosing
538:2020:6292:64515:118874,538_archive,2020,SC,6292,64515,118874,2020-SC-ordinary-general,2020-SC-ordinary-general,2020-11-03,false,excluded,non_LV_population,
538:2020:7780:64522:118906,538_archive,2020,GA,7780,64522,118906,2020-GA-special-first,2020-GA-special-first,2020-11-03,false,excluded,partisan_or_internal,
538:2020:6280:64470:118640,538_archive,2020,MI,6280,64470,118640,2020-MI-ordinary-general,2020-MI-ordinary-general,2020-11-03,false,excluded,non_LV_population;contest_pending,
538:2020:6275:64094:117927,538_archive,2020,KS,6275,64094,117927,2020-KS-ordinary-general,2020-KS-ordinary-general,2020-11-03,false,excluded,partisan_or_internal;confirmed_nonballot_candidate;question_missing_D_or_R_side,
538:2020:6279:64344:118334,538_archive,2020,ME,6279,64344,118334,2020-ME-ordinary-general,2020-ME-ordinary-general,2020-11-03,false,selected,,Only eligible LV question for this poll/round
538:2020:6268:64459:118552,538_archive,2020,AZ,6268,64459,118552,2020-AZ-special-general,2020-AZ-special-general,2020-11-03,true,selected,,Only eligible LV question for this poll/round
538:2020:6266:63515:116938,538_archive,2020,AL,6266,63515,116938,2020-AL-ordinary-general,2020-AL-ordinary-general,2020-11-03,false,excluded,non_LV_population;confirmed_nonballot_candidate;question_missing_D_or_R_side,
538:2020:6266:63515:116939,538_archive,2020,AL,6266,63515,116939,2020-AL-ordinary-general,2020-AL-ordinary-general,2020-11-03,true,excluded,non_LV_population,
538:2020:6266:63515:116940,538_archive,2020,AL,6266,63515,116940,2020-AL-ordinary-general,2020-AL-ordinary-general,2020-11-03,false,excluded,non_LV_population;confirmed_nonballot_candidate;question_missing_D_or_R_side,
538:2020:6275:63509:116797,538_archive,2020,KS,6275,63509,116797,2020-KS-ordinary-general,2020-KS-ordinary-general,2020-11-03,false,excluded,non_LV_population;partisan_or_internal;confirmed_nonballot_candidate;question_missing_D_or_R_side,
538:2020:6292:63470:116682,538_archive,2020,SC,6292,63470,116682,2020-SC-ordinary-general,2020-SC-ordinary-general,2020-11-03,false,excluded,non_LV_population,
538:2020:6294:63464:116686,538_archive,2020,TN,6294,63464,116686,2020-TN-ordinary-general,2020-TN-ordinary-general,2020-11-03,false,excluded,non_LV_population;confirmed_nonballot_candidate;contest_pending;question_missing_D_or_R_side,
538:2020:6294:63464:116687,538_archive,2020,TN,6294,63464,116687,2020-TN-ordinary-general,2020-TN-ordinary-general,2020-11-03,false,excluded,non_LV_population;confirmed_nonballot_candidate;contest_pending;question_missing_D_or_R_side,
538:2020:6268:64752:119756,538_archive,2020,AZ,6268,64752,119756,2020-AZ-special-general,2020-AZ-special-general,2020-11-03,true,excluded,partisan_or_internal,
538:2020:6276:64510:118848,538_archive,2020,KY,6276,64510,118848,2020-KY-ordinary-general,2020-KY-ordinary-general,2020-11-03,true,excluded,partisan_or_internal;contest_pending,
538:2020:6280:63318:116019,538_archive,2020,MI,6280,63318,116019,2020-MI-ordinary-general,2020-MI-ordinary-general,2020-11-03,false,excluded,non_LV_population;contest_pending,
538:2020:6284:64715:119670,538_archive,2020,NC,6284,64715,119670,2020-NC-ordinary-general,2020-NC-ordinary-general,2020-11-03,false,excluded,partisan_or_internal,
538:2020:6276:64504:118808,538_archive,2020,KY,6276,64504,118808,2020-KY-ordinary-general,2020-KY-ordinary-general,2020-11-03,true,excluded,partisan_or_internal;contest_pending,
538:2020:6284:63321:115962,538_archive,2020,NC,6284,63321,115962,2020-NC-ordinary-general,2020-NC-ordinary-general,2020-11-03,false,excluded,partisan_or_internal,
538:2020:6280:63238:115546,538_archive,2020,MI,6280,63238,115546,2020-MI-ordinary-general,2020-MI-ordinary-general,2020-11-03,false,pending,contest_pending,
538:2020:6282:63322:115963,538_archive,2020,MS,6282,63322,115963,2020-MS-ordinary-general,2020-MS-ordinary-general,2020-11-03,false,selected,,Only eligible LV question for this poll/round
538:2020:6288:63224:115419,538_archive,2020,NM,6288,63224,115419,2020-NM-ordinary-general,2020-NM-ordinary-general,2020-11-03,false,excluded,non_LV_population;confirmed_nonballot_candidate;question_missing_D_or_R_side,
538:2020:6268:63234:115528,538_archive,2020,AZ,6268,63234,115528,2020-AZ-special-general,2020-AZ-special-general,2020-11-03,true,excluded,non_LV_population,
538:2020:6266:63171:115116,538_archive,2020,AL,6266,63171,115116,2020-AL-ordinary-general,2020-AL-ordinary-general,2020-11-03,false,excluded,confirmed_nonballot_candidate;question_missing_D_or_R_side,
538:2020:6266:63171:115117,538_archive,2020,AL,6266,63171,115117,2020-AL-ordinary-general,2020-AL-ordinary-general,2020-11-03,true,selected,,Only eligible LV question for this poll/round
538:2020:6266:63171:115118,538_archive,2020,AL,6266,63171,115118,2020-AL-ordinary-general,2020-AL-ordinary-general,2020-11-03,false,excluded,confirmed_nonballot_candidate;question_missing_D_or_R_side,
538:2020:6266:63171:115119,538_archive,2020,AL,6266,63171,115119,2020-AL-ordinary-general,2020-AL-ordinary-general,2020-11-03,false,excluded,confirmed_nonballot_candidate;question_missing_D_or_R_side,
538:2020:6266:63171:115120,538_archive,2020,AL,6266,63171,115120,2020-AL-ordinary-general,2020-AL-ordinary-general,2020-11-03,false,excluded,confirmed_nonballot_candidate;question_missing_D_or_R_side,
538:2020:7780:63392:116351,538_archive,2020,GA,7780,63392,116351,2020-GA-special-first,2020-GA-special-first,2020-11-03,false,excluded,partisan_or_internal,
538:2020:6286:63148:115039,538_archive,2020,NH,6286,63148,115039,2020-NH-ordinary-general,2020-NH-ordinary-general,2020-11-03,false,excluded,non_LV_population;unresolved_poll_identity;unresolved_poll_side;question_missing_D_or_R_side,
538:2020:6272:63144:114968,538_archive,2020,IA,6272,63144,114968,2020-IA-ordinary-general,2020-IA-ordinary-general,2020-11-03,false,excluded,non_LV_population;partisan_or_internal,
538:2020:6292:63091:114862,538_archive,2020,SC,6292,63091,114862,2020-SC-ordinary-general,2020-SC-ordinary-general,2020-11-03,false,selected,,Only eligible LV question for this poll/round
538:2020:6268:63024:114801,538_archive,2020,AZ,6268,63024,114801,2020-AZ-special-general,2020-AZ-special-general,2020-11-03,true,selected,,Only eligible LV question for this poll/round
538:2020:6280:65005:120546,538_archive,2020,MI,6280,65005,120546,2020-MI-ordinary-general,2020-MI-ordinary-general,2020-11-03,false,excluded,partisan_or_internal;contest_pending,
538:2020:6286:62978:114002,538_archive,2020,NH,6286,62978,114002,2020-NH-ordinary-general,2020-NH-ordinary-general,2020-11-03,false,excluded,non_LV_population;unresolved_poll_identity;unresolved_poll_side;question_missing_D_or_R_side,
538:2020:6295:62992:114141,538_archive,2020,TX,6295,62992,114141,2020-TX-ordinary-general,2020-TX-ordinary-general,2020-11-03,false,excluded,non_LV_population;partisan_or_internal;confirmed_nonballot_candidate;contest_pending;question_missing_D_or_R_side,
538:2020:6295:62992:114142,538_archive,2020,TX,6295,62992,114142,2020-TX-ordinary-general,2020-TX-ordinary-general,2020-11-03,false,excluded,non_LV_population;partisan_or_internal;confirmed_nonballot_candidate;contest_pending;question_missing_D_or_R_side,
538:2020:6295:62992:114143,538_archive,2020,TX,6295,62992,114143,2020-TX-ordinary-general,2020-TX-ordinary-general,2020-11-03,false,excluded,non_LV_population;partisan_or_internal;contest_pending,
538:2020:6295:62992:114144,538_archive,2020,TX,6295,62992,114144,2020-TX-ordinary-general,2020-TX-ordinary-general,2020-11-03,false,excluded,non_LV_population;partisan_or_internal;confirmed_nonballot_candidate;contest_pending;question_missing_D_or_R_side,
538:2020:6295:62992:114145,538_archive,2020,TX,6295,62992,114145,2020-TX-ordinary-general,2020-TX-ordinary-general,2020-11-03,false,excluded,non_LV_population;partisan_or_internal;confirmed_nonballot_candidate;contest_pending;question_missing_D_or_R_side,
538:2020:6280:62538:112599,538_archive,2020,MI,6280,62538,112599,2020-MI-ordinary-general,2020-MI-ordinary-general,2020-11-03,false,excluded,non_LV_population;contest_pending,
538:2020:6268:62508:112431,538_archive,2020,AZ,6268,62508,112431,2020-AZ-special-general,2020-AZ-special-general,2020-11-03,true,excluded,non_LV_population,
538:2020:6292:62561:112734,538_archive,2020,SC,6292,62561,112734,2020-SC-ordinary-general,2020-SC-ordinary-general,2020-11-03,false,excluded,non_LV_population;partisan_or_internal,
538:2020:6272:60106:104652,538_archive,2020,IA,6272,60106,104652,2020-IA-ordinary-general,2020-IA-ordinary-general,2020-11-03,false,excluded,non_LV_population,
538:2020:6280:66468:123839,538_archive,2020,MI,6280,66468,123839,2020-MI-ordinary-general,2020-MI-ordinary-general,2020-11-03,false,excluded,partisan_or_internal;contest_pending,
538:2020:6269:60263:105312,538_archive,2020,CO,6269,60263,105312,2020-CO-ordinary-general,2020-CO-ordinary-general,2020-11-03,false,selected,,Only eligible LV question for this poll/round
538:2020:6280:60105:104646,538_archive,2020,MI,6280,60105,104646,2020-MI-ordinary-general,2020-MI-ordinary-general,2020-11-03,false,pending,contest_pending,
538:2020:6284:60059:104334,538_archive,2020,NC,6284,60059,104334,2020-NC-ordinary-general,2020-NC-ordinary-general,2020-11-03,false,excluded,non_LV_population,
538:2020:6284:60059:104335,538_archive,2020,NC,6284,60059,104335,2020-NC-ordinary-general,2020-NC-ordinary-general,2020-11-03,false,excluded,non_LV_population;confirmed_nonballot_candidate;question_missing_D_or_R_side,
538:2020:6268:59778:103716,538_archive,2020,AZ,6268,59778,103716,2020-AZ-special-general,2020-AZ-special-general,2020-11-03,true,excluded,non_LV_population,
538:2020:6280:59737:103440,538_archive,2020,MI,6280,59737,103440,2020-MI-ordinary-general,2020-MI-ordinary-general,2020-11-03,false,pending,contest_pending,
538:2020:6280:62437:111761,538_archive,2020,MI,6280,62437,111761,2020-MI-ordinary-general,2020-MI-ordinary-general,2020-11-03,false,pending,contest_pending,
538:2020:6286:59715:103376,538_archive,2020,NH,6286,59715,103376,2020-NH-ordinary-general,2020-NH-ordinary-general,2020-11-03,false,excluded,non_LV_population;unresolved_poll_identity;unresolved_poll_side;question_missing_D_or_R_side,
538:2020:6292:59753:103502,538_archive,2020,SC,6292,59753,103502,2020-SC-ordinary-general,2020-SC-ordinary-general,2020-11-03,false,excluded,partisan_or_internal,
538:2020:6284:59605:102924,538_archive,2020,NC,6284,59605,102924,2020-NC-ordinary-general,2020-NC-ordinary-general,2020-11-03,false,excluded,non_LV_population;partisan_or_internal,
538:2020:6268:59598:102804,538_archive,2020,AZ,6268,59598,102804,2020-AZ-special-general,2020-AZ-special-general,2020-11-03,true,excluded,non_LV_population,
538:2020:6286:59522:102338,538_archive,2020,NH,6286,59522,102338,2020-NH-ordinary-general,2020-NH-ordinary-general,2020-11-03,false,excluded,non_LV_population;unresolved_poll_identity;unresolved_poll_side;question_missing_D_or_R_side,
538:2020:6274:59518:102305,538_archive,2020,IL,6274,59518,102305,2020-IL-ordinary-general,2020-IL-ordinary-general,2020-11-03,false,excluded,partisan_or_internal;contest_pending;question_missing_D_or_R_side,
538:2020:6278:59461:102048,538_archive,2020,MA,6278,59461,102048,2020-MA-ordinary-general,2020-MA-ordinary-general,2020-11-03,false,excluded,non_LV_population;partisan_or_internal;contest_pending;unresolved_poll_identity;unresolved_poll_side;question_missing_D_or_R_side,
538:2020:6278:59461:102049,538_archive,2020,MA,6278,59461,102049,2020-MA-ordinary-general,2020-MA-ordinary-general,2020-11-03,false,excluded,non_LV_population;partisan_or_internal;confirmed_nonballot_candidate;contest_pending;unresolved_poll_identity;unresolved_poll_side;question_missing_D_or_R_side,
538:2020:6278:59461:102050,538_archive,2020,MA,6278,59461,102050,2020-MA-ordinary-general,2020-MA-ordinary-general,2020-11-03,false,excluded,non_LV_population;partisan_or_internal;contest_pending;unresolved_poll_identity;unresolved_poll_side;question_missing_D_or_R_side,
538:2020:6278:59461:102051,538_archive,2020,MA,6278,59461,102051,2020-MA-ordinary-general,2020-MA-ordinary-general,2020-11-03,false,excluded,non_LV_population;partisan_or_internal;contest_pending;unresolved_poll_identity;unresolved_poll_side;question_missing_D_or_R_side,
538:2020:6269:58930:100843,538_archive,2020,CO,6269,58930,100843,2020-CO-ordinary-general,2020-CO-ordinary-general,2020-11-03,false,excluded,non_LV_population,
538:2020:6268:58960:100842,538_archive,2020,AZ,6268,58960,100842,2020-AZ-special-general,2020-AZ-special-general,2020-11-03,true,selected,,Only eligible LV question for this poll/round
538:2020:6286:58959:100840,538_archive,2020,NH,6286,58959,100840,2020-NH-ordinary-general,2020-NH-ordinary-general,2020-11-03,false,excluded,partisan_or_internal;confirmed_nonballot_candidate;question_missing_D_or_R_side,
538:2020:6269:58893:100839,538_archive,2020,CO,6269,58893,100839,2020-CO-ordinary-general,2020-CO-ordinary-general,2020-11-03,false,excluded,non_LV_population;partisan_or_internal,
538:2020:6286:58891:100837,538_archive,2020,NH,6286,58891,100837,2020-NH-ordinary-general,2020-NH-ordinary-general,2020-11-03,false,excluded,non_LV_population;confirmed_nonballot_candidate;question_missing_D_or_R_side,
538:2020:6286:58891:100838,538_archive,2020,NH,6286,58891,100838,2020-NH-ordinary-general,2020-NH-ordinary-general,2020-11-03,false,excluded,non_LV_population;unresolved_poll_identity;unresolved_poll_side;question_missing_D_or_R_side,
538:2020:6279:59573:102690,538_archive,2020,ME,6279,59573,102690,2020-ME-ordinary-general,2020-ME-ordinary-general,2020-11-03,false,selected,,Only eligible LV question for this poll/round
538:2020:6268:59584:102774,538_archive,2020,AZ,6268,59584,102774,2020-AZ-special-general,2020-AZ-special-general,2020-11-03,true,selected,,Only eligible LV question for this poll/round
538:2020:6269:59585:102775,538_archive,2020,CO,6269,59585,102775,2020-CO-ordinary-general,2020-CO-ordinary-general,2020-11-03,false,pending,unresolved_poll_identity;unresolved_poll_side;question_missing_D_or_R_side,
538:2020:6276:59586:102776,538_archive,2020,KY,6276,59586,102776,2020-KY-ordinary-general,2020-KY-ordinary-general,2020-11-03,false,pending,contest_pending,
538:2020:6284:59587:102777,538_archive,2020,NC,6284,59587,102777,2020-NC-ordinary-general,2020-NC-ordinary-general,2020-11-03,false,selected,,Only eligible LV question for this poll/round
538:2020:6279:58565:100834,538_archive,2020,ME,6279,58565,100834,2020-ME-ordinary-general,2020-ME-ordinary-general,2020-11-03,false,excluded,non_LV_population,
538:2020:6279:58565:100835,538_archive,2020,ME,6279,58565,100835,2020-ME-ordinary-general,2020-ME-ordinary-general,2020-11-03,false,excluded,non_LV_population;unresolved_poll_identity;unresolved_poll_side,
538:2020:6284:58512:100833,538_archive,2020,NC,6284,58512,100833,2020-NC-ordinary-general,2020-NC-ordinary-general,2020-11-03,false,excluded,non_LV_population,
538:2020:6276:58958:100836,538_archive,2020,KY,6276,58958,100836,2020-KY-ordinary-general,2020-KY-ordinary-general,2020-11-03,false,excluded,partisan_or_internal;contest_pending,
538:2020:6292:58465:100832,538_archive,2020,SC,6292,58465,100832,2020-SC-ordinary-general,2020-SC-ordinary-general,2020-11-03,false,excluded,non_LV_population,
538:2020:6275:59599:102805,538_archive,2020,KS,6275,59599,102805,2020-KS-ordinary-general,2020-KS-ordinary-general,2020-11-03,false,excluded,partisan_or_internal;confirmed_nonballot_candidate;unresolved_poll_identity;unresolved_poll_side;question_missing_D_or_R_side,
538:2020:6265:58956:100828,538_archive,2020,AK,6265,58956,100828,2020-AK-ordinary-general,2020-AK-ordinary-general,2020-11-03,false,pending,unresolved_poll_identity;unresolved_poll_side;question_missing_D_or_R_side,
538:2020:6265:58956:100829,538_archive,2020,AK,6265,58956,100829,2020-AK-ordinary-general,2020-AK-ordinary-general,2020-11-03,false,pending,unresolved_poll_identity;unresolved_poll_side;question_missing_D_or_R_side,
538:2020:6284:58187:100827,538_archive,2020,NC,6284,58187,100827,2020-NC-ordinary-general,2020-NC-ordinary-general,2020-11-03,false,excluded,non_LV_population;confirmed_nonballot_candidate;question_missing_D_or_R_side,
538:2020:6268:58013:100826,538_archive,2020,AZ,6268,58013,100826,2020-AZ-special-general,2020-AZ-special-general,2020-11-03,true,selected,,Only eligible LV question for this poll/round
538:2020:6272:58957:100831,538_archive,2020,IA,6272,58957,100831,2020-IA-ordinary-general,2020-IA-ordinary-general,2020-11-03,false,excluded,partisan_or_internal;confirmed_nonballot_candidate;question_missing_D_or_R_side,
538:2020:6295:57962:100825,538_archive,2020,TX,6295,57962,100825,2020-TX-ordinary-general,2020-TX-ordinary-general,2020-11-03,false,excluded,non_LV_population;contest_pending,
538:2020:6280:59754:103503,538_archive,2020,MI,6280,59754,103503,2020-MI-ordinary-general,2020-MI-ordinary-general,2020-11-03,false,pending,contest_pending;unresolved_poll_identity;unresolved_poll_side;question_missing_D_or_R_side,
538:2020:6280:59754:103504,538_archive,2020,MI,6280,59754,103504,2020-MI-ordinary-general,2020-MI-ordinary-general,2020-11-03,false,pending,contest_pending,
538:2020:6292:58955:100824,538_archive,2020,SC,6292,58955,100824,2020-SC-ordinary-general,2020-SC-ordinary-general,2020-11-03,false,excluded,partisan_or_internal,
538:2020:6279:58954:100823,538_archive,2020,ME,6279,58954,100823,2020-ME-ordinary-general,2020-ME-ordinary-general,2020-11-03,false,selected,,Only eligible LV question for this poll/round
538:2020:6280:57656:100822,538_archive,2020,MI,6280,57656,100822,2020-MI-ordinary-general,2020-MI-ordinary-general,2020-11-03,false,excluded,non_LV_population;contest_pending,
538:2020:6295:57601:100819,538_archive,2020,TX,6295,57601,100819,2020-TX-ordinary-general,2020-TX-ordinary-general,2020-11-03,false,excluded,non_LV_population;confirmed_nonballot_candidate;contest_pending;question_missing_D_or_R_side,
538:2020:6286:57574:100818,538_archive,2020,NH,6286,57574,100818,2020-NH-ordinary-general,2020-NH-ordinary-general,2020-11-03,false,excluded,non_LV_population;unresolved_poll_identity;unresolved_poll_side;question_missing_D_or_R_side,
538:2020:6286:57557:119933,538_archive,2020,NH,6286,57557,119933,2020-NH-ordinary-general,2020-NH-ordinary-general,2020-11-03,false,excluded,non_LV_population;unresolved_poll_identity;unresolved_poll_side;question_missing_D_or_R_side,
538:2020:6286:57557:119934,538_archive,2020,NH,6286,57557,119934,2020-NH-ordinary-general,2020-NH-ordinary-general,2020-11-03,false,excluded,non_LV_population;unresolved_poll_identity;unresolved_poll_side;question_missing_D_or_R_side,
538:2020:6295:57528:100817,538_archive,2020,TX,6295,57528,100817,2020-TX-ordinary-general,2020-TX-ordinary-general,2020-11-03,false,excluded,non_LV_population;partisan_or_internal;confirmed_nonballot_candidate;contest_pending;question_missing_D_or_R_side,
538:2020:6268:57556:100815,538_archive,2020,AZ,6268,57556,100815,2020-AZ-special-general,2020-AZ-special-general,2020-11-03,true,pending,pending_sibling_question,Resolve other LV question from this poll/round before choosing
538:2020:6268:57556:100816,538_archive,2020,AZ,6268,57556,100816,2020-AZ-special-general,2020-AZ-special-general,2020-11-03,false,pending,unresolved_poll_identity;unresolved_poll_side;question_missing_D_or_R_side,
538:2020:6295:57419:100814,538_archive,2020,TX,6295,57419,100814,2020-TX-ordinary-general,2020-TX-ordinary-general,2020-11-03,false,excluded,partisan_or_internal;confirmed_nonballot_candidate;contest_pending;question_missing_D_or_R_side,
538:2018:6209:56923:91852,538_archive,2018,MS,6209,56923,91852,2018-MS-special-runoff,2018-MS-special-runoff,2018-11-27,true,selected,,Only eligible LV question for this poll/round
538:2018:6209:56921:91850,538_archive,2018,MS,6209,56921,91850,2018-MS-special-runoff,2018-MS-special-runoff,2018-11-27,true,selected,,Only eligible LV question for this poll/round
538:2018:106:56815:91569,538_archive,2018,MI,106,56815,91569,2018-MI-ordinary-general,2018-MI-ordinary-general,2018-11-06,false,selected,,Only eligible LV question for this poll/round
538:2018:100:56825:91583,538_archive,2018,FL,100,56825,91583,2018-FL-ordinary-general,2018-FL-ordinary-general,2018-11-06,true,excluded,partisan_or_internal,
538:2018:96:56827:91585,538_archive,2018,AZ,96,56827,91585,2018-AZ-ordinary-general,2018-AZ-ordinary-general,2018-11-06,false,excluded,partisan_or_internal,
538:2018:121:56817:91571,538_archive,2018,TX,121,56817,91571,2018-TX-ordinary-general,2018-TX-ordinary-general,2018-11-06,false,excluded,partisan_or_internal,
538:2018:96:56829:91590,538_archive,2018,AZ,96,56829,91590,2018-AZ-ordinary-general,2018-AZ-ordinary-general,2018-11-06,false,selected,,Only eligible LV question for this poll/round
538:2018:100:56830:91591,538_archive,2018,FL,100,56830,91591,2018-FL-ordinary-general,2018-FL-ordinary-general,2018-11-06,true,selected,,Only eligible LV question for this poll/round
538:2018:112:56831:91595,538_archive,2018,NV,112,56831,91595,2018-NV-ordinary-general,2018-NV-ordinary-general,2018-11-06,false,pending,contest_pending,
538:2018:102:56832:91592,538_archive,2018,IN,102,56832,91592,2018-IN-ordinary-general,2018-IN-ordinary-general,2018-11-06,false,selected,,Only eligible LV question for this poll/round
538:2018:109:56833:91593,538_archive,2018,MO,109,56833,91593,2018-MO-ordinary-general,2018-MO-ordinary-general,2018-11-06,false,selected,,Only eligible LV question for this poll/round
538:2018:106:56814:91558,538_archive,2018,MI,106,56814,91558,2018-MI-ordinary-general,2018-MI-ordinary-general,2018-11-06,false,excluded,partisan_or_internal,
538:2018:110:56816:91570,538_archive,2018,MT,110,56816,91570,2018-MT-ordinary-general,2018-MT-ordinary-general,2018-11-06,false,excluded,partisan_or_internal,
538:2018:110:56834:91594,538_archive,2018,MT,110,56834,91594,2018-MT-ordinary-general,2018-MT-ordinary-general,2018-11-06,false,selected,,Only eligible LV question for this poll/round
538:2018:106:56772:91482,538_archive,2018,MI,106,56772,91482,2018-MI-ordinary-general,2018-MI-ordinary-general,2018-11-06,false,selected,,Only eligible LV question for this poll/round
538:2018:100:56771:91481,538_archive,2018,FL,100,56771,91481,2018-FL-ordinary-general,2018-FL-ordinary-general,2018-11-06,true,selected,,Only eligible LV question for this poll/round
538:2018:118:56758:91449,538_archive,2018,PA,118,56758,91449,2018-PA-ordinary-general,2018-PA-ordinary-general,2018-11-06,true,selected,,Only eligible LV question for this poll/round
538:2018:128:56761:91450,538_archive,2018,WY,128,56761,91450,2018-WY-ordinary-general,2018-WY-ordinary-general,2018-11-06,true,selected,,Only eligible LV question for this poll/round
538:2018:110:56762:91446,538_archive,2018,MT,110,56762,91446,2018-MT-ordinary-general,2018-MT-ordinary-general,2018-11-06,true,selected,,Only eligible LV question for this poll/round
538:2018:113:56763:91447,538_archive,2018,NJ,113,56763,91447,2018-NJ-ordinary-general,2018-NJ-ordinary-general,2018-11-06,false,selected,,Only eligible LV question for this poll/round
538:2018:97:56793:91520,538_archive,2018,CA,97,56793,91520,2018-CA-ordinary-general,2018-CA-ordinary-general,2018-11-06,true,excluded,contest_excluded;question_missing_D_or_R_side,
538:2018:107:56797:91537,538_archive,2018,MN,107,56797,91537,2018-MN-ordinary-general,2018-MN-ordinary-general,2018-11-06,true,selected,,Only eligible LV question for this poll/round
538:2018:129:56797:91538,538_archive,2018,MN,129,56797,91538,2018-MN-special-general,2018-MN-special-general,2018-11-06,true,selected,,Only eligible LV question for this poll/round
538:2018:96:56798:91539,538_archive,2018,AZ,96,56798,91539,2018-AZ-ordinary-general,2018-AZ-ordinary-general,2018-11-06,false,selected,,Only eligible LV question for this poll/round
538:2018:100:56799:91540,538_archive,2018,FL,100,56799,91540,2018-FL-ordinary-general,2018-FL-ordinary-general,2018-11-06,true,selected,,Only eligible LV question for this poll/round
538:2018:112:56800:91544,538_archive,2018,NV,112,56800,91544,2018-NV-ordinary-general,2018-NV-ordinary-general,2018-11-06,false,pending,contest_pending,
538:2018:108:56806:91534,538_archive,2018,MS,108,56806,91534,2018-MS-ordinary-general,2018-MS-ordinary-general,2018-11-06,true,selected,,Only eligible LV question for this poll/round
538:2018:130:56806:91535,538_archive,2018,MS,130,56806,91535,2018-MS-special-first,2018-MS-special-first,2018-11-06,true,pending,contest_pending,
538:2018:102:56807:91541,538_archive,2018,IN,102,56807,91541,2018-IN-ordinary-general,2018-IN-ordinary-general,2018-11-06,false,selected,,Only eligible LV question for this poll/round
538:2018:109:56808:91542,538_archive,2018,MO,109,56808,91542,2018-MO-ordinary-general,2018-MO-ordinary-general,2018-11-06,false,selected,,Only eligible LV question for this poll/round
538:2018:106:56811:91553,538_archive,2018,MI,106,56811,91553,2018-MI-ordinary-general,2018-MI-ordinary-general,2018-11-06,true,selected,,Only eligible LV question for this poll/round
538:2018:117:56818:91573,538_archive,2018,OH,117,56818,91573,2018-OH-ordinary-general,2018-OH-ordinary-general,2018-11-06,true,pending,contest_pending,
538:2018:112:56778:91491,538_archive,2018,NV,112,56778,91491,2018-NV-ordinary-general,2018-NV-ordinary-general,2018-11-06,false,pending,contest_pending,
538:2018:110:56809:91543,538_archive,2018,MT,110,56809,91543,2018-MT-ordinary-general,2018-MT-ordinary-general,2018-11-06,false,selected,,Only eligible LV question for this poll/round
538:2018:109:56764:91457,538_archive,2018,MO,109,56764,91457,2018-MO-ordinary-general,2018-MO-ordinary-general,2018-11-06,false,excluded,partisan_or_internal,
538:2018:100:56770:91479,538_archive,2018,FL,100,56770,91479,2018-FL-ordinary-general,2018-FL-ordinary-general,2018-11-06,true,selected,,Only eligible LV question for this poll/round
538:2018:113:56774:91480,538_archive,2018,NJ,113,56774,91480,2018-NJ-ordinary-general,2018-NJ-ordinary-general,2018-11-06,false,selected,,Only eligible LV question for this poll/round
538:2018:96:56765:91458,538_archive,2018,AZ,96,56765,91458,2018-AZ-ordinary-general,2018-AZ-ordinary-general,2018-11-06,true,selected,,Only eligible LV question for this poll/round
538:2018:97:56737:91412,538_archive,2018,CA,97,56737,91412,2018-CA-ordinary-general,2018-CA-ordinary-general,2018-11-06,true,excluded,non_LV_population;contest_excluded;question_missing_D_or_R_side,
538:2018:106:56738:91413,538_archive,2018,MI,106,56738,91413,2018-MI-ordinary-general,2018-MI-ordinary-general,2018-11-06,false,excluded,non_LV_population,
538:2018:107:56739:91414,538_archive,2018,MN,107,56739,91414,2018-MN-ordinary-general,2018-MN-ordinary-general,2018-11-06,false,excluded,non_LV_population,
538:2018:129:56739:91415,538_archive,2018,MN,129,56739,91415,2018-MN-special-general,2018-MN-special-general,2018-11-06,false,excluded,non_LV_population,
538:2018:115:56740:91416,538_archive,2018,NY,115,56740,91416,2018-NY-ordinary-general,2018-NY-ordinary-general,2018-11-06,true,excluded,non_LV_population,
538:2018:118:56741:91417,538_archive,2018,PA,118,56741,91417,2018-PA-ordinary-general,2018-PA-ordinary-general,2018-11-06,false,excluded,non_LV_population,
538:2018:96:56750:91433,538_archive,2018,AZ,96,56750,91433,2018-AZ-ordinary-general,2018-AZ-ordinary-general,2018-11-06,false,selected,,Only eligible LV question for this poll/round
538:2018:100:56751:91434,538_archive,2018,FL,100,56751,91434,2018-FL-ordinary-general,2018-FL-ordinary-general,2018-11-06,true,selected,,Only eligible LV question for this poll/round
538:2018:112:56752:91438,538_archive,2018,NV,112,56752,91438,2018-NV-ordinary-general,2018-NV-ordinary-general,2018-11-06,false,pending,contest_pending,
538:2018:102:56753:91435,538_archive,2018,IN,102,56753,91435,2018-IN-ordinary-general,2018-IN-ordinary-general,2018-11-06,false,selected,,Only eligible LV question for this poll/round
538:2018:109:56754:91436,538_archive,2018,MO,109,56754,91436,2018-MO-ordinary-general,2018-MO-ordinary-general,2018-11-06,false,selected,,Only eligible LV question for this poll/round
538:2018:96:56779:91492,538_archive,2018,AZ,96,56779,91492,2018-AZ-ordinary-general,2018-AZ-ordinary-general,2018-11-06,true,selected,,Only eligible LV question for this poll/round
538:2018:100:56780:91493,538_archive,2018,FL,100,56780,91493,2018-FL-ordinary-general,2018-FL-ordinary-general,2018-11-06,true,selected,,Only eligible LV question for this poll/round
538:2018:109:56782:91490,538_archive,2018,MO,109,56782,91490,2018-MO-ordinary-general,2018-MO-ordinary-general,2018-11-06,false,selected,,Only eligible LV question for this poll/round
538:2018:96:56801:91545,538_archive,2018,AZ,96,56801,91545,2018-AZ-ordinary-general,2018-AZ-ordinary-general,2018-11-06,false,excluded,non_LV_population,
538:2018:100:56802:91546,538_archive,2018,FL,100,56802,91546,2018-FL-ordinary-general,2018-FL-ordinary-general,2018-11-06,true,excluded,non_LV_population,
538:2018:114:56803:91547,538_archive,2018,NM,114,56803,91547,2018-NM-ordinary-general,2018-NM-ordinary-general,2018-11-06,true,excluded,non_LV_population,
538:2018:117:56804:91548,538_archive,2018,OH,117,56804,91548,2018-OH-ordinary-general,2018-OH-ordinary-general,2018-11-06,true,excluded,non_LV_population;contest_pending,
538:2018:127:56805:91549,538_archive,2018,WI,127,56805,91549,2018-WI-ordinary-general,2018-WI-ordinary-general,2018-11-06,true,excluded,non_LV_population,
538:2018:110:56755:91437,538_archive,2018,MT,110,56755,91437,2018-MT-ordinary-general,2018-MT-ordinary-general,2018-11-06,false,selected,,Only eligible LV question for this poll/round
538:2018:109:56695:91314,538_archive,2018,MO,109,56695,91314,2018-MO-ordinary-general,2018-MO-ordinary-general,2018-11-06,true,selected,,Only eligible LV question for this poll/round
538:2018:100:56701:91331,538_archive,2018,FL,100,56701,91331,2018-FL-ordinary-general,2018-FL-ordinary-general,2018-11-06,true,excluded,partisan_or_internal,
538:2018:121:56702:91332,538_archive,2018,TX,121,56702,91332,2018-TX-ordinary-general,2018-TX-ordinary-general,2018-11-06,true,excluded,partisan_or_internal,
538:2018:100:56703:91334,538_archive,2018,FL,100,56703,91334,2018-FL-ordinary-general,2018-FL-ordinary-general,2018-11-06,true,selected,,Only eligible LV question for this poll/round
538:2018:97:56813:91557,538_archive,2018,CA,97,56813,91557,2018-CA-ordinary-general,2018-CA-ordinary-general,2018-11-06,true,excluded,contest_excluded;question_missing_D_or_R_side,
538:2018:96:56716:91361,538_archive,2018,AZ,96,56716,91361,2018-AZ-ordinary-general,2018-AZ-ordinary-general,2018-11-06,false,selected,,Only eligible LV question for this poll/round
538:2018:100:56717:91362,538_archive,2018,FL,100,56717,91362,2018-FL-ordinary-general,2018-FL-ordinary-general,2018-11-06,true,selected,,Only eligible LV question for this poll/round
538:2018:112:56718:91366,538_archive,2018,NV,112,56718,91366,2018-NV-ordinary-general,2018-NV-ordinary-general,2018-11-06,false,pending,contest_pending,
538:2018:102:56719:91363,538_archive,2018,IN,102,56719,91363,2018-IN-ordinary-general,2018-IN-ordinary-general,2018-11-06,false,selected,,Only eligible LV question for this poll/round
538:2018:109:56720:91364,538_archive,2018,MO,109,56720,91364,2018-MO-ordinary-general,2018-MO-ordinary-general,2018-11-06,false,selected,,Only eligible LV question for this poll/round
538:2018:100:56769:91477,538_archive,2018,FL,100,56769,91477,2018-FL-ordinary-general,2018-FL-ordinary-general,2018-11-06,true,selected,,Only eligible LV question for this poll/round
538:2018:100:56769:91478,538_archive,2018,FL,100,56769,91478,2018-FL-ordinary-general,2018-FL-ordinary-general,2018-11-06,true,excluded,non_LV_population,
538:2018:110:56721:91365,538_archive,2018,MT,110,56721,91365,2018-MT-ordinary-general,2018-MT-ordinary-general,2018-11-06,false,selected,,Only eligible LV question for this poll/round
538:2018:100:56756:91440,538_archive,2018,FL,100,56756,91440,2018-FL-ordinary-general,2018-FL-ordinary-general,2018-11-06,true,selected,,Only eligible LV question for this poll/round
538:2018:96:56810:91551,538_archive,2018,AZ,96,56810,91551,2018-AZ-ordinary-general,2018-AZ-ordinary-general,2018-11-06,false,selected,,Only eligible LV question for this poll/round
538:2018:114:56678:91287,538_archive,2018,NM,114,56678,91287,2018-NM-ordinary-general,2018-NM-ordinary-general,2018-11-06,true,selected,,Only eligible LV question for this poll/round
538:2018:98:56662:91259,538_archive,2018,CT,98,56662,91259,2018-CT-ordinary-general,2018-CT-ordinary-general,2018-11-06,false,selected,,Only eligible LV question for this poll/round
538:2018:123:56663:91260,538_archive,2018,VT,123,56663,91260,2018-VT-ordinary-general,2018-VT-ordinary-general,2018-11-06,false,pending,contest_pending,
538:2018:96:56685:91300,538_archive,2018,AZ,96,56685,91300,2018-AZ-ordinary-general,2018-AZ-ordinary-general,2018-11-06,false,selected,,Only eligible LV question for this poll/round
538:2018:100:56686:91301,538_archive,2018,FL,100,56686,91301,2018-FL-ordinary-general,2018-FL-ordinary-general,2018-11-06,true,selected,,Only eligible LV question for this poll/round
538:2018:112:56687:91305,538_archive,2018,NV,112,56687,91305,2018-NV-ordinary-general,2018-NV-ordinary-general,2018-11-06,false,pending,contest_pending,
538:2018:102:56688:91302,538_archive,2018,IN,102,56688,91302,2018-IN-ordinary-general,2018-IN-ordinary-general,2018-11-06,false,selected,,Only eligible LV question for this poll/round
538:2018:109:56689:91303,538_archive,2018,MO,109,56689,91303,2018-MO-ordinary-general,2018-MO-ordinary-general,2018-11-06,false,selected,,Only eligible LV question for this poll/round
538:2018:96:56730:91389,538_archive,2018,AZ,96,56730,91389,2018-AZ-ordinary-general,2018-AZ-ordinary-general,2018-11-06,false,excluded,partisan_or_internal,
538:2018:109:56773:91473,538_archive,2018,MO,109,56773,91473,2018-MO-ordinary-general,2018-MO-ordinary-general,2018-11-06,false,pending,ambiguous_question_preference,Multiple eligible questions; no unique full-ballot choice
538:2018:109:56773:91474,538_archive,2018,MO,109,56773,91474,2018-MO-ordinary-general,2018-MO-ordinary-general,2018-11-06,false,excluded,non_LV_population,
538:2018:109:56773:91475,538_archive,2018,MO,109,56773,91475,2018-MO-ordinary-general,2018-MO-ordinary-general,2018-11-06,false,pending,ambiguous_question_preference,Multiple eligible questions; no unique full-ballot choice
538:2018:109:56773:91476,538_archive,2018,MO,109,56773,91476,2018-MO-ordinary-general,2018-MO-ordinary-general,2018-11-06,false,excluded,non_LV_population,
538:2018:112:56723:91369,538_archive,2018,NV,112,56723,91369,2018-NV-ordinary-general,2018-NV-ordinary-general,2018-11-06,false,excluded,partisan_or_internal;contest_pending,
538:2018:118:56682:91293,538_archive,2018,PA,118,56682,91293,2018-PA-ordinary-general,2018-PA-ordinary-general,2018-11-06,false,selected,,Only eligible LV question for this poll/round
538:2018:110:56690:91304,538_archive,2018,MT,110,56690,91304,2018-MT-ordinary-general,2018-MT-ordinary-general,2018-11-06,false,selected,,Only eligible LV question for this poll/round
538:2018:115:56733:91399,538_archive,2018,NY,115,56733,91399,2018-NY-ordinary-general,2018-NY-ordinary-general,2018-11-06,true,selected,,Only eligible LV question for this poll/round
538:2018:114:56732:91395,538_archive,2018,NM,114,56732,91395,2018-NM-ordinary-general,2018-NM-ordinary-general,2018-11-06,true,selected,,Only eligible LV question for this poll/round
538:2018:96:73024:136957,538_archive,2018,AZ,96,73024,136957,2018-AZ-ordinary-general,2018-AZ-ordinary-general,2018-11-06,false,selected,,Only eligible LV question for this poll/round
538:2018:100:73026:136959,538_archive,2018,FL,100,73026,136959,2018-FL-ordinary-general,2018-FL-ordinary-general,2018-11-06,true,selected,,Only eligible LV question for this poll/round
538:2018:102:73028:136961,538_archive,2018,IN,102,73028,136961,2018-IN-ordinary-general,2018-IN-ordinary-general,2018-11-06,false,selected,,Only eligible LV question for this poll/round
538:2018:109:73030:136963,538_archive,2018,MO,109,73030,136963,2018-MO-ordinary-general,2018-MO-ordinary-general,2018-11-06,false,selected,,Only eligible LV question for this poll/round
538:2018:110:73032:136965,538_archive,2018,MT,110,73032,136965,2018-MT-ordinary-general,2018-MT-ordinary-general,2018-11-06,false,selected,,Only eligible LV question for this poll/round
538:2018:112:73034:136967,538_archive,2018,NV,112,73034,136967,2018-NV-ordinary-general,2018-NV-ordinary-general,2018-11-06,false,pending,contest_pending,
538:2018:100:56631:91193,538_archive,2018,FL,100,56631,91193,2018-FL-ordinary-general,2018-FL-ordinary-general,2018-11-06,true,selected,,Only eligible LV question for this poll/round
538:2018:117:56646:91230,538_archive,2018,OH,117,56646,91230,2018-OH-ordinary-general,2018-OH-ordinary-general,2018-11-06,true,pending,contest_pending,
538:2018:96:56649:91237,538_archive,2018,AZ,96,56649,91237,2018-AZ-ordinary-general,2018-AZ-ordinary-general,2018-11-06,false,selected,,Only eligible LV question for this poll/round
538:2018:100:56650:91238,538_archive,2018,FL,100,56650,91238,2018-FL-ordinary-general,2018-FL-ordinary-general,2018-11-06,true,selected,,Only eligible LV question for this poll/round
538:2018:112:56651:91242,538_archive,2018,NV,112,56651,91242,2018-NV-ordinary-general,2018-NV-ordinary-general,2018-11-06,false,pending,contest_pending,
538:2018:107:56652:91459,538_archive,2018,MN,107,56652,91459,2018-MN-ordinary-general,2018-MN-ordinary-general,2018-11-06,false,selected,,Only eligible LV question for this poll/round
538:2018:129:56652:91460,538_archive,2018,MN,129,56652,91460,2018-MN-special-general,2018-MN-special-general,2018-11-06,false,selected,,Only eligible LV question for this poll/round
538:2018:102:56653:91239,538_archive,2018,IN,102,56653,91239,2018-IN-ordinary-general,2018-IN-ordinary-general,2018-11-06,false,selected,,Only eligible LV question for this poll/round
538:2018:109:56654:91240,538_archive,2018,MO,109,56654,91240,2018-MO-ordinary-general,2018-MO-ordinary-general,2018-11-06,false,selected,,Only eligible LV question for this poll/round
538:2018:127:56671:91275,538_archive,2018,WI,127,56671,91275,2018-WI-ordinary-general,2018-WI-ordinary-general,2018-11-06,true,selected,,Only eligible LV question for this poll/round
538:2018:126:56634:91197,538_archive,2018,WV,126,56634,91197,2018-WV-ordinary-general,2018-WV-ordinary-general,2018-11-06,true,pending,contest_pending,
538:2018:120:56705:91341,538_archive,2018,TN,120,56705,91341,2018-TN-ordinary-general,2018-TN-ordinary-general,2018-11-06,false,selected,,Only eligible LV question for this poll/round
538:2018:100:56706:91342,538_archive,2018,FL,100,56706,91342,2018-FL-ordinary-general,2018-FL-ordinary-general,2018-11-06,true,selected,,Only eligible LV question for this poll/round
538:2018:110:56655:91241,538_archive,2018,MT,110,56655,91241,2018-MT-ordinary-general,2018-MT-ordinary-general,2018-11-06,false,selected,,Only eligible LV question for this poll/round
538:2018:113:56677:91286,538_archive,2018,NJ,113,56677,91286,2018-NJ-ordinary-general,2018-NJ-ordinary-general,2018-11-06,false,selected,,Only eligible LV question for this poll/round
538:2018:100:69584:129671,538_archive,2018,FL,100,69584,129671,2018-FL-ordinary-general,2018-FL-ordinary-general,2018-11-06,true,selected,,Only eligible LV question for this poll/round
538:2018:96:73025:136958,538_archive,2018,AZ,96,73025,136958,2018-AZ-ordinary-general,2018-AZ-ordinary-general,2018-11-06,false,selected,,Only eligible LV question for this poll/round
538:2018:100:73027:136960,538_archive,2018,FL,100,73027,136960,2018-FL-ordinary-general,2018-FL-ordinary-general,2018-11-06,true,selected,,Only eligible LV question for this poll/round
538:2018:102:73029:136962,538_archive,2018,IN,102,73029,136962,2018-IN-ordinary-general,2018-IN-ordinary-general,2018-11-06,false,selected,,Only eligible LV question for this poll/round
538:2018:109:73031:136964,538_archive,2018,MO,109,73031,136964,2018-MO-ordinary-general,2018-MO-ordinary-general,2018-11-06,false,selected,,Only eligible LV question for this poll/round
538:2018:110:73033:136966,538_archive,2018,MT,110,73033,136966,2018-MT-ordinary-general,2018-MT-ordinary-general,2018-11-06,false,selected,,Only eligible LV question for this poll/round
538:2018:112:73035:136968,538_archive,2018,NV,112,73035,136968,2018-NV-ordinary-general,2018-NV-ordinary-general,2018-11-06,false,pending,contest_pending,
538:2018:106:56620:91171,538_archive,2018,MI,106,56620,91171,2018-MI-ordinary-general,2018-MI-ordinary-general,2018-11-06,false,selected,,Only eligible LV question for this poll/round
538:2018:100:56638:91210,538_archive,2018,FL,100,56638,91210,2018-FL-ordinary-general,2018-FL-ordinary-general,2018-11-06,true,excluded,partisan_or_internal,
538:2018:117:56661:91258,538_archive,2018,OH,117,56661,91258,2018-OH-ordinary-general,2018-OH-ordinary-general,2018-11-06,true,pending,contest_pending,
538:2018:121:56632:91196,538_archive,2018,TX,121,56632,91196,2018-TX-ordinary-general,2018-TX-ordinary-general,2018-11-06,true,selected,,Only eligible LV question for this poll/round
538:2018:120:56633:91198,538_archive,2018,TN,120,56633,91198,2018-TN-ordinary-general,2018-TN-ordinary-general,2018-11-06,false,selected,,Only eligible LV question for this poll/round
538:2018:100:74940:142773,538_archive,2018,FL,100,74940,142773,2018-FL-ordinary-general,2018-FL-ordinary-general,2018-11-06,true,selected,,Only eligible LV question for this poll/round
538:2018:120:56616:91159,538_archive,2018,TN,120,56616,91159,2018-TN-ordinary-general,2018-TN-ordinary-general,2018-11-06,false,selected,,Only eligible LV question for this poll/round
538:2018:120:56616:91160,538_archive,2018,TN,120,56616,91160,2018-TN-ordinary-general,2018-TN-ordinary-general,2018-11-06,false,excluded,non_LV_population,
538:2018:116:56617:91161,538_archive,2018,ND,116,56617,91161,2018-ND-ordinary-general,2018-ND-ordinary-general,2018-11-06,true,selected,,Only eligible LV question for this poll/round
538:2018:116:56617:91162,538_archive,2018,ND,116,56617,91162,2018-ND-ordinary-general,2018-ND-ordinary-general,2018-11-06,true,excluded,non_LV_population,
538:2018:102:56618:91163,538_archive,2018,IN,102,56618,91163,2018-IN-ordinary-general,2018-IN-ordinary-general,2018-11-06,true,selected,,Only eligible LV question for this poll/round
538:2018:102:56618:91164,538_archive,2018,IN,102,56618,91164,2018-IN-ordinary-general,2018-IN-ordinary-general,2018-11-06,true,excluded,non_LV_population,
538:2018:109:56619:91165,538_archive,2018,MO,109,56619,91165,2018-MO-ordinary-general,2018-MO-ordinary-general,2018-11-06,false,excluded,alternate_question,Same poll/round has a unique full-ballot LV question
538:2018:109:56619:91166,538_archive,2018,MO,109,56619,91166,2018-MO-ordinary-general,2018-MO-ordinary-general,2018-11-06,false,excluded,non_LV_population,
538:2018:109:56619:91167,538_archive,2018,MO,109,56619,91167,2018-MO-ordinary-general,2018-MO-ordinary-general,2018-11-06,true,selected,,Unique full-ballot LV question (Decision 013)
538:2018:109:56619:91168,538_archive,2018,MO,109,56619,91168,2018-MO-ordinary-general,2018-MO-ordinary-general,2018-11-06,true,excluded,non_LV_population,
538:2018:96:56673:91276,538_archive,2018,AZ,96,56673,91276,2018-AZ-ordinary-general,2018-AZ-ordinary-general,2018-11-06,false,selected,,Only eligible LV question for this poll/round
538:2018:100:56674:91277,538_archive,2018,FL,100,56674,91277,2018-FL-ordinary-general,2018-FL-ordinary-general,2018-11-06,true,selected,,Only eligible LV question for this poll/round
538:2018:97:56731:91394,538_archive,2018,CA,97,56731,91394,2018-CA-ordinary-general,2018-CA-ordinary-general,2018-11-06,true,excluded,contest_excluded;question_missing_D_or_R_side,
538:2018:96:56710:91352,538_archive,2018,AZ,96,56710,91352,2018-AZ-ordinary-general,2018-AZ-ordinary-general,2018-11-06,false,selected,,Only eligible LV question for this poll/round
538:2018:100:56711:91353,538_archive,2018,FL,100,56711,91353,2018-FL-ordinary-general,2018-FL-ordinary-general,2018-11-06,true,selected,,Only eligible LV question for this poll/round
538:2018:112:56712:91357,538_archive,2018,NV,112,56712,91357,2018-NV-ordinary-general,2018-NV-ordinary-general,2018-11-06,false,pending,contest_pending,
538:2018:102:56713:91354,538_archive,2018,IN,102,56713,91354,2018-IN-ordinary-general,2018-IN-ordinary-general,2018-11-06,false,selected,,Only eligible LV question for this poll/round
538:2018:109:56714:91355,538_archive,2018,MO,109,56714,91355,2018-MO-ordinary-general,2018-MO-ordinary-general,2018-11-06,false,selected,,Only eligible LV question for this poll/round
538:2018:110:56715:91356,538_archive,2018,MT,110,56715,91356,2018-MT-ordinary-general,2018-MT-ordinary-general,2018-11-06,false,selected,,Only eligible LV question for this poll/round
538:2018:126:56629:91191,538_archive,2018,WV,126,56629,91191,2018-WV-ordinary-general,2018-WV-ordinary-general,2018-11-06,true,pending,contest_pending,
538:2018:107:66738:124507,538_archive,2018,MN,107,66738,124507,2018-MN-ordinary-general,2018-MN-ordinary-general,2018-11-06,false,selected,,Only eligible LV question for this poll/round
538:2018:129:66738:124513,538_archive,2018,MN,129,66738,124513,2018-MN-special-general,2018-MN-special-general,2018-11-06,false,selected,,Only eligible LV question for this poll/round
538:2018:120:56580:91073,538_archive,2018,TN,120,56580,91073,2018-TN-ordinary-general,2018-TN-ordinary-general,2018-11-06,false,selected,,Only eligible LV question for this poll/round
538:2018:113:56589:91084,538_archive,2018,NJ,113,56589,91084,2018-NJ-ordinary-general,2018-NJ-ordinary-general,2018-11-06,false,selected,,Only eligible LV question for this poll/round
538:2018:98:56596:91110,538_archive,2018,CT,98,56596,91110,2018-CT-ordinary-general,2018-CT-ordinary-general,2018-11-06,false,selected,,Only eligible LV question for this poll/round
538:2018:103:56597:91111,538_archive,2018,ME,103,56597,91111,2018-ME-ordinary-general,2018-ME-ordinary-general,2018-11-06,true,selected,,Only eligible LV question for this poll/round
538:2018:100:56610:91144,538_archive,2018,FL,100,56610,91144,2018-FL-ordinary-general,2018-FL-ordinary-general,2018-11-06,true,selected,,Only eligible LV question for this poll/round
538:2018:96:56615:91157,538_archive,2018,AZ,96,56615,91157,2018-AZ-ordinary-general,2018-AZ-ordinary-general,2018-11-06,false,selected,,Only eligible LV question for this poll/round
538:2018:96:56615:91158,538_archive,2018,AZ,96,56615,91158,2018-AZ-ordinary-general,2018-AZ-ordinary-general,2018-11-06,false,excluded,non_LV_population,
538:2018:96:56600:91125,538_archive,2018,AZ,96,56600,91125,2018-AZ-ordinary-general,2018-AZ-ordinary-general,2018-11-06,false,excluded,non_LV_population,
538:2018:96:56600:91126,538_archive,2018,AZ,96,56600,91126,2018-AZ-ordinary-general,2018-AZ-ordinary-general,2018-11-06,false,selected,,Only eligible LV question for this poll/round
538:2018:112:56601:91127,538_archive,2018,NV,112,56601,91127,2018-NV-ordinary-general,2018-NV-ordinary-general,2018-11-06,false,excluded,non_LV_population;contest_pending,
538:2018:112:56601:91128,538_archive,2018,NV,112,56601,91128,2018-NV-ordinary-general,2018-NV-ordinary-general,2018-11-06,false,pending,contest_pending,
538:2018:100:56640:91216,538_archive,2018,FL,100,56640,91216,2018-FL-ordinary-general,2018-FL-ordinary-general,2018-11-06,true,excluded,non_LV_population,
538:2018:100:56640:91217,538_archive,2018,FL,100,56640,91217,2018-FL-ordinary-general,2018-FL-ordinary-general,2018-11-06,true,selected,,Only eligible LV question for this poll/round
538:2018:120:56641:91218,538_archive,2018,TN,120,56641,91218,2018-TN-ordinary-general,2018-TN-ordinary-general,2018-11-06,false,excluded,non_LV_population,
538:2018:120:56641:91219,538_archive,2018,TN,120,56641,91219,2018-TN-ordinary-general,2018-TN-ordinary-general,2018-11-06,false,selected,,Only eligible LV question for this poll/round
538:2018:120:56681:91291,538_archive,2018,TN,120,56681,91291,2018-TN-ordinary-general,2018-TN-ordinary-general,2018-11-06,false,selected,,Only eligible LV question for this poll/round
538:2018:96:56522:90927,538_archive,2018,AZ,96,56522,90927,2018-AZ-ordinary-general,2018-AZ-ordinary-general,2018-11-06,true,selected,,Only eligible LV question for this poll/round
538:2018:117:56544:90976,538_archive,2018,OH,117,56544,90976,2018-OH-ordinary-general,2018-OH-ordinary-general,2018-11-06,false,pending,contest_pending;unresolved_poll_identity;unresolved_poll_side,
538:2018:100:56554:90991,538_archive,2018,FL,100,56554,90991,2018-FL-ordinary-general,2018-FL-ordinary-general,2018-11-06,true,selected,,Only eligible LV question for this poll/round
538:2018:105:56606:91139,538_archive,2018,MA,105,56606,91139,2018-MA-ordinary-general,2018-MA-ordinary-general,2018-11-06,true,selected,,Only eligible LV question for this poll/round
538:2018:105:56512:90913,538_archive,2018,MA,105,56512,90913,2018-MA-ordinary-general,2018-MA-ordinary-general,2018-11-06,true,selected,,Only eligible LV question for this poll/round
538:2018:127:56602:91132,538_archive,2018,WI,127,56602,91132,2018-WI-ordinary-general,2018-WI-ordinary-general,2018-11-06,true,selected,,Only eligible LV question for this poll/round
538:2018:127:56602:91133,538_archive,2018,WI,127,56602,91133,2018-WI-ordinary-general,2018-WI-ordinary-general,2018-11-06,true,excluded,non_LV_population,
538:2018:102:56612:91146,538_archive,2018,IN,102,56612,91146,2018-IN-ordinary-general,2018-IN-ordinary-general,2018-11-06,true,excluded,non_LV_population,
538:2018:102:56612:91147,538_archive,2018,IN,102,56612,91147,2018-IN-ordinary-general,2018-IN-ordinary-general,2018-11-06,false,excluded,alternate_question,Same poll/round has a unique full-ballot LV question
538:2018:102:56612:91148,538_archive,2018,IN,102,56612,91148,2018-IN-ordinary-general,2018-IN-ordinary-general,2018-11-06,true,selected,,Unique full-ballot LV question (Decision 013)
538:2018:102:56612:91149,538_archive,2018,IN,102,56612,91149,2018-IN-ordinary-general,2018-IN-ordinary-general,2018-11-06,false,excluded,non_LV_population,
538:2018:121:56513:90915,538_archive,2018,TX,121,56513,90915,2018-TX-ordinary-general,2018-TX-ordinary-general,2018-11-06,false,selected,,Only eligible LV question for this poll/round
538:2018:98:56538:90962,538_archive,2018,CT,98,56538,90962,2018-CT-ordinary-general,2018-CT-ordinary-general,2018-11-06,false,selected,,Only eligible LV question for this poll/round
538:2018:118:56628:91189,538_archive,2018,PA,118,56628,91189,2018-PA-ordinary-general,2018-PA-ordinary-general,2018-11-06,true,excluded,non_LV_population,
538:2018:118:56628:91190,538_archive,2018,PA,118,56628,91190,2018-PA-ordinary-general,2018-PA-ordinary-general,2018-11-06,false,selected,,Only eligible LV question for this poll/round
538:2018:121:56590:91092,538_archive,2018,TX,121,56590,91092,2018-TX-ordinary-general,2018-TX-ordinary-general,2018-11-06,false,excluded,non_LV_population,
538:2018:121:56590:91093,538_archive,2018,TX,121,56590,91093,2018-TX-ordinary-general,2018-TX-ordinary-general,2018-11-06,false,selected,,Only eligible LV question for this poll/round
538:2018:102:56557:90994,538_archive,2018,IN,102,56557,90994,2018-IN-ordinary-general,2018-IN-ordinary-general,2018-11-06,false,selected,,Only eligible LV question for this poll/round
538:2018:109:56558:90995,538_archive,2018,MO,109,56558,90995,2018-MO-ordinary-general,2018-MO-ordinary-general,2018-11-06,false,selected,,Only eligible LV question for this poll/round
538:2018:120:56604:91137,538_archive,2018,TN,120,56604,91137,2018-TN-ordinary-general,2018-TN-ordinary-general,2018-11-06,false,selected,,Only eligible LV question for this poll/round
538:2018:106:56520:90929,538_archive,2018,MI,106,56520,90929,2018-MI-ordinary-general,2018-MI-ordinary-general,2018-11-06,true,selected,,Only eligible LV question for this poll/round
538:2018:100:56450:90791,538_archive,2018,FL,100,56450,90791,2018-FL-ordinary-general,2018-FL-ordinary-general,2018-11-06,true,selected,,Only eligible LV question for this poll/round
538:2018:100:56450:90792,538_archive,2018,FL,100,56450,90792,2018-FL-ordinary-general,2018-FL-ordinary-general,2018-11-06,true,excluded,non_LV_population,
538:2018:96:56539:90963,538_archive,2018,AZ,96,56539,90963,2018-AZ-ordinary-general,2018-AZ-ordinary-general,2018-11-06,false,excluded,alternate_question,Same poll/round has a unique full-ballot LV question
538:2018:96:56539:90964,538_archive,2018,AZ,96,56539,90964,2018-AZ-ordinary-general,2018-AZ-ordinary-general,2018-11-06,false,excluded,non_LV_population,
538:2018:96:56539:90965,538_archive,2018,AZ,96,56539,90965,2018-AZ-ordinary-general,2018-AZ-ordinary-general,2018-11-06,true,selected,,Unique full-ballot LV question (Decision 013)
538:2018:96:56539:90966,538_archive,2018,AZ,96,56539,90966,2018-AZ-ordinary-general,2018-AZ-ordinary-general,2018-11-06,true,excluded,non_LV_population,
538:2018:111:56561:90999,538_archive,2018,NE,111,56561,90999,2018-NE-ordinary-general,2018-NE-ordinary-general,2018-11-06,false,excluded,partisan_or_internal,
538:2018:120:56577:91065,538_archive,2018,TN,120,56577,91065,2018-TN-ordinary-general,2018-TN-ordinary-general,2018-11-06,false,selected,,Only eligible LV question for this poll/round
538:2018:120:56577:91066,538_archive,2018,TN,120,56577,91066,2018-TN-ordinary-general,2018-TN-ordinary-general,2018-11-06,false,excluded,non_LV_population,
538:2018:117:56541:90971,538_archive,2018,OH,117,56541,90971,2018-OH-ordinary-general,2018-OH-ordinary-general,2018-11-06,true,pending,contest_pending,
538:2018:105:56585:91085,538_archive,2018,MA,105,56585,91085,2018-MA-ordinary-general,2018-MA-ordinary-general,2018-11-06,true,selected,,Only eligible LV question for this poll/round
538:2018:105:56585:91120,538_archive,2018,MA,105,56585,91120,2018-MA-ordinary-general,2018-MA-ordinary-general,2018-11-06,true,excluded,non_LV_population,
538:2018:121:56562:91001,538_archive,2018,TX,121,56562,91001,2018-TX-ordinary-general,2018-TX-ordinary-general,2018-11-06,false,selected,,Only eligible LV question for this poll/round
538:2018:106:56507:90904,538_archive,2018,MI,106,56507,90904,2018-MI-ordinary-general,2018-MI-ordinary-general,2018-11-06,false,selected,,Only eligible LV question for this poll/round
538:2018:114:56508:90905,538_archive,2018,NM,114,56508,90905,2018-NM-ordinary-general,2018-NM-ordinary-general,2018-11-06,true,selected,,Only eligible LV question for this poll/round
538:2018:113:56509:90903,538_archive,2018,NJ,113,56509,90903,2018-NJ-ordinary-general,2018-NJ-ordinary-general,2018-11-06,false,selected,,Only eligible LV question for this poll/round
538:2018:110:56546:90981,538_archive,2018,MT,110,56546,90981,2018-MT-ordinary-general,2018-MT-ordinary-general,2018-11-06,false,selected,,Only eligible LV question for this poll/round
538:2018:112:56683:91296,538_archive,2018,NV,112,56683,91296,2018-NV-ordinary-general,2018-NV-ordinary-general,2018-11-06,false,pending,contest_pending,
538:2018:96:56497:90884,538_archive,2018,AZ,96,56497,90884,2018-AZ-ordinary-general,2018-AZ-ordinary-general,2018-11-06,false,selected,,Only eligible LV question for this poll/round
538:2018:100:56498:90886,538_archive,2018,FL,100,56498,90886,2018-FL-ordinary-general,2018-FL-ordinary-general,2018-11-06,true,selected,,Only eligible LV question for this poll/round
538:2018:102:56499:90885,538_archive,2018,IN,102,56499,90885,2018-IN-ordinary-general,2018-IN-ordinary-general,2018-11-06,true,selected,,Only eligible LV question for this poll/round
538:2018:100:56537:90956,538_archive,2018,FL,100,56537,90956,2018-FL-ordinary-general,2018-FL-ordinary-general,2018-11-06,true,selected,,Only eligible LV question for this poll/round
538:2018:96:56586:91086,538_archive,2018,AZ,96,56586,91086,2018-AZ-ordinary-general,2018-AZ-ordinary-general,2018-11-06,false,selected,,Only eligible LV question for this poll/round
538:2018:96:56586:91094,538_archive,2018,AZ,96,56586,91094,2018-AZ-ordinary-general,2018-AZ-ordinary-general,2018-11-06,false,excluded,non_LV_population,
538:2018:106:56488:90863,538_archive,2018,MI,106,56488,90863,2018-MI-ordinary-general,2018-MI-ordinary-general,2018-11-06,false,selected,,Only eligible LV question for this poll/round
538:2018:109:56493:90872,538_archive,2018,MO,109,56493,90872,2018-MO-ordinary-general,2018-MO-ordinary-general,2018-11-06,true,selected,,Only eligible LV question for this poll/round
538:2018:97:56595:91106,538_archive,2018,CA,97,56595,91106,2018-CA-ordinary-general,2018-CA-ordinary-general,2018-11-06,true,excluded,contest_excluded;question_missing_D_or_R_side,
538:2018:100:56587:91087,538_archive,2018,FL,100,56587,91087,2018-FL-ordinary-general,2018-FL-ordinary-general,2018-11-06,true,selected,,Only eligible LV question for this poll/round
538:2018:100:56587:91095,538_archive,2018,FL,100,56587,91095,2018-FL-ordinary-general,2018-FL-ordinary-general,2018-11-06,true,excluded,non_LV_population,
538:2018:116:56566:91006,538_archive,2018,ND,116,56566,91006,2018-ND-ordinary-general,2018-ND-ordinary-general,2018-11-06,true,excluded,partisan_or_internal,
538:2018:106:56743:91420,538_archive,2018,MI,106,56743,91420,2018-MI-ordinary-general,2018-MI-ordinary-general,2018-11-06,true,selected,,Only eligible LV question for this poll/round
538:2018:119:56518:90931,538_archive,2018,RI,119,56518,90931,2018-RI-ordinary-general,2018-RI-ordinary-general,2018-11-06,true,selected,,Only eligible LV question for this poll/round
538:2018:114:56479:90847,538_archive,2018,NM,114,56479,90847,2018-NM-ordinary-general,2018-NM-ordinary-general,2018-11-06,true,selected,,Only eligible LV question for this poll/round
538:2018:97:56669:91269,538_archive,2018,CA,97,56669,91269,2018-CA-ordinary-general,2018-CA-ordinary-general,2018-11-06,true,excluded,non_LV_population;contest_excluded;question_missing_D_or_R_side,
538:2018:100:56419:90691,538_archive,2018,FL,100,56419,90691,2018-FL-ordinary-general,2018-FL-ordinary-general,2018-11-06,true,selected,,Only eligible LV question for this poll/round
538:2018:96:56625:91182,538_archive,2018,AZ,96,56625,91182,2018-AZ-ordinary-general,2018-AZ-ordinary-general,2018-11-06,true,selected,,Only eligible LV question for this poll/round
538:2018:106:56452:90800,538_archive,2018,MI,106,56452,90800,2018-MI-ordinary-general,2018-MI-ordinary-general,2018-11-06,false,selected,,Only eligible LV question for this poll/round
538:2018:100:56466:90818,538_archive,2018,FL,100,56466,90818,2018-FL-ordinary-general,2018-FL-ordinary-general,2018-11-06,true,selected,,Only eligible LV question for this poll/round
538:2018:106:56379:90637,538_archive,2018,MI,106,56379,90637,2018-MI-ordinary-general,2018-MI-ordinary-general,2018-11-06,false,excluded,partisan_or_internal,
538:2018:100:56429:90710,538_archive,2018,FL,100,56429,90710,2018-FL-ordinary-general,2018-FL-ordinary-general,2018-11-06,true,selected,,Only eligible LV question for this poll/round
538:2018:106:56485:90859,538_archive,2018,MI,106,56485,90859,2018-MI-ordinary-general,2018-MI-ordinary-general,2018-11-06,false,excluded,non_LV_population,
538:2018:100:56344:90578,538_archive,2018,FL,100,56344,90578,2018-FL-ordinary-general,2018-FL-ordinary-general,2018-11-06,true,selected,,Only eligible LV question for this poll/round
538:2018:100:56365:90606,538_archive,2018,FL,100,56365,90606,2018-FL-ordinary-general,2018-FL-ordinary-general,2018-11-06,true,selected,,Only eligible LV question for this poll/round
538:2018:121:56386:90645,538_archive,2018,TX,121,56386,90645,2018-TX-ordinary-general,2018-TX-ordinary-general,2018-11-06,true,excluded,partisan_or_internal,
538:2018:100:56390:90651,538_archive,2018,FL,100,56390,90651,2018-FL-ordinary-general,2018-FL-ordinary-general,2018-11-06,true,selected,,Only eligible LV question for this poll/round
538:2018:100:56353:90589,538_archive,2018,FL,100,56353,90589,2018-FL-ordinary-general,2018-FL-ordinary-general,2018-11-06,true,selected,,Only eligible LV question for this poll/round
538:2018:121:56481:90848,538_archive,2018,TX,121,56481,90848,2018-TX-ordinary-general,2018-TX-ordinary-general,2018-11-06,true,selected,,Only eligible LV question for this poll/round
538:2018:97:56451:90796,538_archive,2018,CA,97,56451,90796,2018-CA-ordinary-general,2018-CA-ordinary-general,2018-11-06,true,excluded,contest_excluded;question_missing_D_or_R_side,
538:2018:100:56335:90561,538_archive,2018,FL,100,56335,90561,2018-FL-ordinary-general,2018-FL-ordinary-general,2018-11-06,true,excluded,partisan_or_internal,
538:2018:100:56334:90558,538_archive,2018,FL,100,56334,90558,2018-FL-ordinary-general,2018-FL-ordinary-general,2018-11-06,true,excluded,non_LV_population,
538:2018:100:56334:90559,538_archive,2018,FL,100,56334,90559,2018-FL-ordinary-general,2018-FL-ordinary-general,2018-11-06,true,selected,,Only eligible LV question for this poll/round
538:2018:102:56375:90632,538_archive,2018,IN,102,56375,90632,2018-IN-ordinary-general,2018-IN-ordinary-general,2018-11-06,true,selected,,Only eligible LV question for this poll/round
538:2018:97:56345:90581,538_archive,2018,CA,97,56345,90581,2018-CA-ordinary-general,2018-CA-ordinary-general,2018-11-06,true,excluded,contest_excluded;question_missing_D_or_R_side,
538:2018:96:56263:90409,538_archive,2018,AZ,96,56263,90409,2018-AZ-ordinary-general,2018-AZ-ordinary-general,2018-11-06,false,selected,,Only eligible LV question for this poll/round
538:2018:96:56263:90410,538_archive,2018,AZ,96,56263,90410,2018-AZ-ordinary-general,2018-AZ-ordinary-general,2018-11-06,false,excluded,non_LV_population,
538:2018:126:56355:90591,538_archive,2018,WV,126,56355,90591,2018-WV-ordinary-general,2018-WV-ordinary-general,2018-11-06,true,pending,contest_pending,
538:2018:116:56356:90592,538_archive,2018,ND,116,56356,90592,2018-ND-ordinary-general,2018-ND-ordinary-general,2018-11-06,true,selected,,Only eligible LV question for this poll/round
538:2018:112:56414:90684,538_archive,2018,NV,112,56414,90684,2018-NV-ordinary-general,2018-NV-ordinary-general,2018-11-06,false,pending,contest_pending,
538:2018:112:56414:90698,538_archive,2018,NV,112,56414,90698,2018-NV-ordinary-general,2018-NV-ordinary-general,2018-11-06,false,excluded,non_LV_population;contest_pending,
538:2018:113:56416:90686,538_archive,2018,NJ,113,56416,90686,2018-NJ-ordinary-general,2018-NJ-ordinary-general,2018-11-06,false,selected,,Only eligible LV question for this poll/round
538:2018:113:56416:90687,538_archive,2018,NJ,113,56416,90687,2018-NJ-ordinary-general,2018-NJ-ordinary-general,2018-11-06,false,excluded,non_LV_population,
538:2018:109:56325:90542,538_archive,2018,MO,109,56325,90542,2018-MO-ordinary-general,2018-MO-ordinary-general,2018-11-06,true,selected,,Only eligible LV question for this poll/round
538:2018:109:56417:90688,538_archive,2018,MO,109,56417,90688,2018-MO-ordinary-general,2018-MO-ordinary-general,2018-11-06,false,excluded,partisan_or_internal,
538:2018:126:56440:90735,538_archive,2018,WV,126,56440,90735,2018-WV-ordinary-general,2018-WV-ordinary-general,2018-11-06,true,excluded,partisan_or_internal;contest_pending,
538:2018:126:56440:90736,538_archive,2018,WV,126,56440,90736,2018-WV-ordinary-general,2018-WV-ordinary-general,2018-11-06,false,excluded,partisan_or_internal;contest_pending,
538:2018:100:56360:90598,538_archive,2018,FL,100,56360,90598,2018-FL-ordinary-general,2018-FL-ordinary-general,2018-11-06,true,excluded,partisan_or_internal,
538:2018:106:56362:90713,538_archive,2018,MI,106,56362,90713,2018-MI-ordinary-general,2018-MI-ordinary-general,2018-11-06,false,selected,,Only eligible LV question for this poll/round
538:2018:130:56373:90618,538_archive,2018,MS,130,56373,90618,2018-MS-special-first,2018-MS-special-first,2018-11-06,true,pending,contest_pending,
538:2018:130:56373:90619,538_archive,2018,MS,130,56373,90619,2018-MS-special-first,2018-MS-special-first,2018-11-06,true,excluded,non_LV_population;contest_pending,
538:2018:6209:56373:90620,538_archive,2018,MS,6209,56373,90620,2018-MS-special-runoff,2018-MS-special-runoff,2018-11-27,true,selected,,Only eligible LV question for this poll/round
538:2018:6209:56373:90621,538_archive,2018,MS,6209,56373,90621,2018-MS-special-runoff,2018-MS-special-runoff,2018-11-27,true,excluded,non_LV_population,
538:2018:130:56373:90622,538_archive,2018,MS,130,56373,90622,2018-MS-special-first,2018-MS-special-first,2018-11-06,false,pending,contest_pending,
538:2018:130:56373:90623,538_archive,2018,MS,130,56373,90623,2018-MS-special-first,2018-MS-special-first,2018-11-06,false,excluded,non_LV_population;contest_pending,
538:2018:108:56373:90624,538_archive,2018,MS,108,56373,90624,2018-MS-ordinary-general,2018-MS-ordinary-general,2018-11-06,false,excluded,alternate_question,Same poll/round has a unique full-ballot LV question
538:2018:108:56373:90625,538_archive,2018,MS,108,56373,90625,2018-MS-ordinary-general,2018-MS-ordinary-general,2018-11-06,false,excluded,non_LV_population,
538:2018:108:56373:90626,538_archive,2018,MS,108,56373,90626,2018-MS-ordinary-general,2018-MS-ordinary-general,2018-11-06,true,selected,,Unique full-ballot LV question (Decision 013)
538:2018:108:56373:90627,538_archive,2018,MS,108,56373,90627,2018-MS-ordinary-general,2018-MS-ordinary-general,2018-11-06,true,excluded,non_LV_population,
538:2018:121:56413:90683,538_archive,2018,TX,121,56413,90683,2018-TX-ordinary-general,2018-TX-ordinary-general,2018-11-06,false,selected,,Only eligible LV question for this poll/round
538:2018:121:56413:90697,538_archive,2018,TX,121,56413,90697,2018-TX-ordinary-general,2018-TX-ordinary-general,2018-11-06,false,excluded,non_LV_population,
538:2018:127:56415:90685,538_archive,2018,WI,127,56415,90685,2018-WI-ordinary-general,2018-WI-ordinary-general,2018-11-06,true,selected,,Only eligible LV question for this poll/round
538:2018:127:56415:90699,538_archive,2018,WI,127,56415,90699,2018-WI-ordinary-general,2018-WI-ordinary-general,2018-11-06,true,excluded,non_LV_population,
538:2018:110:56483:90850,538_archive,2018,MT,110,56483,90850,2018-MT-ordinary-general,2018-MT-ordinary-general,2018-11-06,true,selected,,Only eligible LV question for this poll/round
538:2018:96:56316:90513,538_archive,2018,AZ,96,56316,90513,2018-AZ-ordinary-general,2018-AZ-ordinary-general,2018-11-06,true,pending,ambiguous_question_preference,Multiple eligible questions; no unique full-ballot choice
538:2018:96:56316:90514,538_archive,2018,AZ,96,56316,90514,2018-AZ-ordinary-general,2018-AZ-ordinary-general,2018-11-06,true,pending,ambiguous_question_preference,Multiple eligible questions; no unique full-ballot choice
538:2018:107:56330:90566,538_archive,2018,MN,107,56330,90566,2018-MN-ordinary-general,2018-MN-ordinary-general,2018-11-06,true,selected,,Only eligible LV question for this poll/round
538:2018:129:56330:90567,538_archive,2018,MN,129,56330,90567,2018-MN-special-general,2018-MN-special-general,2018-11-06,true,selected,,Only eligible LV question for this poll/round
538:2018:102:56347:90583,538_archive,2018,IN,102,56347,90583,2018-IN-ordinary-general,2018-IN-ordinary-general,2018-11-06,true,excluded,partisan_or_internal,
538:2018:113:73169:137170,538_archive,2018,NJ,113,73169,137170,2018-NJ-ordinary-general,2018-NJ-ordinary-general,2018-11-06,false,excluded,partisan_or_internal,
538:2018:100:56267:90420,538_archive,2018,FL,100,56267,90420,2018-FL-ordinary-general,2018-FL-ordinary-general,2018-11-06,true,selected,,Only eligible LV question for this poll/round
538:2018:112:56317:90515,538_archive,2018,NV,112,56317,90515,2018-NV-ordinary-general,2018-NV-ordinary-general,2018-11-06,false,excluded,non_LV_population;partisan_or_internal;contest_pending,
538:2018:102:56280:90438,538_archive,2018,IN,102,56280,90438,2018-IN-ordinary-general,2018-IN-ordinary-general,2018-11-06,true,selected,,Only eligible LV question for this poll/round
538:2018:102:56359:90595,538_archive,2018,IN,102,56359,90595,2018-IN-ordinary-general,2018-IN-ordinary-general,2018-11-06,true,selected,,Only eligible LV question for this poll/round
538:2018:113:56278:90435,538_archive,2018,NJ,113,56278,90435,2018-NJ-ordinary-general,2018-NJ-ordinary-general,2018-11-06,false,selected,,Only eligible LV question for this poll/round
538:2018:115:56301:90482,538_archive,2018,NY,115,56301,90482,2018-NY-ordinary-general,2018-NY-ordinary-general,2018-11-06,true,selected,,Only eligible LV question for this poll/round
538:2018:103:56313:90510,538_archive,2018,ME,103,56313,90510,2018-ME-ordinary-general,2018-ME-ordinary-general,2018-11-06,true,excluded,partisan_or_internal,
538:2018:112:56293:90472,538_archive,2018,NV,112,56293,90472,2018-NV-ordinary-general,2018-NV-ordinary-general,2018-11-06,false,pending,contest_pending,
538:2018:102:56297:90471,538_archive,2018,IN,102,56297,90471,2018-IN-ordinary-general,2018-IN-ordinary-general,2018-11-06,false,selected,,Only eligible LV question for this poll/round
538:2018:126:56298:90473,538_archive,2018,WV,126,56298,90473,2018-WV-ordinary-general,2018-WV-ordinary-general,2018-11-06,false,pending,contest_pending,
538:2018:113:56302:90485,538_archive,2018,NJ,113,56302,90485,2018-NJ-ordinary-general,2018-NJ-ordinary-general,2018-11-06,false,pending,ambiguous_question_preference,Multiple eligible questions; no unique full-ballot choice
538:2018:113:56302:90494,538_archive,2018,NJ,113,56302,90494,2018-NJ-ordinary-general,2018-NJ-ordinary-general,2018-11-06,false,pending,ambiguous_question_preference,Multiple eligible questions; no unique full-ballot choice
538:2018:113:56302:90495,538_archive,2018,NJ,113,56302,90495,2018-NJ-ordinary-general,2018-NJ-ordinary-general,2018-11-06,false,pending,ambiguous_question_preference,Multiple eligible questions; no unique full-ballot choice
538:2018:97:56243:90339,538_archive,2018,CA,97,56243,90339,2018-CA-ordinary-general,2018-CA-ordinary-general,2018-11-06,true,excluded,contest_excluded;question_missing_D_or_R_side,
538:2018:121:56232:90312,538_archive,2018,TX,121,56232,90312,2018-TX-ordinary-general,2018-TX-ordinary-general,2018-11-06,true,excluded,partisan_or_internal,
538:2018:123:56339:90575,538_archive,2018,VT,123,56339,90575,2018-VT-ordinary-general,2018-VT-ordinary-general,2018-11-06,false,pending,contest_pending,
538:2018:97:56268:90483,538_archive,2018,CA,97,56268,90483,2018-CA-ordinary-general,2018-CA-ordinary-general,2018-11-06,true,excluded,contest_excluded;question_missing_D_or_R_side,
538:2018:97:56268:90484,538_archive,2018,CA,97,56268,90484,2018-CA-ordinary-general,2018-CA-ordinary-general,2018-11-06,true,excluded,non_LV_population;contest_excluded;question_missing_D_or_R_side,
538:2018:107:56196:90243,538_archive,2018,MN,107,56196,90243,2018-MN-ordinary-general,2018-MN-ordinary-general,2018-11-06,true,selected,,Only eligible LV question for this poll/round
538:2018:129:56196:90244,538_archive,2018,MN,129,56196,90244,2018-MN-special-general,2018-MN-special-general,2018-11-06,true,selected,,Only eligible LV question for this poll/round
538:2018:109:56225:90302,538_archive,2018,MO,109,56225,90302,2018-MO-ordinary-general,2018-MO-ordinary-general,2018-11-06,false,excluded,partisan_or_internal,
538:2018:126:56226:90303,538_archive,2018,WV,126,56226,90303,2018-WV-ordinary-general,2018-WV-ordinary-general,2018-11-06,false,excluded,partisan_or_internal;contest_pending,
538:2018:121:56237:90327,538_archive,2018,TX,121,56237,90327,2018-TX-ordinary-general,2018-TX-ordinary-general,2018-11-06,false,selected,,Only eligible LV question for this poll/round
538:2018:121:56237:90328,538_archive,2018,TX,121,56237,90328,2018-TX-ordinary-general,2018-TX-ordinary-general,2018-11-06,false,excluded,non_LV_population,
538:2018:121:56208:90274,538_archive,2018,TX,121,56208,90274,2018-TX-ordinary-general,2018-TX-ordinary-general,2018-11-06,true,excluded,partisan_or_internal,
538:2018:120:56291:90469,538_archive,2018,TN,120,56291,90469,2018-TN-ordinary-general,2018-TN-ordinary-general,2018-11-06,false,excluded,non_LV_population,
538:2018:110:56394:90655,538_archive,2018,MT,110,56394,90655,2018-MT-ordinary-general,2018-MT-ordinary-general,2018-11-06,true,selected,,Only eligible LV question for this poll/round
538:2018:112:56204:90265,538_archive,2018,NV,112,56204,90265,2018-NV-ordinary-general,2018-NV-ordinary-general,2018-11-06,false,pending,contest_pending,
538:2018:120:56704:91339,538_archive,2018,TN,120,56704,91339,2018-TN-ordinary-general,2018-TN-ordinary-general,2018-11-06,false,selected,,Only eligible LV question for this poll/round
538:2018:120:56704:91340,538_archive,2018,TN,120,56704,91340,2018-TN-ordinary-general,2018-TN-ordinary-general,2018-11-06,false,excluded,non_LV_population,
538:2018:127:56207:90273,538_archive,2018,WI,127,56207,90273,2018-WI-ordinary-general,2018-WI-ordinary-general,2018-11-06,true,excluded,non_LV_population;partisan_or_internal,
538:2018:121:56090:89955,538_archive,2018,TX,121,56090,89955,2018-TX-ordinary-general,2018-TX-ordinary-general,2018-11-06,false,selected,,Only eligible LV question for this poll/round
538:2018:121:56090:89956,538_archive,2018,TX,121,56090,89956,2018-TX-ordinary-general,2018-TX-ordinary-general,2018-11-06,false,excluded,non_LV_population,
538:2018:120:56118:90074,538_archive,2018,TN,120,56118,90074,2018-TN-ordinary-general,2018-TN-ordinary-general,2018-11-06,false,selected,,Only eligible LV question for this poll/round
538:2018:120:56118:90075,538_archive,2018,TN,120,56118,90075,2018-TN-ordinary-general,2018-TN-ordinary-general,2018-11-06,false,excluded,non_LV_population,
538:2018:120:56270:90419,538_archive,2018,TN,120,56270,90419,2018-TN-ordinary-general,2018-TN-ordinary-general,2018-11-06,false,selected,,Only eligible LV question for this poll/round
538:2018:120:56270:90425,538_archive,2018,TN,120,56270,90425,2018-TN-ordinary-general,2018-TN-ordinary-general,2018-11-06,false,excluded,non_LV_population,
538:2018:96:56162:90162,538_archive,2018,AZ,96,56162,90162,2018-AZ-ordinary-general,2018-AZ-ordinary-general,2018-11-06,false,excluded,partisan_or_internal,
538:2018:96:56162:136798,538_archive,2018,AZ,96,56162,136798,2018-AZ-ordinary-general,2018-AZ-ordinary-general,2018-11-06,false,excluded,partisan_or_internal;missing_population,
538:2018:112:56123:90080,538_archive,2018,NV,112,56123,90080,2018-NV-ordinary-general,2018-NV-ordinary-general,2018-11-06,false,pending,contest_pending,
538:2018:112:56123:90081,538_archive,2018,NV,112,56123,90081,2018-NV-ordinary-general,2018-NV-ordinary-general,2018-11-06,false,excluded,non_LV_population;contest_pending,
538:2018:102:56348:90584,538_archive,2018,IN,102,56348,90584,2018-IN-ordinary-general,2018-IN-ordinary-general,2018-11-06,true,excluded,partisan_or_internal,
538:2018:126:56145:90120,538_archive,2018,WV,126,56145,90120,2018-WV-ordinary-general,2018-WV-ordinary-general,2018-11-06,true,excluded,partisan_or_internal;contest_pending,
538:2018:113:56304:90488,538_archive,2018,NJ,113,56304,90488,2018-NJ-ordinary-general,2018-NJ-ordinary-general,2018-11-06,false,excluded,partisan_or_internal,
538:2018:119:56160:90208,538_archive,2018,RI,119,56160,90208,2018-RI-ordinary-general,2018-RI-ordinary-general,2018-11-06,true,excluded,non_LV_population,
538:2018:125:56148:90304,538_archive,2018,WA,125,56148,90304,2018-WA-ordinary-general,2018-WA-ordinary-general,2018-11-06,true,excluded,non_LV_population,
538:2018:121:56154:90142,538_archive,2018,TX,121,56154,90142,2018-TX-ordinary-general,2018-TX-ordinary-general,2018-11-06,false,selected,,Only eligible LV question for this poll/round
538:2018:122:56202:90260,538_archive,2018,UT,122,56202,90260,2018-UT-ordinary-general,2018-UT-ordinary-general,2018-11-06,false,excluded,non_LV_population,
538:2018:117:56130:90096,538_archive,2018,OH,117,56130,90096,2018-OH-ordinary-general,2018-OH-ordinary-general,2018-11-06,false,pending,contest_pending;unresolved_poll_identity;unresolved_poll_side,
538:2018:98:56129:90095,538_archive,2018,CT,98,56129,90095,2018-CT-ordinary-general,2018-CT-ordinary-general,2018-11-06,false,selected,,Only eligible LV question for this poll/round
538:2018:117:56094:89969,538_archive,2018,OH,117,56094,89969,2018-OH-ordinary-general,2018-OH-ordinary-general,2018-11-06,true,pending,contest_pending,
538:2018:127:56142:90114,538_archive,2018,WI,127,56142,90114,2018-WI-ordinary-general,2018-WI-ordinary-general,2018-11-06,true,selected,,Only eligible LV question for this poll/round
538:2018:127:56142:90115,538_archive,2018,WI,127,56142,90115,2018-WI-ordinary-general,2018-WI-ordinary-general,2018-11-06,true,excluded,non_LV_population,
538:2018:105:56133:90097,538_archive,2018,MA,105,56133,90097,2018-MA-ordinary-general,2018-MA-ordinary-general,2018-11-06,true,excluded,non_LV_population,
538:2018:105:56133:90098,538_archive,2018,MA,105,56133,90098,2018-MA-ordinary-general,2018-MA-ordinary-general,2018-11-06,true,selected,,Only eligible LV question for this poll/round
538:2018:103:56319:90518,538_archive,2018,ME,103,56319,90518,2018-ME-ordinary-general,2018-ME-ordinary-general,2018-11-06,true,selected,,Only eligible LV question for this poll/round
538:2018:106:56153:90141,538_archive,2018,MI,106,56153,90141,2018-MI-ordinary-general,2018-MI-ordinary-general,2018-11-06,false,excluded,partisan_or_internal,
538:2018:109:56137:90101,538_archive,2018,MO,109,56137,90101,2018-MO-ordinary-general,2018-MO-ordinary-general,2018-11-06,true,selected,,Only eligible LV question for this poll/round
538:2018:109:56137:90106,538_archive,2018,MO,109,56137,90106,2018-MO-ordinary-general,2018-MO-ordinary-general,2018-11-06,true,excluded,non_LV_population,
538:2018:109:56155:90143,538_archive,2018,MO,109,56155,90143,2018-MO-ordinary-general,2018-MO-ordinary-general,2018-11-06,true,selected,,Only eligible LV question for this poll/round
538:2018:97:56272:90422,538_archive,2018,CA,97,56272,90422,2018-CA-ordinary-general,2018-CA-ordinary-general,2018-11-06,true,excluded,contest_excluded;question_missing_D_or_R_side,
538:2018:109:72879:136748,538_archive,2018,MO,109,72879,136748,2018-MO-ordinary-general,2018-MO-ordinary-general,2018-11-06,false,pending,missing_population,
538:2018:104:56124:90259,538_archive,2018,MD,104,56124,90259,2018-MD-ordinary-general,2018-MD-ordinary-general,2018-11-06,false,excluded,partisan_or_internal,
538:2018:119:56114:90068,538_archive,2018,RI,119,56114,90068,2018-RI-ordinary-general,2018-RI-ordinary-general,2018-11-06,true,selected,,Only eligible LV question for this poll/round
538:2018:110:56378:90636,538_archive,2018,MT,110,56378,90636,2018-MT-ordinary-general,2018-MT-ordinary-general,2018-11-06,true,excluded,non_LV_population,
538:2018:96:56074:89933,538_archive,2018,AZ,96,56074,89933,2018-AZ-ordinary-general,2018-AZ-ordinary-general,2018-11-06,false,selected,,Only eligible LV question for this poll/round
538:2018:113:56075:89934,538_archive,2018,NJ,113,56075,89934,2018-NJ-ordinary-general,2018-NJ-ordinary-general,2018-11-06,false,selected,,Only eligible LV question for this poll/round
538:2018:120:56076:89935,538_archive,2018,TN,120,56076,89935,2018-TN-ordinary-general,2018-TN-ordinary-general,2018-11-06,false,selected,,Only eligible LV question for this poll/round
538:2018:121:56077:89936,538_archive,2018,TX,121,56077,89936,2018-TX-ordinary-general,2018-TX-ordinary-general,2018-11-06,false,selected,,Only eligible LV question for this poll/round
538:2018:121:56079:89940,538_archive,2018,TX,121,56079,89940,2018-TX-ordinary-general,2018-TX-ordinary-general,2018-11-06,false,selected,,Only eligible LV question for this poll/round
538:2018:100:56084:89946,538_archive,2018,FL,100,56084,89946,2018-FL-ordinary-general,2018-FL-ordinary-general,2018-11-06,true,selected,,Only eligible LV question for this poll/round
538:2018:129:56149:90128,538_archive,2018,MN,129,56149,90128,2018-MN-special-general,2018-MN-special-general,2018-11-06,false,selected,,Only eligible LV question for this poll/round
538:2018:129:56149:90129,538_archive,2018,MN,129,56149,90129,2018-MN-special-general,2018-MN-special-general,2018-11-06,false,excluded,non_LV_population,
538:2018:107:56149:90130,538_archive,2018,MN,107,56149,90130,2018-MN-ordinary-general,2018-MN-ordinary-general,2018-11-06,false,excluded,non_LV_population,
538:2018:107:56149:90131,538_archive,2018,MN,107,56149,90131,2018-MN-ordinary-general,2018-MN-ordinary-general,2018-11-06,false,pending,ambiguous_question_preference,Multiple eligible questions; no unique full-ballot choice
538:2018:107:56149:90132,538_archive,2018,MN,107,56149,90132,2018-MN-ordinary-general,2018-MN-ordinary-general,2018-11-06,false,excluded,non_LV_population,
538:2018:107:56149:90133,538_archive,2018,MN,107,56149,90133,2018-MN-ordinary-general,2018-MN-ordinary-general,2018-11-06,false,pending,ambiguous_question_preference,Multiple eligible questions; no unique full-ballot choice
538:2018:127:56163:90157,538_archive,2018,WI,127,56163,90157,2018-WI-ordinary-general,2018-WI-ordinary-general,2018-11-06,true,excluded,non_LV_population,
538:2018:127:56163:90158,538_archive,2018,WI,127,56163,90158,2018-WI-ordinary-general,2018-WI-ordinary-general,2018-11-06,true,selected,,Only eligible LV question for this poll/round
538:2018:117:56276:90433,538_archive,2018,OH,117,56276,90433,2018-OH-ordinary-general,2018-OH-ordinary-general,2018-11-06,true,excluded,non_LV_population;contest_pending,
538:2018:112:56115:90064,538_archive,2018,NV,112,56115,90064,2018-NV-ordinary-general,2018-NV-ordinary-general,2018-11-06,false,excluded,non_LV_population;contest_pending,
538:2018:112:56115:90065,538_archive,2018,NV,112,56115,90065,2018-NV-ordinary-general,2018-NV-ordinary-general,2018-11-06,false,pending,contest_pending,
538:2018:112:56115:90066,538_archive,2018,NV,112,56115,90066,2018-NV-ordinary-general,2018-NV-ordinary-general,2018-11-06,false,excluded,non_LV_population;contest_pending,
538:2018:112:56115:90067,538_archive,2018,NV,112,56115,90067,2018-NV-ordinary-general,2018-NV-ordinary-general,2018-11-06,false,pending,contest_pending,
538:2018:102:56349:90585,538_archive,2018,IN,102,56349,90585,2018-IN-ordinary-general,2018-IN-ordinary-general,2018-11-06,true,excluded,partisan_or_internal,
538:2018:96:56125:90083,538_archive,2018,AZ,96,56125,90083,2018-AZ-ordinary-general,2018-AZ-ordinary-general,2018-11-06,true,selected,,Only eligible LV question for this poll/round
538:2018:118:56200:90257,538_archive,2018,PA,118,56200,90257,2018-PA-ordinary-general,2018-PA-ordinary-general,2018-11-06,false,excluded,non_LV_population,
538:2018:106:56022:89845,538_archive,2018,MI,106,56022,89845,2018-MI-ordinary-general,2018-MI-ordinary-general,2018-11-06,false,selected,,Only eligible LV question for this poll/round
538:2018:96:56016:89829,538_archive,2018,AZ,96,56016,89829,2018-AZ-ordinary-general,2018-AZ-ordinary-general,2018-11-06,false,selected,,Only eligible LV question for this poll/round
538:2018:96:56016:89834,538_archive,2018,AZ,96,56016,89834,2018-AZ-ordinary-general,2018-AZ-ordinary-general,2018-11-06,false,excluded,non_LV_population,
538:2018:120:56017:89833,538_archive,2018,TN,120,56017,89833,2018-TN-ordinary-general,2018-TN-ordinary-general,2018-11-06,false,selected,,Only eligible LV question for this poll/round
538:2018:120:56017:89838,538_archive,2018,TN,120,56017,89838,2018-TN-ordinary-general,2018-TN-ordinary-general,2018-11-06,false,excluded,non_LV_population,
538:2018:102:56018:89830,538_archive,2018,IN,102,56018,89830,2018-IN-ordinary-general,2018-IN-ordinary-general,2018-11-06,true,selected,,Only eligible LV question for this poll/round
538:2018:102:56018:89835,538_archive,2018,IN,102,56018,89835,2018-IN-ordinary-general,2018-IN-ordinary-general,2018-11-06,true,excluded,non_LV_population,
538:2018:109:56019:89831,538_archive,2018,MO,109,56019,89831,2018-MO-ordinary-general,2018-MO-ordinary-general,2018-11-06,true,selected,,Unique full-ballot LV question (Decision 013)
538:2018:109:56019:89836,538_archive,2018,MO,109,56019,89836,2018-MO-ordinary-general,2018-MO-ordinary-general,2018-11-06,true,excluded,non_LV_population,
538:2018:109:56019:89839,538_archive,2018,MO,109,56019,89839,2018-MO-ordinary-general,2018-MO-ordinary-general,2018-11-06,false,excluded,alternate_question,Same poll/round has a unique full-ballot LV question
538:2018:109:56019:89840,538_archive,2018,MO,109,56019,89840,2018-MO-ordinary-general,2018-MO-ordinary-general,2018-11-06,false,excluded,non_LV_population,
538:2018:116:56020:89832,538_archive,2018,ND,116,56020,89832,2018-ND-ordinary-general,2018-ND-ordinary-general,2018-11-06,true,selected,,Only eligible LV question for this poll/round
538:2018:116:56020:89837,538_archive,2018,ND,116,56020,89837,2018-ND-ordinary-general,2018-ND-ordinary-general,2018-11-06,true,excluded,non_LV_population,
538:2018:109:56034:89869,538_archive,2018,MO,109,56034,89869,2018-MO-ordinary-general,2018-MO-ordinary-general,2018-11-06,false,excluded,partisan_or_internal,
538:2018:113:56012:89815,538_archive,2018,NJ,113,56012,89815,2018-NJ-ordinary-general,2018-NJ-ordinary-general,2018-11-06,false,selected,,Only eligible LV question for this poll/round
538:2018:112:56294:90474,538_archive,2018,NV,112,56294,90474,2018-NV-ordinary-general,2018-NV-ordinary-general,2018-11-06,false,excluded,non_LV_population;contest_pending,
538:2018:100:56295:90475,538_archive,2018,FL,100,56295,90475,2018-FL-ordinary-general,2018-FL-ordinary-general,2018-11-06,true,excluded,non_LV_population,
538:2018:113:56008:89806,538_archive,2018,NJ,113,56008,89806,2018-NJ-ordinary-general,2018-NJ-ordinary-general,2018-11-06,false,selected,,Only eligible LV question for this poll/round
538:2018:96:56027:89853,538_archive,2018,AZ,96,56027,89853,2018-AZ-ordinary-general,2018-AZ-ordinary-general,2018-11-06,false,selected,,Only eligible LV question for this poll/round
538:2018:109:56028:89854,538_archive,2018,MO,109,56028,89854,2018-MO-ordinary-general,2018-MO-ordinary-general,2018-11-06,false,selected,,Only eligible LV question for this poll/round
538:2018:100:55962:89681,538_archive,2018,FL,100,55962,89681,2018-FL-ordinary-general,2018-FL-ordinary-general,2018-11-06,true,selected,,Only eligible LV question for this poll/round
538:2018:100:55960:89672,538_archive,2018,FL,100,55960,89672,2018-FL-ordinary-general,2018-FL-ordinary-general,2018-11-06,true,excluded,non_LV_population;partisan_or_internal,
538:2018:96:56007:89807,538_archive,2018,AZ,96,56007,89807,2018-AZ-ordinary-general,2018-AZ-ordinary-general,2018-11-06,true,selected,,Only eligible LV question for this poll/round
538:2018:103:56161:90151,538_archive,2018,ME,103,56161,90151,2018-ME-ordinary-general,2018-ME-ordinary-general,2018-11-06,true,excluded,partisan_or_internal,
538:2018:100:74941:142774,538_archive,2018,FL,100,74941,142774,2018-FL-ordinary-general,2018-FL-ordinary-general,2018-11-06,true,selected,,Only eligible LV question for this poll/round
538:2018:113:56002:89799,538_archive,2018,NJ,113,56002,89799,2018-NJ-ordinary-general,2018-NJ-ordinary-general,2018-11-06,false,excluded,non_LV_population,
538:2018:113:56002:89800,538_archive,2018,NJ,113,56002,89800,2018-NJ-ordinary-general,2018-NJ-ordinary-general,2018-11-06,false,selected,,Only eligible LV question for this poll/round
538:2018:100:55983:89717,538_archive,2018,FL,100,55983,89717,2018-FL-ordinary-general,2018-FL-ordinary-general,2018-11-06,true,selected,,Only eligible LV question for this poll/round
538:2018:112:55956:89666,538_archive,2018,NV,112,55956,89666,2018-NV-ordinary-general,2018-NV-ordinary-general,2018-11-06,false,pending,contest_pending,
538:2018:112:55956:89667,538_archive,2018,NV,112,55956,89667,2018-NV-ordinary-general,2018-NV-ordinary-general,2018-11-06,false,excluded,non_LV_population;contest_pending,
538:2018:109:55957:89668,538_archive,2018,MO,109,55957,89668,2018-MO-ordinary-general,2018-MO-ordinary-general,2018-11-06,false,excluded,non_LV_population,
538:2018:109:55957:89669,538_archive,2018,MO,109,55957,89669,2018-MO-ordinary-general,2018-MO-ordinary-general,2018-11-06,false,selected,,Only eligible LV question for this poll/round
538:2018:110:55955:89665,538_archive,2018,MT,110,55955,89665,2018-MT-ordinary-general,2018-MT-ordinary-general,2018-11-06,false,excluded,non_LV_population;partisan_or_internal,
538:2018:109:55933:89625,538_archive,2018,MO,109,55933,89625,2018-MO-ordinary-general,2018-MO-ordinary-general,2018-11-06,false,selected,,Only eligible LV question for this poll/round
538:2018:100:55997:89846,538_archive,2018,FL,100,55997,89846,2018-FL-ordinary-general,2018-FL-ordinary-general,2018-11-06,true,selected,,Only eligible LV question for this poll/round
538:2018:115:55942:89646,538_archive,2018,NY,115,55942,89646,2018-NY-ordinary-general,2018-NY-ordinary-general,2018-11-06,true,selected,,Only eligible LV question for this poll/round
538:2018:113:55951:89659,538_archive,2018,NJ,113,55951,89659,2018-NJ-ordinary-general,2018-NJ-ordinary-general,2018-11-06,false,selected,,Only eligible LV question for this poll/round
538:2018:116:55966:89686,538_archive,2018,ND,116,55966,89686,2018-ND-ordinary-general,2018-ND-ordinary-general,2018-11-06,true,selected,,Only eligible LV question for this poll/round
538:2018:123:55954:89814,538_archive,2018,VT,123,55954,89814,2018-VT-ordinary-general,2018-VT-ordinary-general,2018-11-06,false,excluded,partisan_or_internal;contest_pending,
538:2018:126:55963:89680,538_archive,2018,WV,126,55963,89680,2018-WV-ordinary-general,2018-WV-ordinary-general,2018-11-06,true,pending,contest_pending,
538:2018:126:55898:89569,538_archive,2018,WV,126,55898,89569,2018-WV-ordinary-general,2018-WV-ordinary-general,2018-11-06,false,excluded,partisan_or_internal;contest_pending,
538:2018:126:56037:89872,538_archive,2018,WV,126,56037,89872,2018-WV-ordinary-general,2018-WV-ordinary-general,2018-11-06,true,excluded,partisan_or_internal;contest_pending,
538:2018:120:56201:90258,538_archive,2018,TN,120,56201,90258,2018-TN-ordinary-general,2018-TN-ordinary-general,2018-11-06,false,excluded,partisan_or_internal,
538:2018:106:55897:89579,538_archive,2018,MI,106,55897,89579,2018-MI-ordinary-general,2018-MI-ordinary-general,2018-11-06,false,selected,,Only eligible LV question for this poll/round
538:2018:96:56184:90216,538_archive,2018,AZ,96,56184,90216,2018-AZ-ordinary-general,2018-AZ-ordinary-general,2018-11-06,false,selected,,Only eligible LV question for this poll/round
538:2018:96:56184:90217,538_archive,2018,AZ,96,56184,90217,2018-AZ-ordinary-general,2018-AZ-ordinary-general,2018-11-06,false,excluded,non_LV_population,
538:2018:100:55848:89421,538_archive,2018,FL,100,55848,89421,2018-FL-ordinary-general,2018-FL-ordinary-general,2018-11-06,true,selected,,Only eligible LV question for this poll/round
538:2018:114:55901:89575,538_archive,2018,NM,114,55901,89575,2018-NM-ordinary-general,2018-NM-ordinary-general,2018-11-06,true,excluded,partisan_or_internal,
538:2018:100:55924:89610,538_archive,2018,FL,100,55924,89610,2018-FL-ordinary-general,2018-FL-ordinary-general,2018-11-06,true,excluded,partisan_or_internal,
538:2018:120:55974:89702,538_archive,2018,TN,120,55974,89702,2018-TN-ordinary-general,2018-TN-ordinary-general,2018-11-06,false,excluded,non_LV_population,
538:2018:108:55975:89700,538_archive,2018,MS,108,55975,89700,2018-MS-ordinary-general,2018-MS-ordinary-general,2018-11-06,false,excluded,non_LV_population,
538:2018:130:55975:89701,538_archive,2018,MS,130,55975,89701,2018-MS-special-first,2018-MS-special-first,2018-11-06,true,excluded,non_LV_population;contest_pending,
538:2018:126:56013:89816,538_archive,2018,WV,126,56013,89816,2018-WV-ordinary-general,2018-WV-ordinary-general,2018-11-06,true,excluded,partisan_or_internal;contest_pending,
538:2018:118:55900:89576,538_archive,2018,PA,118,55900,89576,2018-PA-ordinary-general,2018-PA-ordinary-general,2018-11-06,true,excluded,non_LV_population,
538:2018:118:55900:89577,538_archive,2018,PA,118,55900,89577,2018-PA-ordinary-general,2018-PA-ordinary-general,2018-11-06,true,selected,,Only eligible LV question for this poll/round
538:2018:110:55846:89414,538_archive,2018,MT,110,55846,89414,2018-MT-ordinary-general,2018-MT-ordinary-general,2018-11-06,false,selected,,Only eligible LV question for this poll/round
538:2018:96:55835:89398,538_archive,2018,AZ,96,55835,89398,2018-AZ-ordinary-general,2018-AZ-ordinary-general,2018-11-06,false,excluded,non_LV_population,
538:2018:105:55850:89425,538_archive,2018,MA,105,55850,89425,2018-MA-ordinary-general,2018-MA-ordinary-general,2018-11-06,true,selected,,Only eligible LV question for this poll/round
538:2018:106:55873:89527,538_archive,2018,MI,106,55873,89527,2018-MI-ordinary-general,2018-MI-ordinary-general,2018-11-06,false,selected,,Only eligible LV question for this poll/round
538:2018:106:55873:90194,538_archive,2018,MI,106,55873,90194,2018-MI-ordinary-general,2018-MI-ordinary-general,2018-11-06,false,excluded,non_LV_population,
538:2018:127:55876:89530,538_archive,2018,WI,127,55876,89530,2018-WI-ordinary-general,2018-WI-ordinary-general,2018-11-06,true,selected,,Only eligible LV question for this poll/round
538:2018:127:55876:90197,538_archive,2018,WI,127,55876,90197,2018-WI-ordinary-general,2018-WI-ordinary-general,2018-11-06,true,excluded,non_LV_population,
538:2018:121:54134:87618,538_archive,2018,TX,121,54134,87618,2018-TX-ordinary-general,2018-TX-ordinary-general,2018-11-06,false,excluded,non_LV_population;partisan_or_internal,
538:2018:121:54134:87638,538_archive,2018,TX,121,54134,87638,2018-TX-ordinary-general,2018-TX-ordinary-general,2018-11-06,false,excluded,non_LV_population;partisan_or_internal,
538:2018:117:54141:87629,538_archive,2018,OH,117,54141,87629,2018-OH-ordinary-general,2018-OH-ordinary-general,2018-11-06,true,pending,contest_pending,
538:2018:96:55845:89415,538_archive,2018,AZ,96,55845,89415,2018-AZ-ordinary-general,2018-AZ-ordinary-general,2018-11-06,false,excluded,non_LV_population,
538:2018:96:55845:89416,538_archive,2018,AZ,96,55845,89416,2018-AZ-ordinary-general,2018-AZ-ordinary-general,2018-11-06,true,excluded,non_LV_population,
538:2018:96:55845:89417,538_archive,2018,AZ,96,55845,89417,2018-AZ-ordinary-general,2018-AZ-ordinary-general,2018-11-06,false,excluded,alternate_question,Same poll/round has a unique full-ballot LV question
538:2018:96:55845:89418,538_archive,2018,AZ,96,55845,89418,2018-AZ-ordinary-general,2018-AZ-ordinary-general,2018-11-06,true,selected,,Unique full-ballot LV question (Decision 013)
538:2018:100:55868:89505,538_archive,2018,FL,100,55868,89505,2018-FL-ordinary-general,2018-FL-ordinary-general,2018-11-06,true,excluded,non_LV_population,
538:2018:100:55868:89506,538_archive,2018,FL,100,55868,89506,2018-FL-ordinary-general,2018-FL-ordinary-general,2018-11-06,true,selected,,Only eligible LV question for this poll/round
538:2018:117:55872:89522,538_archive,2018,OH,117,55872,89522,2018-OH-ordinary-general,2018-OH-ordinary-general,2018-11-06,true,excluded,non_LV_population;contest_pending,
538:2018:117:55872:89523,538_archive,2018,OH,117,55872,89523,2018-OH-ordinary-general,2018-OH-ordinary-general,2018-11-06,true,pending,contest_pending,
538:2018:117:55872:89524,538_archive,2018,OH,117,55872,89524,2018-OH-ordinary-general,2018-OH-ordinary-general,2018-11-06,false,excluded,non_LV_population;contest_pending;unresolved_poll_identity;unresolved_poll_side,
538:2018:117:55872:89525,538_archive,2018,OH,117,55872,89525,2018-OH-ordinary-general,2018-OH-ordinary-general,2018-11-06,false,pending,contest_pending;unresolved_poll_identity;unresolved_poll_side,
538:2018:117:55874:89528,538_archive,2018,OH,117,55874,89528,2018-OH-ordinary-general,2018-OH-ordinary-general,2018-11-06,true,pending,contest_pending,
538:2018:117:55874:90195,538_archive,2018,OH,117,55874,90195,2018-OH-ordinary-general,2018-OH-ordinary-general,2018-11-06,true,excluded,non_LV_population;contest_pending,
538:2018:110:54138:87624,538_archive,2018,MT,110,54138,87624,2018-MT-ordinary-general,2018-MT-ordinary-general,2018-11-06,true,excluded,partisan_or_internal,
538:2018:100:55834:89396,538_archive,2018,FL,100,55834,89396,2018-FL-ordinary-general,2018-FL-ordinary-general,2018-11-06,true,selected,,Only eligible LV question for this poll/round
538:2018:118:54148:87642,538_archive,2018,PA,118,54148,87642,2018-PA-ordinary-general,2018-PA-ordinary-general,2018-11-06,true,selected,,Only eligible LV question for this poll/round
538:2018:118:55875:89529,538_archive,2018,PA,118,55875,89529,2018-PA-ordinary-general,2018-PA-ordinary-general,2018-11-06,false,selected,,Only eligible LV question for this poll/round
538:2018:118:55875:90196,538_archive,2018,PA,118,55875,90196,2018-PA-ordinary-general,2018-PA-ordinary-general,2018-11-06,false,excluded,non_LV_population,
538:2018:102:55878:89531,538_archive,2018,IN,102,55878,89531,2018-IN-ordinary-general,2018-IN-ordinary-general,2018-11-06,false,selected,,Only eligible LV question for this poll/round
538:2018:102:55878:90198,538_archive,2018,IN,102,55878,90198,2018-IN-ordinary-general,2018-IN-ordinary-general,2018-11-06,false,excluded,non_LV_population,
538:2018:121:54114:87471,538_archive,2018,TX,121,54114,87471,2018-TX-ordinary-general,2018-TX-ordinary-general,2018-11-06,false,selected,,Only eligible LV question for this poll/round
538:2018:120:54115:87474,538_archive,2018,TN,120,54115,87474,2018-TN-ordinary-general,2018-TN-ordinary-general,2018-11-06,false,selected,,Only eligible LV question for this poll/round
538:2018:97:54119:87517,538_archive,2018,CA,97,54119,87517,2018-CA-ordinary-general,2018-CA-ordinary-general,2018-11-06,true,excluded,contest_excluded;question_missing_D_or_R_side,
538:2018:97:55899:89570,538_archive,2018,CA,97,55899,89570,2018-CA-ordinary-general,2018-CA-ordinary-general,2018-11-06,true,excluded,contest_excluded;question_missing_D_or_R_side,
538:2018:114:55902:89578,538_archive,2018,NM,114,55902,89578,2018-NM-ordinary-general,2018-NM-ordinary-general,2018-11-06,true,excluded,partisan_or_internal,
538:2018:119:54133:87623,538_archive,2018,RI,119,54133,87623,2018-RI-ordinary-general,2018-RI-ordinary-general,2018-11-06,true,selected,,Only eligible LV question for this poll/round
538:2018:105:54094:87438,538_archive,2018,MA,105,54094,87438,2018-MA-ordinary-general,2018-MA-ordinary-general,2018-11-06,true,selected,,Only eligible LV question for this poll/round
538:2018:121:54073:87278,538_archive,2018,TX,121,54073,87278,2018-TX-ordinary-general,2018-TX-ordinary-general,2018-11-06,false,selected,,Only eligible LV question for this poll/round
538:2018:99:55877:89526,538_archive,2018,DE,99,55877,89526,2018-DE-ordinary-general,2018-DE-ordinary-general,2018-11-06,true,selected,,Only eligible LV question for this poll/round
538:2018:99:55877:89561,538_archive,2018,DE,99,55877,89561,2018-DE-ordinary-general,2018-DE-ordinary-general,2018-11-06,true,excluded,non_LV_population,
538:2018:112:54092:87436,538_archive,2018,NV,112,54092,87436,2018-NV-ordinary-general,2018-NV-ordinary-general,2018-11-06,false,pending,contest_pending,
538:2018:112:54092:90203,538_archive,2018,NV,112,54092,90203,2018-NV-ordinary-general,2018-NV-ordinary-general,2018-11-06,false,excluded,non_LV_population;contest_pending,
538:2018:100:54103:87455,538_archive,2018,FL,100,54103,87455,2018-FL-ordinary-general,2018-FL-ordinary-general,2018-11-06,true,selected,,Only eligible LV question for this poll/round
538:2018:127:54074:87234,538_archive,2018,WI,127,54074,87234,2018-WI-ordinary-general,2018-WI-ordinary-general,2018-11-06,true,selected,,Only eligible LV question for this poll/round
538:2018:127:54074:87235,538_archive,2018,WI,127,54074,87235,2018-WI-ordinary-general,2018-WI-ordinary-general,2018-11-06,true,excluded,non_LV_population,
538:2018:104:54087:87424,538_archive,2018,MD,104,54087,87424,2018-MD-ordinary-general,2018-MD-ordinary-general,2018-11-06,true,selected,,Only eligible LV question for this poll/round
538:2018:110:55928:89615,538_archive,2018,MT,110,55928,89615,2018-MT-ordinary-general,2018-MT-ordinary-general,2018-11-06,false,selected,,Only eligible LV question for this poll/round
538:2018:126:54051:87190,538_archive,2018,WV,126,54051,87190,2018-WV-ordinary-general,2018-WV-ordinary-general,2018-11-06,false,excluded,non_LV_population;contest_pending,
538:2018:96:54057:87203,538_archive,2018,AZ,96,54057,87203,2018-AZ-ordinary-general,2018-AZ-ordinary-general,2018-11-06,false,selected,,Only eligible LV question for this poll/round
538:2018:96:54057:87207,538_archive,2018,AZ,96,54057,87207,2018-AZ-ordinary-general,2018-AZ-ordinary-general,2018-11-06,false,excluded,non_LV_population,
538:2018:120:54058:87204,538_archive,2018,TN,120,54058,87204,2018-TN-ordinary-general,2018-TN-ordinary-general,2018-11-06,false,selected,,Only eligible LV question for this poll/round
538:2018:120:54058:87208,538_archive,2018,TN,120,54058,87208,2018-TN-ordinary-general,2018-TN-ordinary-general,2018-11-06,false,excluded,non_LV_population,
538:2018:117:54069:87223,538_archive,2018,OH,117,54069,87223,2018-OH-ordinary-general,2018-OH-ordinary-general,2018-11-06,true,pending,contest_pending,
538:2018:109:54048:87182,538_archive,2018,MO,109,54048,87182,2018-MO-ordinary-general,2018-MO-ordinary-general,2018-11-06,false,selected,,Only eligible LV question for this poll/round
538:2018:110:54049:87183,538_archive,2018,MT,110,54049,87183,2018-MT-ordinary-general,2018-MT-ordinary-general,2018-11-06,false,selected,,Only eligible LV question for this poll/round
538:2018:106:54082:87280,538_archive,2018,MI,106,54082,87280,2018-MI-ordinary-general,2018-MI-ordinary-general,2018-11-06,false,selected,,Only eligible LV question for this poll/round
538:2018:121:54091:87435,538_archive,2018,TX,121,54091,87435,2018-TX-ordinary-general,2018-TX-ordinary-general,2018-11-06,false,selected,,Only eligible LV question for this poll/round
538:2018:121:54091:90202,538_archive,2018,TX,121,54091,90202,2018-TX-ordinary-general,2018-TX-ordinary-general,2018-11-06,false,excluded,non_LV_population,
538:2018:96:54088:87432,538_archive,2018,AZ,96,54088,87432,2018-AZ-ordinary-general,2018-AZ-ordinary-general,2018-11-06,false,selected,,Only eligible LV question for this poll/round
538:2018:96:54088:90199,538_archive,2018,AZ,96,54088,90199,2018-AZ-ordinary-general,2018-AZ-ordinary-general,2018-11-06,false,excluded,non_LV_population,
538:2018:97:54090:87434,538_archive,2018,CA,97,54090,87434,2018-CA-ordinary-general,2018-CA-ordinary-general,2018-11-06,true,excluded,contest_excluded;question_missing_D_or_R_side,
538:2018:97:54090:90201,538_archive,2018,CA,97,54090,90201,2018-CA-ordinary-general,2018-CA-ordinary-general,2018-11-06,true,excluded,non_LV_population;contest_excluded;question_missing_D_or_R_side,
538:2018:118:54104:87454,538_archive,2018,PA,118,54104,87454,2018-PA-ordinary-general,2018-PA-ordinary-general,2018-11-06,false,selected,,Only eligible LV question for this poll/round
538:2018:106:54146:87640,538_archive,2018,MI,106,54146,87640,2018-MI-ordinary-general,2018-MI-ordinary-general,2018-11-06,false,selected,,Only eligible LV question for this poll/round
538:2018:109:54064:87217,538_archive,2018,MO,109,54064,87217,2018-MO-ordinary-general,2018-MO-ordinary-general,2018-11-06,false,excluded,partisan_or_internal,
538:2018:96:54084:87417,538_archive,2018,AZ,96,54084,87417,2018-AZ-ordinary-general,2018-AZ-ordinary-general,2018-11-06,false,excluded,partisan_or_internal,
538:2018:114:54047:87181,538_archive,2018,NM,114,54047,87181,2018-NM-ordinary-general,2018-NM-ordinary-general,2018-11-06,true,selected,,Only eligible LV question for this poll/round
538:2018:112:54050:87187,538_archive,2018,NV,112,54050,87187,2018-NV-ordinary-general,2018-NV-ordinary-general,2018-11-06,false,pending,contest_pending,
538:2018:121:54167:87696,538_archive,2018,TX,121,54167,87696,2018-TX-ordinary-general,2018-TX-ordinary-general,2018-11-06,false,excluded,partisan_or_internal,
538:2018:107:54046:87184,538_archive,2018,MN,107,54046,87184,2018-MN-ordinary-general,2018-MN-ordinary-general,2018-11-06,true,selected,,Only eligible LV question for this poll/round
538:2018:129:54046:87185,538_archive,2018,MN,129,54046,87185,2018-MN-special-general,2018-MN-special-general,2018-11-06,true,selected,,Only eligible LV question for this poll/round
538:2018:120:54093:87437,538_archive,2018,TN,120,54093,87437,2018-TN-ordinary-general,2018-TN-ordinary-general,2018-11-06,false,selected,,Only eligible LV question for this poll/round
538:2018:100:54089:87433,538_archive,2018,FL,100,54089,87433,2018-FL-ordinary-general,2018-FL-ordinary-general,2018-11-06,true,selected,,Only eligible LV question for this poll/round
538:2018:100:54089:90200,538_archive,2018,FL,100,54089,90200,2018-FL-ordinary-general,2018-FL-ordinary-general,2018-11-06,true,excluded,non_LV_population,
538:2018:100:53991:86899,538_archive,2018,FL,100,53991,86899,2018-FL-ordinary-general,2018-FL-ordinary-general,2018-11-06,true,selected,,Only eligible LV question for this poll/round
538:2018:96:53975:86866,538_archive,2018,AZ,96,53975,86866,2018-AZ-ordinary-general,2018-AZ-ordinary-general,2018-11-06,false,selected,,Only eligible LV question for this poll/round
538:2018:96:53975:86867,538_archive,2018,AZ,96,53975,86867,2018-AZ-ordinary-general,2018-AZ-ordinary-general,2018-11-06,false,excluded,non_LV_population,
538:2018:120:53976:86868,538_archive,2018,TN,120,53976,86868,2018-TN-ordinary-general,2018-TN-ordinary-general,2018-11-06,false,selected,,Only eligible LV question for this poll/round
538:2018:120:53976:86869,538_archive,2018,TN,120,53976,86869,2018-TN-ordinary-general,2018-TN-ordinary-general,2018-11-06,false,excluded,non_LV_population,
538:2018:116:53977:86870,538_archive,2018,ND,116,53977,86870,2018-ND-ordinary-general,2018-ND-ordinary-general,2018-11-06,true,selected,,Only eligible LV question for this poll/round
538:2018:116:53977:86871,538_archive,2018,ND,116,53977,86871,2018-ND-ordinary-general,2018-ND-ordinary-general,2018-11-06,true,excluded,non_LV_population,
538:2018:102:53978:86872,538_archive,2018,IN,102,53978,86872,2018-IN-ordinary-general,2018-IN-ordinary-general,2018-11-06,true,selected,,Only eligible LV question for this poll/round
538:2018:102:53978:86873,538_archive,2018,IN,102,53978,86873,2018-IN-ordinary-general,2018-IN-ordinary-general,2018-11-06,true,excluded,non_LV_population,
538:2018:109:53979:86874,538_archive,2018,MO,109,53979,86874,2018-MO-ordinary-general,2018-MO-ordinary-general,2018-11-06,false,excluded,alternate_question,Same poll/round has a unique full-ballot LV question
538:2018:109:53979:86875,538_archive,2018,MO,109,53979,86875,2018-MO-ordinary-general,2018-MO-ordinary-general,2018-11-06,false,excluded,non_LV_population,
538:2018:109:53979:86877,538_archive,2018,MO,109,53979,86877,2018-MO-ordinary-general,2018-MO-ordinary-general,2018-11-06,true,selected,,Unique full-ballot LV question (Decision 013)
538:2018:109:53979:86878,538_archive,2018,MO,109,53979,86878,2018-MO-ordinary-general,2018-MO-ordinary-general,2018-11-06,true,excluded,non_LV_population,
538:2018:117:53959:86830,538_archive,2018,OH,117,53959,86830,2018-OH-ordinary-general,2018-OH-ordinary-general,2018-11-06,true,excluded,non_LV_population;contest_pending,
538:2018:112:53942:86765,538_archive,2018,NV,112,53942,86765,2018-NV-ordinary-general,2018-NV-ordinary-general,2018-11-06,true,pending,contest_pending,
538:2018:106:53933:86748,538_archive,2018,MI,106,53933,86748,2018-MI-ordinary-general,2018-MI-ordinary-general,2018-11-06,false,selected,,Only eligible LV question for this poll/round
538:2018:100:53966:86850,538_archive,2018,FL,100,53966,86850,2018-FL-ordinary-general,2018-FL-ordinary-general,2018-11-06,true,selected,,Only eligible LV question for this poll/round
538:2018:121:53956:86823,538_archive,2018,TX,121,53956,86823,2018-TX-ordinary-general,2018-TX-ordinary-general,2018-11-06,false,selected,,Only eligible LV question for this poll/round
538:2018:124:54070:87224,538_archive,2018,VA,124,54070,87224,2018-VA-ordinary-general,2018-VA-ordinary-general,2018-11-06,true,excluded,non_LV_population,
538:2018:124:54070:87225,538_archive,2018,VA,124,54070,87225,2018-VA-ordinary-general,2018-VA-ordinary-general,2018-11-06,true,selected,,Only eligible LV question for this poll/round
538:2018:124:54070:87226,538_archive,2018,VA,124,54070,87226,2018-VA-ordinary-general,2018-VA-ordinary-general,2018-11-06,false,excluded,non_LV_population,
538:2018:107:53984:86887,538_archive,2018,MN,107,53984,86887,2018-MN-ordinary-general,2018-MN-ordinary-general,2018-11-06,false,selected,,Only eligible LV question for this poll/round
538:2018:129:53984:86888,538_archive,2018,MN,129,53984,86888,2018-MN-special-general,2018-MN-special-general,2018-11-06,false,selected,,Only eligible LV question for this poll/round
538:2018:121:53971:86858,538_archive,2018,TX,121,53971,86858,2018-TX-ordinary-general,2018-TX-ordinary-general,2018-11-06,true,selected,,Only eligible LV question for this poll/round
538:2018:96:53912:86714,538_archive,2018,AZ,96,53912,86714,2018-AZ-ordinary-general,2018-AZ-ordinary-general,2018-11-06,false,selected,,Only eligible LV question for this poll/round
538:2018:106:53938:86759,538_archive,2018,MI,106,53938,86759,2018-MI-ordinary-general,2018-MI-ordinary-general,2018-11-06,false,selected,,Only eligible LV question for this poll/round
538:2018:96:53960:86831,538_archive,2018,AZ,96,53960,86831,2018-AZ-ordinary-general,2018-AZ-ordinary-general,2018-11-06,false,selected,,Only eligible LV question for this poll/round
538:2018:96:53928:86851,538_archive,2018,AZ,96,53928,86851,2018-AZ-ordinary-general,2018-AZ-ordinary-general,2018-11-06,false,pending,unresolved_poll_identity;unresolved_poll_side,
538:2018:117:53874:86639,538_archive,2018,OH,117,53874,86639,2018-OH-ordinary-general,2018-OH-ordinary-general,2018-11-06,true,excluded,partisan_or_internal;contest_pending,
538:2018:100:53846:86621,538_archive,2018,FL,100,53846,86621,2018-FL-ordinary-general,2018-FL-ordinary-general,2018-11-06,true,selected,,Only eligible LV question for this poll/round
538:2018:97:53878:86649,538_archive,2018,CA,97,53878,86649,2018-CA-ordinary-general,2018-CA-ordinary-general,2018-11-06,true,excluded,contest_excluded;question_missing_D_or_R_side,
538:2018:122:53869:86631,538_archive,2018,UT,122,53869,86631,2018-UT-ordinary-general,2018-UT-ordinary-general,2018-11-06,true,selected,,Only eligible LV question for this poll/round
538:2018:110:56088:89952,538_archive,2018,MT,110,56088,89952,2018-MT-ordinary-general,2018-MT-ordinary-general,2018-11-06,true,selected,,Only eligible LV question for this poll/round
538:2018:100:53812:86504,538_archive,2018,FL,100,53812,86504,2018-FL-ordinary-general,2018-FL-ordinary-general,2018-11-06,true,excluded,non_LV_population;partisan_or_internal,
538:2018:100:53843:86559,538_archive,2018,FL,100,53843,86559,2018-FL-ordinary-general,2018-FL-ordinary-general,2018-11-06,true,selected,,Only eligible LV question for this poll/round
538:2018:100:53845:86562,538_archive,2018,FL,100,53845,86562,2018-FL-ordinary-general,2018-FL-ordinary-general,2018-11-06,true,excluded,non_LV_population,
538:2018:115:53886:86725,538_archive,2018,NY,115,53886,86725,2018-NY-ordinary-general,2018-NY-ordinary-general,2018-11-06,true,excluded,partisan_or_internal,
538:2018:130:53830:86527,538_archive,2018,MS,130,53830,86527,2018-MS-special-first,2018-MS-special-first,2018-11-06,false,excluded,partisan_or_internal;contest_pending,
538:2018:102:53866:86625,538_archive,2018,IN,102,53866,86625,2018-IN-ordinary-general,2018-IN-ordinary-general,2018-11-06,true,excluded,non_LV_population,
538:2018:102:53866:86626,538_archive,2018,IN,102,53866,86626,2018-IN-ordinary-general,2018-IN-ordinary-general,2018-11-06,true,selected,,Unique full-ballot LV question (Decision 013)
538:2018:102:53866:86627,538_archive,2018,IN,102,53866,86627,2018-IN-ordinary-general,2018-IN-ordinary-general,2018-11-06,false,excluded,non_LV_population,
538:2018:102:53866:86628,538_archive,2018,IN,102,53866,86628,2018-IN-ordinary-general,2018-IN-ordinary-general,2018-11-06,false,excluded,alternate_question,Same poll/round has a unique full-ballot LV question
538:2018:109:53839:86550,538_archive,2018,MO,109,53839,86550,2018-MO-ordinary-general,2018-MO-ordinary-general,2018-11-06,false,pending,ambiguous_question_preference,Multiple eligible questions; no unique full-ballot choice
538:2018:109:53839:86551,538_archive,2018,MO,109,53839,86551,2018-MO-ordinary-general,2018-MO-ordinary-general,2018-11-06,false,excluded,non_LV_population,
538:2018:109:53839:86552,538_archive,2018,MO,109,53839,86552,2018-MO-ordinary-general,2018-MO-ordinary-general,2018-11-06,false,pending,ambiguous_question_preference,Multiple eligible questions; no unique full-ballot choice
538:2018:109:53839:86553,538_archive,2018,MO,109,53839,86553,2018-MO-ordinary-general,2018-MO-ordinary-general,2018-11-06,false,excluded,non_LV_population,
538:2018:120:53876:86643,538_archive,2018,TN,120,53876,86643,2018-TN-ordinary-general,2018-TN-ordinary-general,2018-11-06,false,excluded,non_LV_population,
538:2018:120:53876:86644,538_archive,2018,TN,120,53876,86644,2018-TN-ordinary-general,2018-TN-ordinary-general,2018-11-06,false,selected,,Only eligible LV question for this poll/round
538:2018:98:53804:86491,538_archive,2018,CT,98,53804,86491,2018-CT-ordinary-general,2018-CT-ordinary-general,2018-11-06,false,selected,,Only eligible LV question for this poll/round
538:2018:122:53899:86683,538_archive,2018,UT,122,53899,86683,2018-UT-ordinary-general,2018-UT-ordinary-general,2018-11-06,true,excluded,non_LV_population,
538:2018:126:53813:86505,538_archive,2018,WV,126,53813,86505,2018-WV-ordinary-general,2018-WV-ordinary-general,2018-11-06,false,excluded,partisan_or_internal;contest_pending,
538:2018:118:53810:86500,538_archive,2018,PA,118,53810,86500,2018-PA-ordinary-general,2018-PA-ordinary-general,2018-11-06,true,excluded,non_LV_population,
538:2018:118:53810:86755,538_archive,2018,PA,118,53810,86755,2018-PA-ordinary-general,2018-PA-ordinary-general,2018-11-06,true,selected,,Only eligible LV question for this poll/round
538:2018:126:53820:86513,538_archive,2018,WV,126,53820,86513,2018-WV-ordinary-general,2018-WV-ordinary-general,2018-11-06,false,pending,contest_pending,
538:2018:121:53776:86415,538_archive,2018,TX,121,53776,86415,2018-TX-ordinary-general,2018-TX-ordinary-general,2018-11-06,false,excluded,non_LV_population,
538:2018:124:53870:86632,538_archive,2018,VA,124,53870,86632,2018-VA-ordinary-general,2018-VA-ordinary-general,2018-11-06,false,selected,,Only eligible LV question for this poll/round
538:2018:127:53791:86435,538_archive,2018,WI,127,53791,86435,2018-WI-ordinary-general,2018-WI-ordinary-general,2018-11-06,true,selected,,Only eligible LV question for this poll/round
538:2018:110:53777:86414,538_archive,2018,MT,110,53777,86414,2018-MT-ordinary-general,2018-MT-ordinary-general,2018-11-06,false,excluded,partisan_or_internal,
538:2018:112:53785:86426,538_archive,2018,NV,112,53785,86426,2018-NV-ordinary-general,2018-NV-ordinary-general,2018-11-06,false,excluded,non_LV_population;partisan_or_internal;contest_pending,
538:2018:98:53762:86311,538_archive,2018,CT,98,53762,86311,2018-CT-ordinary-general,2018-CT-ordinary-general,2018-11-06,false,excluded,non_LV_population,
538:2018:107:53731:86230,538_archive,2018,MN,107,53731,86230,2018-MN-ordinary-general,2018-MN-ordinary-general,2018-11-06,true,selected,,Only eligible LV question for this poll/round
538:2018:129:53731:86231,538_archive,2018,MN,129,53731,86231,2018-MN-special-general,2018-MN-special-general,2018-11-06,true,selected,,Only eligible LV question for this poll/round
538:2018:100:53711:86195,538_archive,2018,FL,100,53711,86195,2018-FL-ordinary-general,2018-FL-ordinary-general,2018-11-06,true,excluded,non_LV_population,
538:2018:113:53733:86227,538_archive,2018,NJ,113,53733,86227,2018-NJ-ordinary-general,2018-NJ-ordinary-general,2018-11-06,false,excluded,non_LV_population,
538:2018:127:53730:86228,538_archive,2018,WI,127,53730,86228,2018-WI-ordinary-general,2018-WI-ordinary-general,2018-11-06,true,excluded,non_LV_population,
538:2018:127:53730:86229,538_archive,2018,WI,127,53730,86229,2018-WI-ordinary-general,2018-WI-ordinary-general,2018-11-06,true,selected,,Only eligible LV question for this poll/round
538:2018:124:53764:86313,538_archive,2018,VA,124,53764,86313,2018-VA-ordinary-general,2018-VA-ordinary-general,2018-11-06,true,selected,,Only eligible LV question for this poll/round
538:2018:114:53661:86119,538_archive,2018,NM,114,53661,86119,2018-NM-ordinary-general,2018-NM-ordinary-general,2018-11-06,true,excluded,non_LV_population,
538:2018:106:53668:86130,538_archive,2018,MI,106,53668,86130,2018-MI-ordinary-general,2018-MI-ordinary-general,2018-11-06,false,selected,,Only eligible LV question for this poll/round
538:2018:121:53736:86236,538_archive,2018,TX,121,53736,86236,2018-TX-ordinary-general,2018-TX-ordinary-general,2018-11-06,false,excluded,non_LV_population,
538:2018:118:53765:86316,538_archive,2018,PA,118,53765,86316,2018-PA-ordinary-general,2018-PA-ordinary-general,2018-11-06,false,excluded,non_LV_population,
538:2018:100:53784:86425,538_archive,2018,FL,100,53784,86425,2018-FL-ordinary-general,2018-FL-ordinary-general,2018-11-06,true,excluded,non_LV_population,
538:2018:113:53684:86147,538_archive,2018,NJ,113,53684,86147,2018-NJ-ordinary-general,2018-NJ-ordinary-general,2018-11-06,false,excluded,partisan_or_internal,
538:2018:118:53662:86121,538_archive,2018,PA,118,53662,86121,2018-PA-ordinary-general,2018-PA-ordinary-general,2018-11-06,false,excluded,partisan_or_internal,
538:2018:106:53659:86116,538_archive,2018,MI,106,53659,86116,2018-MI-ordinary-general,2018-MI-ordinary-general,2018-11-06,false,selected,,Only eligible LV question for this poll/round
538:2018:109:53647:86099,538_archive,2018,MO,109,53647,86099,2018-MO-ordinary-general,2018-MO-ordinary-general,2018-11-06,false,excluded,partisan_or_internal,
538:2018:106:54065:87218,538_archive,2018,MI,106,54065,87218,2018-MI-ordinary-general,2018-MI-ordinary-general,2018-11-06,false,excluded,partisan_or_internal,
538:2018:120:53611:86036,538_archive,2018,TN,120,53611,86036,2018-TN-ordinary-general,2018-TN-ordinary-general,2018-11-06,false,selected,,Only eligible LV question for this poll/round
538:2018:107:53592:86004,538_archive,2018,MN,107,53592,86004,2018-MN-ordinary-general,2018-MN-ordinary-general,2018-11-06,false,selected,,Only eligible LV question for this poll/round
538:2018:129:53592:86012,538_archive,2018,MN,129,53592,86012,2018-MN-special-general,2018-MN-special-general,2018-11-06,false,selected,,Only eligible LV question for this poll/round
538:2018:121:72925:136809,538_archive,2018,TX,121,72925,136809,2018-TX-ordinary-general,2018-TX-ordinary-general,2018-11-06,false,pending,missing_population,
538:2018:109:53690:86154,538_archive,2018,MO,109,53690,86154,2018-MO-ordinary-general,2018-MO-ordinary-general,2018-11-06,false,selected,,Only eligible LV question for this poll/round
538:2018:130:53735:86233,538_archive,2018,MS,130,53735,86233,2018-MS-special-first,2018-MS-special-first,2018-11-06,false,excluded,partisan_or_internal;contest_pending,
538:2018:6209:53735:86532,538_archive,2018,MS,6209,53735,86532,2018-MS-special-runoff,2018-MS-special-runoff,2018-11-27,true,excluded,partisan_or_internal,
538:2018:6209:53735:86533,538_archive,2018,MS,6209,53735,86533,2018-MS-special-runoff,2018-MS-special-runoff,2018-11-27,false,excluded,partisan_or_internal;confirmed_nonballot_candidate;question_missing_D_or_R_side,
538:2018:102:53629:86055,538_archive,2018,IN,102,53629,86055,2018-IN-ordinary-general,2018-IN-ordinary-general,2018-11-06,false,excluded,partisan_or_internal,
538:2018:103:53545:85923,538_archive,2018,ME,103,53545,85923,2018-ME-ordinary-general,2018-ME-ordinary-general,2018-11-06,true,selected,,Only eligible LV question for this poll/round
538:2018:103:53545:85932,538_archive,2018,ME,103,53545,85932,2018-ME-ordinary-general,2018-ME-ordinary-general,2018-11-06,true,excluded,RCV_reallocated_question,
538:2018:114:53772:86407,538_archive,2018,NM,114,53772,86407,2018-NM-ordinary-general,2018-NM-ordinary-general,2018-11-06,true,excluded,partisan_or_internal,
538:2018:114:53625:86050,538_archive,2018,NM,114,53625,86050,2018-NM-ordinary-general,2018-NM-ordinary-general,2018-11-06,true,excluded,partisan_or_internal,
538:2018:114:53625:86679,538_archive,2018,NM,114,53625,86679,2018-NM-ordinary-general,2018-NM-ordinary-general,2018-11-06,false,excluded,partisan_or_internal;question_missing_D_or_R_side,
538:2018:121:53476:85660,538_archive,2018,TX,121,53476,85660,2018-TX-ordinary-general,2018-TX-ordinary-general,2018-11-06,false,excluded,non_LV_population;partisan_or_internal,
538:2018:114:53732:86226,538_archive,2018,NM,114,53732,86226,2018-NM-ordinary-general,2018-NM-ordinary-general,2018-11-06,true,excluded,partisan_or_internal,
538:2018:108:53572:85958,538_archive,2018,MS,108,53572,85958,2018-MS-ordinary-general,2018-MS-ordinary-general,2018-11-06,true,selected,,Only eligible LV question for this poll/round
538:2018:130:53572:86537,538_archive,2018,MS,130,53572,86537,2018-MS-special-first,2018-MS-special-first,2018-11-06,true,pending,contest_pending,
538:2018:6209:53572:86538,538_archive,2018,MS,6209,53572,86538,2018-MS-special-runoff,2018-MS-special-runoff,2018-11-27,true,selected,,Only eligible LV question for this poll/round
538:2018:6209:53572:86539,538_archive,2018,MS,6209,53572,86539,2018-MS-special-runoff,2018-MS-special-runoff,2018-11-27,false,excluded,confirmed_nonballot_candidate;question_missing_D_or_R_side,
538:2018:121:53463:84641,538_archive,2018,TX,121,53463,84641,2018-TX-ordinary-general,2018-TX-ordinary-general,2018-11-06,false,excluded,non_LV_population,
538:2018:124:53542:85916,538_archive,2018,VA,124,53542,85916,2018-VA-ordinary-general,2018-VA-ordinary-general,2018-11-06,true,selected,,Only eligible LV question for this poll/round
538:2018:114:73079:137023,538_archive,2018,NM,114,73079,137023,2018-NM-ordinary-general,2018-NM-ordinary-general,2018-11-06,false,excluded,partisan_or_internal;question_missing_D_or_R_side,
538:2018:114:73179:137183,538_archive,2018,NM,114,73179,137183,2018-NM-ordinary-general,2018-NM-ordinary-general,2018-11-06,true,excluded,partisan_or_internal;missing_population,
538:2018:112:53452:84613,538_archive,2018,NV,112,53452,84613,2018-NV-ordinary-general,2018-NV-ordinary-general,2018-11-06,true,pending,contest_pending,
538:2018:99:53581:86672,538_archive,2018,DE,99,53581,86672,2018-DE-ordinary-general,2018-DE-ordinary-general,2018-11-06,false,selected,,Only eligible LV question for this poll/round
538:2018:127:53650:86128,538_archive,2018,WI,127,53650,86128,2018-WI-ordinary-general,2018-WI-ordinary-general,2018-11-06,true,excluded,non_LV_population,
538:2018:96:53703:86174,538_archive,2018,AZ,96,53703,86174,2018-AZ-ordinary-general,2018-AZ-ordinary-general,2018-11-06,false,selected,,Only eligible LV question for this poll/round
538:2018:96:53703:86175,538_archive,2018,AZ,96,53703,86175,2018-AZ-ordinary-general,2018-AZ-ordinary-general,2018-11-06,false,excluded,confirmed_nonballot_candidate;question_missing_D_or_R_side,
538:2018:96:53703:86176,538_archive,2018,AZ,96,53703,86176,2018-AZ-ordinary-general,2018-AZ-ordinary-general,2018-11-06,false,excluded,confirmed_nonballot_candidate;question_missing_D_or_R_side,
538:2018:100:53712:86196,538_archive,2018,FL,100,53712,86196,2018-FL-ordinary-general,2018-FL-ordinary-general,2018-11-06,true,selected,,Only eligible LV question for this poll/round
538:2018:121:53466:84648,538_archive,2018,TX,121,53466,84648,2018-TX-ordinary-general,2018-TX-ordinary-general,2018-11-06,true,excluded,non_LV_population,
538:2018:121:53466:84649,538_archive,2018,TX,121,53466,84649,2018-TX-ordinary-general,2018-TX-ordinary-general,2018-11-06,true,selected,,Only eligible LV question for this poll/round
538:2018:100:53713:86197,538_archive,2018,FL,100,53713,86197,2018-FL-ordinary-general,2018-FL-ordinary-general,2018-11-06,true,excluded,non_LV_population,
538:2018:106:53552:85939,538_archive,2018,MI,106,53552,85939,2018-MI-ordinary-general,2018-MI-ordinary-general,2018-11-06,false,selected,,Only eligible LV question for this poll/round
538:2018:106:53550:85940,538_archive,2018,MI,106,53550,85940,2018-MI-ordinary-general,2018-MI-ordinary-general,2018-11-06,false,excluded,non_LV_population,
538:2018:127:53651:86125,538_archive,2018,WI,127,53651,86125,2018-WI-ordinary-general,2018-WI-ordinary-general,2018-11-06,true,excluded,non_LV_population,
538:2018:129:53665:86126,538_archive,2018,MN,129,53665,86126,2018-MN-special-general,2018-MN-special-general,2018-11-06,false,excluded,non_LV_population,
538:2018:114:73180:137184,538_archive,2018,NM,114,73180,137184,2018-NM-ordinary-general,2018-NM-ordinary-general,2018-11-06,true,excluded,partisan_or_internal;missing_population,
538:2018:97:53426:84569,538_archive,2018,CA,97,53426,84569,2018-CA-ordinary-general,2018-CA-ordinary-general,2018-11-06,true,excluded,contest_excluded;question_missing_D_or_R_side,
538:2018:126:53683:86146,538_archive,2018,WV,126,53683,86146,2018-WV-ordinary-general,2018-WV-ordinary-general,2018-11-06,true,excluded,partisan_or_internal;contest_pending,
538:2018:115:54003:137358,538_archive,2018,NY,115,54003,137358,2018-NY-ordinary-general,2018-NY-ordinary-general,2018-11-06,true,excluded,non_LV_population,
538:2018:100:53714:86198,538_archive,2018,FL,100,53714,86198,2018-FL-ordinary-general,2018-FL-ordinary-general,2018-11-06,true,selected,,Only eligible LV question for this poll/round
538:2018:120:53484:85669,538_archive,2018,TN,120,53484,85669,2018-TN-ordinary-general,2018-TN-ordinary-general,2018-11-06,false,excluded,non_LV_population,
538:2018:109:55913:89595,538_archive,2018,MO,109,55913,89595,2018-MO-ordinary-general,2018-MO-ordinary-general,2018-11-06,false,excluded,partisan_or_internal,
538:2018:120:53478:85662,538_archive,2018,TN,120,53478,85662,2018-TN-ordinary-general,2018-TN-ordinary-general,2018-11-06,false,excluded,partisan_or_internal,
538:2018:120:53481:85666,538_archive,2018,TN,120,53481,85666,2018-TN-ordinary-general,2018-TN-ordinary-general,2018-11-06,false,excluded,partisan_or_internal,
538:2018:110:53679:86142,538_archive,2018,MT,110,53679,86142,2018-MT-ordinary-general,2018-MT-ordinary-general,2018-11-06,false,selected,,Only eligible LV question for this poll/round
538:2018:113:53680:86143,538_archive,2018,NJ,113,53680,86143,2018-NJ-ordinary-general,2018-NJ-ordinary-general,2018-11-06,false,selected,,Only eligible LV question for this poll/round
538:2018:117:73425:137629,538_archive,2018,OH,117,73425,137629,2018-OH-ordinary-general,2018-OH-ordinary-general,2018-11-06,true,excluded,non_LV_population;partisan_or_internal;contest_pending,
538:2018:109:53563:85949,538_archive,2018,MO,109,53563,85949,2018-MO-ordinary-general,2018-MO-ordinary-general,2018-11-06,false,selected,,Only eligible LV question for this poll/round
538:2018:121:52801:83444,538_archive,2018,TX,121,52801,83444,2018-TX-ordinary-general,2018-TX-ordinary-general,2018-11-06,false,selected,,Only eligible LV question for this poll/round
538:2018:96:53704:86177,538_archive,2018,AZ,96,53704,86177,2018-AZ-ordinary-general,2018-AZ-ordinary-general,2018-11-06,false,excluded,confirmed_nonballot_candidate;question_missing_D_or_R_side,
538:2018:96:53704:86178,538_archive,2018,AZ,96,53704,86178,2018-AZ-ordinary-general,2018-AZ-ordinary-general,2018-11-06,false,selected,,Only eligible LV question for this poll/round
538:2018:96:53704:86179,538_archive,2018,AZ,96,53704,86179,2018-AZ-ordinary-general,2018-AZ-ordinary-general,2018-11-06,false,excluded,confirmed_nonballot_candidate;question_missing_D_or_R_side,
538:2018:102:52804:83448,538_archive,2018,IN,102,52804,83448,2018-IN-ordinary-general,2018-IN-ordinary-general,2018-11-06,false,excluded,non_LV_population,
538:2018:102:52804:86322,538_archive,2018,IN,102,52804,86322,2018-IN-ordinary-general,2018-IN-ordinary-general,2018-11-06,false,pending,ambiguous_question_preference,Multiple eligible questions; no unique full-ballot choice
538:2018:102:52804:86323,538_archive,2018,IN,102,52804,86323,2018-IN-ordinary-general,2018-IN-ordinary-general,2018-11-06,false,pending,ambiguous_question_preference,Multiple eligible questions; no unique full-ballot choice
538:2018:102:52804:86324,538_archive,2018,IN,102,52804,86324,2018-IN-ordinary-general,2018-IN-ordinary-general,2018-11-06,false,pending,ambiguous_question_preference,Multiple eligible questions; no unique full-ballot choice
538:2018:102:52804:86325,538_archive,2018,IN,102,52804,86325,2018-IN-ordinary-general,2018-IN-ordinary-general,2018-11-06,false,pending,ambiguous_question_preference,Multiple eligible questions; no unique full-ballot choice
538:2018:102:52804:86326,538_archive,2018,IN,102,52804,86326,2018-IN-ordinary-general,2018-IN-ordinary-general,2018-11-06,false,pending,ambiguous_question_preference,Multiple eligible questions; no unique full-ballot choice
538:2018:110:52805:83449,538_archive,2018,MT,110,52805,83449,2018-MT-ordinary-general,2018-MT-ordinary-general,2018-11-06,false,excluded,non_LV_population,
538:2018:110:52805:86342,538_archive,2018,MT,110,52805,86342,2018-MT-ordinary-general,2018-MT-ordinary-general,2018-11-06,false,pending,ambiguous_question_preference,Multiple eligible questions; no unique full-ballot choice
538:2018:110:52805:86343,538_archive,2018,MT,110,52805,86343,2018-MT-ordinary-general,2018-MT-ordinary-general,2018-11-06,false,pending,ambiguous_question_preference,Multiple eligible questions; no unique full-ballot choice
538:2018:110:52805:86344,538_archive,2018,MT,110,52805,86344,2018-MT-ordinary-general,2018-MT-ordinary-general,2018-11-06,false,pending,ambiguous_question_preference,Multiple eligible questions; no unique full-ballot choice
538:2018:110:52805:86345,538_archive,2018,MT,110,52805,86345,2018-MT-ordinary-general,2018-MT-ordinary-general,2018-11-06,false,pending,ambiguous_question_preference,Multiple eligible questions; no unique full-ballot choice
538:2018:110:52805:86346,538_archive,2018,MT,110,52805,86346,2018-MT-ordinary-general,2018-MT-ordinary-general,2018-11-06,false,pending,ambiguous_question_preference,Multiple eligible questions; no unique full-ballot choice
538:2018:116:52806:83450,538_archive,2018,ND,116,52806,83450,2018-ND-ordinary-general,2018-ND-ordinary-general,2018-11-06,true,excluded,non_LV_population,
538:2018:116:52806:86347,538_archive,2018,ND,116,52806,86347,2018-ND-ordinary-general,2018-ND-ordinary-general,2018-11-06,true,pending,ambiguous_question_preference,Multiple eligible questions; no unique full-ballot choice
538:2018:116:52806:86348,538_archive,2018,ND,116,52806,86348,2018-ND-ordinary-general,2018-ND-ordinary-general,2018-11-06,true,pending,ambiguous_question_preference,Multiple eligible questions; no unique full-ballot choice
538:2018:116:52806:86349,538_archive,2018,ND,116,52806,86349,2018-ND-ordinary-general,2018-ND-ordinary-general,2018-11-06,true,pending,ambiguous_question_preference,Multiple eligible questions; no unique full-ballot choice
538:2018:116:52806:86350,538_archive,2018,ND,116,52806,86350,2018-ND-ordinary-general,2018-ND-ordinary-general,2018-11-06,true,pending,ambiguous_question_preference,Multiple eligible questions; no unique full-ballot choice
538:2018:116:52806:86351,538_archive,2018,ND,116,52806,86351,2018-ND-ordinary-general,2018-ND-ordinary-general,2018-11-06,true,pending,ambiguous_question_preference,Multiple eligible questions; no unique full-ballot choice
538:2018:118:52807:83451,538_archive,2018,PA,118,52807,83451,2018-PA-ordinary-general,2018-PA-ordinary-general,2018-11-06,false,excluded,non_LV_population,
538:2018:118:52807:86357,538_archive,2018,PA,118,52807,86357,2018-PA-ordinary-general,2018-PA-ordinary-general,2018-11-06,false,pending,ambiguous_question_preference,Multiple eligible questions; no unique full-ballot choice
538:2018:118:52807:86358,538_archive,2018,PA,118,52807,86358,2018-PA-ordinary-general,2018-PA-ordinary-general,2018-11-06,false,pending,ambiguous_question_preference,Multiple eligible questions; no unique full-ballot choice
538:2018:118:52807:86359,538_archive,2018,PA,118,52807,86359,2018-PA-ordinary-general,2018-PA-ordinary-general,2018-11-06,false,pending,ambiguous_question_preference,Multiple eligible questions; no unique full-ballot choice
538:2018:118:52807:86360,538_archive,2018,PA,118,52807,86360,2018-PA-ordinary-general,2018-PA-ordinary-general,2018-11-06,false,pending,ambiguous_question_preference,Multiple eligible questions; no unique full-ballot choice
538:2018:118:52807:86361,538_archive,2018,PA,118,52807,86361,2018-PA-ordinary-general,2018-PA-ordinary-general,2018-11-06,false,pending,ambiguous_question_preference,Multiple eligible questions; no unique full-ballot choice
538:2018:117:52808:83452,538_archive,2018,OH,117,52808,83452,2018-OH-ordinary-general,2018-OH-ordinary-general,2018-11-06,true,excluded,non_LV_population;contest_pending,
538:2018:117:52808:86352,538_archive,2018,OH,117,52808,86352,2018-OH-ordinary-general,2018-OH-ordinary-general,2018-11-06,true,pending,contest_pending,
538:2018:117:52808:86353,538_archive,2018,OH,117,52808,86353,2018-OH-ordinary-general,2018-OH-ordinary-general,2018-11-06,true,pending,contest_pending,
538:2018:117:52808:86354,538_archive,2018,OH,117,52808,86354,2018-OH-ordinary-general,2018-OH-ordinary-general,2018-11-06,true,pending,contest_pending,
538:2018:117:52808:86355,538_archive,2018,OH,117,52808,86355,2018-OH-ordinary-general,2018-OH-ordinary-general,2018-11-06,true,pending,contest_pending,
538:2018:117:52808:86356,538_archive,2018,OH,117,52808,86356,2018-OH-ordinary-general,2018-OH-ordinary-general,2018-11-06,true,pending,contest_pending,
538:2018:126:52809:83453,538_archive,2018,WV,126,52809,83453,2018-WV-ordinary-general,2018-WV-ordinary-general,2018-11-06,false,excluded,non_LV_population;contest_pending,
538:2018:126:52809:86367,538_archive,2018,WV,126,52809,86367,2018-WV-ordinary-general,2018-WV-ordinary-general,2018-11-06,false,pending,contest_pending,
538:2018:126:52809:86368,538_archive,2018,WV,126,52809,86368,2018-WV-ordinary-general,2018-WV-ordinary-general,2018-11-06,false,pending,contest_pending,
538:2018:126:52809:86369,538_archive,2018,WV,126,52809,86369,2018-WV-ordinary-general,2018-WV-ordinary-general,2018-11-06,false,pending,contest_pending,
538:2018:126:52809:86370,538_archive,2018,WV,126,52809,86370,2018-WV-ordinary-general,2018-WV-ordinary-general,2018-11-06,false,pending,contest_pending,
538:2018:126:52809:86371,538_archive,2018,WV,126,52809,86371,2018-WV-ordinary-general,2018-WV-ordinary-general,2018-11-06,false,pending,contest_pending,
538:2018:112:52810:83454,538_archive,2018,NV,112,52810,83454,2018-NV-ordinary-general,2018-NV-ordinary-general,2018-11-06,false,excluded,non_LV_population;contest_pending,
538:2018:112:52810:86372,538_archive,2018,NV,112,52810,86372,2018-NV-ordinary-general,2018-NV-ordinary-general,2018-11-06,false,pending,contest_pending,
538:2018:112:52810:86373,538_archive,2018,NV,112,52810,86373,2018-NV-ordinary-general,2018-NV-ordinary-general,2018-11-06,false,pending,contest_pending,
538:2018:112:52810:86374,538_archive,2018,NV,112,52810,86374,2018-NV-ordinary-general,2018-NV-ordinary-general,2018-11-06,false,pending,contest_pending,
538:2018:112:52810:86375,538_archive,2018,NV,112,52810,86375,2018-NV-ordinary-general,2018-NV-ordinary-general,2018-11-06,false,pending,contest_pending,
538:2018:112:52810:86376,538_archive,2018,NV,112,52810,86376,2018-NV-ordinary-general,2018-NV-ordinary-general,2018-11-06,false,pending,contest_pending,
538:2018:120:53477:85661,538_archive,2018,TN,120,53477,85661,2018-TN-ordinary-general,2018-TN-ordinary-general,2018-11-06,false,excluded,non_LV_population,
538:2018:120:53477:86377,538_archive,2018,TN,120,53477,86377,2018-TN-ordinary-general,2018-TN-ordinary-general,2018-11-06,false,pending,ambiguous_question_preference,Multiple eligible questions; no unique full-ballot choice
538:2018:120:53477:86378,538_archive,2018,TN,120,53477,86378,2018-TN-ordinary-general,2018-TN-ordinary-general,2018-11-06,false,pending,ambiguous_question_preference,Multiple eligible questions; no unique full-ballot choice
538:2018:120:53477:86379,538_archive,2018,TN,120,53477,86379,2018-TN-ordinary-general,2018-TN-ordinary-general,2018-11-06,false,pending,ambiguous_question_preference,Multiple eligible questions; no unique full-ballot choice
538:2018:120:53477:86380,538_archive,2018,TN,120,53477,86380,2018-TN-ordinary-general,2018-TN-ordinary-general,2018-11-06,false,pending,ambiguous_question_preference,Multiple eligible questions; no unique full-ballot choice
538:2018:120:53477:86381,538_archive,2018,TN,120,53477,86381,2018-TN-ordinary-general,2018-TN-ordinary-general,2018-11-06,false,pending,ambiguous_question_preference,Multiple eligible questions; no unique full-ballot choice
538:2018:127:53664:86124,538_archive,2018,WI,127,53664,86124,2018-WI-ordinary-general,2018-WI-ordinary-general,2018-11-06,true,excluded,non_LV_population,
538:2018:127:53664:86362,538_archive,2018,WI,127,53664,86362,2018-WI-ordinary-general,2018-WI-ordinary-general,2018-11-06,true,pending,ambiguous_question_preference,Multiple eligible questions; no unique full-ballot choice
538:2018:127:53664:86363,538_archive,2018,WI,127,53664,86363,2018-WI-ordinary-general,2018-WI-ordinary-general,2018-11-06,true,pending,ambiguous_question_preference,Multiple eligible questions; no unique full-ballot choice
538:2018:127:53664:86364,538_archive,2018,WI,127,53664,86364,2018-WI-ordinary-general,2018-WI-ordinary-general,2018-11-06,true,pending,ambiguous_question_preference,Multiple eligible questions; no unique full-ballot choice
538:2018:127:53664:86365,538_archive,2018,WI,127,53664,86365,2018-WI-ordinary-general,2018-WI-ordinary-general,2018-11-06,true,pending,ambiguous_question_preference,Multiple eligible questions; no unique full-ballot choice
538:2018:127:53664:86366,538_archive,2018,WI,127,53664,86366,2018-WI-ordinary-general,2018-WI-ordinary-general,2018-11-06,true,pending,ambiguous_question_preference,Multiple eligible questions; no unique full-ballot choice
538:2018:106:53669:86131,538_archive,2018,MI,106,53669,86131,2018-MI-ordinary-general,2018-MI-ordinary-general,2018-11-06,false,excluded,non_LV_population,
538:2018:106:53669:86332,538_archive,2018,MI,106,53669,86332,2018-MI-ordinary-general,2018-MI-ordinary-general,2018-11-06,false,pending,ambiguous_question_preference,Multiple eligible questions; no unique full-ballot choice
538:2018:106:53669:86333,538_archive,2018,MI,106,53669,86333,2018-MI-ordinary-general,2018-MI-ordinary-general,2018-11-06,false,pending,ambiguous_question_preference,Multiple eligible questions; no unique full-ballot choice
538:2018:106:53669:86334,538_archive,2018,MI,106,53669,86334,2018-MI-ordinary-general,2018-MI-ordinary-general,2018-11-06,false,pending,ambiguous_question_preference,Multiple eligible questions; no unique full-ballot choice
538:2018:106:53669:86335,538_archive,2018,MI,106,53669,86335,2018-MI-ordinary-general,2018-MI-ordinary-general,2018-11-06,false,pending,ambiguous_question_preference,Multiple eligible questions; no unique full-ballot choice
538:2018:106:53669:86336,538_archive,2018,MI,106,53669,86336,2018-MI-ordinary-general,2018-MI-ordinary-general,2018-11-06,false,pending,ambiguous_question_preference,Multiple eligible questions; no unique full-ballot choice
538:2018:109:53678:86141,538_archive,2018,MO,109,53678,86141,2018-MO-ordinary-general,2018-MO-ordinary-general,2018-11-06,false,excluded,non_LV_population,
538:2018:109:53678:86337,538_archive,2018,MO,109,53678,86337,2018-MO-ordinary-general,2018-MO-ordinary-general,2018-11-06,false,pending,ambiguous_question_preference,Multiple eligible questions; no unique full-ballot choice
538:2018:109:53678:86338,538_archive,2018,MO,109,53678,86338,2018-MO-ordinary-general,2018-MO-ordinary-general,2018-11-06,false,pending,ambiguous_question_preference,Multiple eligible questions; no unique full-ballot choice
538:2018:109:53678:86339,538_archive,2018,MO,109,53678,86339,2018-MO-ordinary-general,2018-MO-ordinary-general,2018-11-06,false,pending,ambiguous_question_preference,Multiple eligible questions; no unique full-ballot choice
538:2018:109:53678:86340,538_archive,2018,MO,109,53678,86340,2018-MO-ordinary-general,2018-MO-ordinary-general,2018-11-06,false,pending,ambiguous_question_preference,Multiple eligible questions; no unique full-ballot choice
538:2018:109:53678:86341,538_archive,2018,MO,109,53678,86341,2018-MO-ordinary-general,2018-MO-ordinary-general,2018-11-06,false,pending,ambiguous_question_preference,Multiple eligible questions; no unique full-ballot choice
538:2018:100:53756:86296,538_archive,2018,FL,100,53756,86296,2018-FL-ordinary-general,2018-FL-ordinary-general,2018-11-06,true,excluded,non_LV_population,
538:2018:100:53756:86317,538_archive,2018,FL,100,53756,86317,2018-FL-ordinary-general,2018-FL-ordinary-general,2018-11-06,true,pending,ambiguous_question_preference,Multiple eligible questions; no unique full-ballot choice
538:2018:100:53756:86318,538_archive,2018,FL,100,53756,86318,2018-FL-ordinary-general,2018-FL-ordinary-general,2018-11-06,true,pending,ambiguous_question_preference,Multiple eligible questions; no unique full-ballot choice
538:2018:100:53756:86319,538_archive,2018,FL,100,53756,86319,2018-FL-ordinary-general,2018-FL-ordinary-general,2018-11-06,true,pending,ambiguous_question_preference,Multiple eligible questions; no unique full-ballot choice
538:2018:100:53756:86320,538_archive,2018,FL,100,53756,86320,2018-FL-ordinary-general,2018-FL-ordinary-general,2018-11-06,true,pending,ambiguous_question_preference,Multiple eligible questions; no unique full-ballot choice
538:2018:100:53756:86321,538_archive,2018,FL,100,53756,86321,2018-FL-ordinary-general,2018-FL-ordinary-general,2018-11-06,true,pending,ambiguous_question_preference,Multiple eligible questions; no unique full-ballot choice
538:2018:96:53757:86297,538_archive,2018,AZ,96,53757,86297,2018-AZ-ordinary-general,2018-AZ-ordinary-general,2018-11-06,false,excluded,non_LV_population,
538:2018:96:53757:86298,538_archive,2018,AZ,96,53757,86298,2018-AZ-ordinary-general,2018-AZ-ordinary-general,2018-11-06,false,excluded,non_LV_population;confirmed_nonballot_candidate;question_missing_D_or_R_side,
538:2018:96:53757:86299,538_archive,2018,AZ,96,53757,86299,2018-AZ-ordinary-general,2018-AZ-ordinary-general,2018-11-06,false,excluded,non_LV_population;confirmed_nonballot_candidate;question_missing_D_or_R_side,
538:2018:96:53757:86382,538_archive,2018,AZ,96,53757,86382,2018-AZ-ordinary-general,2018-AZ-ordinary-general,2018-11-06,false,pending,ambiguous_question_preference,Multiple eligible questions; no unique full-ballot choice
538:2018:96:53757:86383,538_archive,2018,AZ,96,53757,86383,2018-AZ-ordinary-general,2018-AZ-ordinary-general,2018-11-06,false,pending,ambiguous_question_preference,Multiple eligible questions; no unique full-ballot choice
538:2018:96:53757:86384,538_archive,2018,AZ,96,53757,86384,2018-AZ-ordinary-general,2018-AZ-ordinary-general,2018-11-06,false,pending,ambiguous_question_preference,Multiple eligible questions; no unique full-ballot choice
538:2018:96:53757:86385,538_archive,2018,AZ,96,53757,86385,2018-AZ-ordinary-general,2018-AZ-ordinary-general,2018-11-06,false,pending,ambiguous_question_preference,Multiple eligible questions; no unique full-ballot choice
538:2018:96:53757:86386,538_archive,2018,AZ,96,53757,86386,2018-AZ-ordinary-general,2018-AZ-ordinary-general,2018-11-06,false,pending,ambiguous_question_preference,Multiple eligible questions; no unique full-ballot choice
538:2018:96:53757:86387,538_archive,2018,AZ,96,53757,86387,2018-AZ-ordinary-general,2018-AZ-ordinary-general,2018-11-06,false,excluded,confirmed_nonballot_candidate;question_missing_D_or_R_side,
538:2018:96:53757:86388,538_archive,2018,AZ,96,53757,86388,2018-AZ-ordinary-general,2018-AZ-ordinary-general,2018-11-06,false,excluded,confirmed_nonballot_candidate;question_missing_D_or_R_side,
538:2018:96:53757:86389,538_archive,2018,AZ,96,53757,86389,2018-AZ-ordinary-general,2018-AZ-ordinary-general,2018-11-06,false,excluded,confirmed_nonballot_candidate;question_missing_D_or_R_side,
538:2018:96:53757:86390,538_archive,2018,AZ,96,53757,86390,2018-AZ-ordinary-general,2018-AZ-ordinary-general,2018-11-06,false,excluded,confirmed_nonballot_candidate;question_missing_D_or_R_side,
538:2018:96:53757:86391,538_archive,2018,AZ,96,53757,86391,2018-AZ-ordinary-general,2018-AZ-ordinary-general,2018-11-06,false,excluded,confirmed_nonballot_candidate;question_missing_D_or_R_side,
538:2018:96:53757:86392,538_archive,2018,AZ,96,53757,86392,2018-AZ-ordinary-general,2018-AZ-ordinary-general,2018-11-06,false,excluded,confirmed_nonballot_candidate;question_missing_D_or_R_side,
538:2018:96:53757:86393,538_archive,2018,AZ,96,53757,86393,2018-AZ-ordinary-general,2018-AZ-ordinary-general,2018-11-06,false,excluded,confirmed_nonballot_candidate;question_missing_D_or_R_side,
538:2018:96:53757:86394,538_archive,2018,AZ,96,53757,86394,2018-AZ-ordinary-general,2018-AZ-ordinary-general,2018-11-06,false,excluded,confirmed_nonballot_candidate;question_missing_D_or_R_side,
538:2018:96:53757:86395,538_archive,2018,AZ,96,53757,86395,2018-AZ-ordinary-general,2018-AZ-ordinary-general,2018-11-06,false,excluded,confirmed_nonballot_candidate;question_missing_D_or_R_side,
538:2018:96:53757:86396,538_archive,2018,AZ,96,53757,86396,2018-AZ-ordinary-general,2018-AZ-ordinary-general,2018-11-06,false,excluded,confirmed_nonballot_candidate;question_missing_D_or_R_side,
538:2018:97:52745:83339,538_archive,2018,CA,97,52745,83339,2018-CA-ordinary-general,2018-CA-ordinary-general,2018-11-06,true,excluded,contest_excluded;question_missing_D_or_R_side,
538:2018:112:52771:83379,538_archive,2018,NV,112,52771,83379,2018-NV-ordinary-general,2018-NV-ordinary-general,2018-11-06,false,pending,contest_pending,
538:2018:107:53670:86132,538_archive,2018,MN,107,53670,86132,2018-MN-ordinary-general,2018-MN-ordinary-general,2018-11-06,false,excluded,partisan_or_internal,
538:2018:129:53670:86133,538_archive,2018,MN,129,53670,86133,2018-MN-special-general,2018-MN-special-general,2018-11-06,false,excluded,partisan_or_internal,
538:2018:118:52693:83262,538_archive,2018,PA,118,52693,83262,2018-PA-ordinary-general,2018-PA-ordinary-general,2018-11-06,false,selected,,Only eligible LV question for this poll/round
538:2018:124:52718:83293,538_archive,2018,VA,124,52718,83293,2018-VA-ordinary-general,2018-VA-ordinary-general,2018-11-06,false,excluded,non_LV_population,
538:2018:96:53705:86180,538_archive,2018,AZ,96,53705,86180,2018-AZ-ordinary-general,2018-AZ-ordinary-general,2018-11-06,false,excluded,non_LV_population,
538:2018:96:53705:86181,538_archive,2018,AZ,96,53705,86181,2018-AZ-ordinary-general,2018-AZ-ordinary-general,2018-11-06,false,excluded,non_LV_population;confirmed_nonballot_candidate;question_missing_D_or_R_side,
538:2018:96:53705:86182,538_archive,2018,AZ,96,53705,86182,2018-AZ-ordinary-general,2018-AZ-ordinary-general,2018-11-06,false,excluded,non_LV_population;confirmed_nonballot_candidate;question_missing_D_or_R_side,
538:2018:121:52737:83322,538_archive,2018,TX,121,52737,83322,2018-TX-ordinary-general,2018-TX-ordinary-general,2018-11-06,false,excluded,non_LV_population,
538:2018:121:52737:83323,538_archive,2018,TX,121,52737,83323,2018-TX-ordinary-general,2018-TX-ordinary-general,2018-11-06,false,selected,,Only eligible LV question for this poll/round
538:2018:96:53706:86183,538_archive,2018,AZ,96,53706,86183,2018-AZ-ordinary-general,2018-AZ-ordinary-general,2018-11-06,false,excluded,non_LV_population;confirmed_nonballot_candidate;question_missing_D_or_R_side,
538:2018:96:53706:86184,538_archive,2018,AZ,96,53706,86184,2018-AZ-ordinary-general,2018-AZ-ordinary-general,2018-11-06,false,excluded,non_LV_population;confirmed_nonballot_candidate;question_missing_D_or_R_side,
538:2018:96:53706:86185,538_archive,2018,AZ,96,53706,86185,2018-AZ-ordinary-general,2018-AZ-ordinary-general,2018-11-06,false,excluded,non_LV_population,
538:2018:96:53706:137823,538_archive,2018,AZ,96,53706,137823,2018-AZ-ordinary-general,2018-AZ-ordinary-general,2018-11-06,false,selected,,Only eligible LV question for this poll/round
538:2018:100:53715:86199,538_archive,2018,FL,100,53715,86199,2018-FL-ordinary-general,2018-FL-ordinary-general,2018-11-06,true,excluded,non_LV_population,
538:2018:100:53715:86682,538_archive,2018,FL,100,53715,86682,2018-FL-ordinary-general,2018-FL-ordinary-general,2018-11-06,true,selected,,Only eligible LV question for this poll/round
538:2018:117:52692:83261,538_archive,2018,OH,117,52692,83261,2018-OH-ordinary-general,2018-OH-ordinary-general,2018-11-06,true,excluded,non_LV_population;contest_pending,
538:2018:96:53707:86186,538_archive,2018,AZ,96,53707,86186,2018-AZ-ordinary-general,2018-AZ-ordinary-general,2018-11-06,false,excluded,non_LV_population;confirmed_nonballot_candidate;question_missing_D_or_R_side,
538:2018:96:53707:86187,538_archive,2018,AZ,96,53707,86187,2018-AZ-ordinary-general,2018-AZ-ordinary-general,2018-11-06,false,excluded,non_LV_population,
538:2018:96:53707:86188,538_archive,2018,AZ,96,53707,86188,2018-AZ-ordinary-general,2018-AZ-ordinary-general,2018-11-06,false,excluded,non_LV_population;confirmed_nonballot_candidate;question_missing_D_or_R_side,
538:2018:100:53716:86200,538_archive,2018,FL,100,53716,86200,2018-FL-ordinary-general,2018-FL-ordinary-general,2018-11-06,true,excluded,non_LV_population,
538:2018:100:53717:86201,538_archive,2018,FL,100,53717,86201,2018-FL-ordinary-general,2018-FL-ordinary-general,2018-11-06,true,excluded,non_LV_population;partisan_or_internal,
538:2018:126:52636:83169,538_archive,2018,WV,126,52636,83169,2018-WV-ordinary-general,2018-WV-ordinary-general,2018-11-06,false,excluded,non_LV_population;contest_pending,
538:2018:126:52636:83170,538_archive,2018,WV,126,52636,83170,2018-WV-ordinary-general,2018-WV-ordinary-general,2018-11-06,false,excluded,non_LV_population;confirmed_nonballot_candidate;contest_pending,
538:2018:126:52636:83171,538_archive,2018,WV,126,52636,83171,2018-WV-ordinary-general,2018-WV-ordinary-general,2018-11-06,false,pending,contest_pending,
538:2018:126:52636:83172,538_archive,2018,WV,126,52636,83172,2018-WV-ordinary-general,2018-WV-ordinary-general,2018-11-06,false,excluded,confirmed_nonballot_candidate;contest_pending,
538:2018:126:52636:84520,538_archive,2018,WV,126,52636,84520,2018-WV-ordinary-general,2018-WV-ordinary-general,2018-11-06,false,pending,contest_pending,
538:2018:126:52636:84521,538_archive,2018,WV,126,52636,84521,2018-WV-ordinary-general,2018-WV-ordinary-general,2018-11-06,false,excluded,confirmed_nonballot_candidate;contest_pending,
538:2018:118:67643:126559,538_archive,2018,PA,118,67643,126559,2018-PA-ordinary-general,2018-PA-ordinary-general,2018-11-06,false,excluded,partisan_or_internal,
538:2018:122:52719:83294,538_archive,2018,UT,122,52719,83294,2018-UT-ordinary-general,2018-UT-ordinary-general,2018-11-06,false,excluded,non_LV_population,
538:2018:127:53666:86127,538_archive,2018,WI,127,53666,86127,2018-WI-ordinary-general,2018-WI-ordinary-general,2018-11-06,true,excluded,non_LV_population,
538:2018:121:52735:83318,538_archive,2018,TX,121,52735,83318,2018-TX-ordinary-general,2018-TX-ordinary-general,2018-11-06,true,excluded,non_LV_population,
538:2018:97:52723:83298,538_archive,2018,CA,97,52723,83298,2018-CA-ordinary-general,2018-CA-ordinary-general,2018-11-06,true,excluded,non_LV_population;contest_excluded;question_missing_D_or_R_side,
538:2018:97:52723:83299,538_archive,2018,CA,97,52723,83299,2018-CA-ordinary-general,2018-CA-ordinary-general,2018-11-06,true,excluded,non_LV_population;contest_excluded;question_missing_D_or_R_side,
538:2018:114:52627:83204,538_archive,2018,NM,114,52627,83204,2018-NM-ordinary-general,2018-NM-ordinary-general,2018-11-06,false,excluded,confirmed_nonballot_candidate,
538:2018:116:52655:83196,538_archive,2018,ND,116,52655,83196,2018-ND-ordinary-general,2018-ND-ordinary-general,2018-11-06,true,excluded,non_LV_population,
538:2018:100:53718:86202,538_archive,2018,FL,100,53718,86202,2018-FL-ordinary-general,2018-FL-ordinary-general,2018-11-06,true,selected,,Only eligible LV question for this poll/round
538:2018:126:52744:83337,538_archive,2018,WV,126,52744,83337,2018-WV-ordinary-general,2018-WV-ordinary-general,2018-11-06,false,excluded,non_LV_population;confirmed_nonballot_candidate;contest_pending,
538:2018:126:52744:83338,538_archive,2018,WV,126,52744,83338,2018-WV-ordinary-general,2018-WV-ordinary-general,2018-11-06,false,excluded,non_LV_population;contest_pending,
538:2018:110:52648:83189,538_archive,2018,MT,110,52648,83189,2018-MT-ordinary-general,2018-MT-ordinary-general,2018-11-06,false,selected,,Only eligible LV question for this poll/round
538:2018:109:53677:86140,538_archive,2018,MO,109,53677,86140,2018-MO-ordinary-general,2018-MO-ordinary-general,2018-11-06,false,excluded,partisan_or_internal,
538:2018:105:53896:86676,538_archive,2018,MA,105,53896,86676,2018-MA-ordinary-general,2018-MA-ordinary-general,2018-11-06,false,selected,,Only eligible LV question for this poll/round
538:2018:117:52606:83163,538_archive,2018,OH,117,52606,83163,2018-OH-ordinary-general,2018-OH-ordinary-general,2018-11-06,true,excluded,non_LV_population;contest_pending,
538:2018:120:73247:137317,538_archive,2018,TN,120,73247,137317,2018-TN-ordinary-general,2018-TN-ordinary-general,2018-11-06,false,pending,missing_population,
538:2018:117:52607:83164,538_archive,2018,OH,117,52607,83164,2018-OH-ordinary-general,2018-OH-ordinary-general,2018-11-06,true,pending,contest_pending,
538:2018:118:52619:83184,538_archive,2018,PA,118,52619,83184,2018-PA-ordinary-general,2018-PA-ordinary-general,2018-11-06,false,excluded,non_LV_population,
538:2018:115:52694:83263,538_archive,2018,NY,115,52694,83263,2018-NY-ordinary-general,2018-NY-ordinary-general,2018-11-06,true,selected,,Only eligible LV question for this poll/round
538:2018:121:53682:86145,538_archive,2018,TX,121,53682,86145,2018-TX-ordinary-general,2018-TX-ordinary-general,2018-11-06,false,excluded,partisan_or_internal,
538:2018:119:53988:86902,538_archive,2018,RI,119,53988,86902,2018-RI-ordinary-general,2018-RI-ordinary-general,2018-11-06,true,excluded,non_LV_population,
538:2018:100:53936:86756,538_archive,2018,FL,100,53936,86756,2018-FL-ordinary-general,2018-FL-ordinary-general,2018-11-06,true,excluded,partisan_or_internal,
538:2018:117:55911:89593,538_archive,2018,OH,117,55911,89593,2018-OH-ordinary-general,2018-OH-ordinary-general,2018-11-06,true,excluded,partisan_or_internal;missing_population;contest_pending,
538:2018:100:53931:86744,538_archive,2018,FL,100,53931,86744,2018-FL-ordinary-general,2018-FL-ordinary-general,2018-11-06,true,excluded,non_LV_population,
538:2018:100:53724:86217,538_archive,2018,FL,100,53724,86217,2018-FL-ordinary-general,2018-FL-ordinary-general,2018-11-06,true,excluded,non_LV_population,
538:2018:124:52652:83193,538_archive,2018,VA,124,52652,83193,2018-VA-ordinary-general,2018-VA-ordinary-general,2018-11-06,false,excluded,non_LV_population,
538:2018:121:52597:83157,538_archive,2018,TX,121,52597,83157,2018-TX-ordinary-general,2018-TX-ordinary-general,2018-11-06,false,excluded,non_LV_population,
538:2018:121:52776:83388,538_archive,2018,TX,121,52776,83388,2018-TX-ordinary-general,2018-TX-ordinary-general,2018-11-06,false,excluded,partisan_or_internal,
538:2018:105:53895:86678,538_archive,2018,MA,105,53895,86678,2018-MA-ordinary-general,2018-MA-ordinary-general,2018-11-06,true,excluded,non_LV_population,
538:2018:117:52608:83165,538_archive,2018,OH,117,52608,83165,2018-OH-ordinary-general,2018-OH-ordinary-general,2018-11-06,true,excluded,non_LV_population;contest_pending,
538:2018:125:53686:86149,538_archive,2018,WA,125,53686,86149,2018-WA-ordinary-general,2018-WA-ordinary-general,2018-11-06,true,selected,,Only eligible LV question for this poll/round
538:2018:126:52637:83173,538_archive,2018,WV,126,52637,83173,2018-WV-ordinary-general,2018-WV-ordinary-general,2018-11-06,false,pending,contest_pending,
538:2018:126:52637:83174,538_archive,2018,WV,126,52637,83174,2018-WV-ordinary-general,2018-WV-ordinary-general,2018-11-06,false,excluded,confirmed_nonballot_candidate;contest_pending,
538:2018:121:52632:83161,538_archive,2018,TX,121,52632,83161,2018-TX-ordinary-general,2018-TX-ordinary-general,2018-11-06,false,excluded,non_LV_population;partisan_or_internal,
538:2018:121:52596:83156,538_archive,2018,TX,121,52596,83156,2018-TX-ordinary-general,2018-TX-ordinary-general,2018-11-06,false,excluded,partisan_or_internal;unresolved_poll_identity;unresolved_poll_side,
538:2018:113:52649:83190,538_archive,2018,NJ,113,52649,83190,2018-NJ-ordinary-general,2018-NJ-ordinary-general,2018-11-06,false,excluded,non_LV_population,
538:2018:126:52638:83175,538_archive,2018,WV,126,52638,83175,2018-WV-ordinary-general,2018-WV-ordinary-general,2018-11-06,false,excluded,partisan_or_internal;contest_pending,
538:2018:126:52639:83176,538_archive,2018,WV,126,52639,83176,2018-WV-ordinary-general,2018-WV-ordinary-general,2018-11-06,false,excluded,partisan_or_internal;contest_pending,
538:2018:126:52639:83177,538_archive,2018,WV,126,52639,83177,2018-WV-ordinary-general,2018-WV-ordinary-general,2018-11-06,true,excluded,partisan_or_internal;contest_pending,
538:2018:102:52633:83162,538_archive,2018,IN,102,52633,83162,2018-IN-ordinary-general,2018-IN-ordinary-general,2018-11-06,false,selected,,Only eligible LV question for this poll/round
538:2018:126:52640:83178,538_archive,2018,WV,126,52640,83178,2018-WV-ordinary-general,2018-WV-ordinary-general,2018-11-06,false,pending,contest_pending,
538:2018:109:53691:86155,538_archive,2018,MO,109,53691,86155,2018-MO-ordinary-general,2018-MO-ordinary-general,2018-11-06,false,selected,,Only eligible LV question for this poll/round
538:2018:100:53725:86218,538_archive,2018,FL,100,53725,86218,2018-FL-ordinary-general,2018-FL-ordinary-general,2018-11-06,true,excluded,non_LV_population,
538:2018:100:53725:86647,538_archive,2018,FL,100,53725,86647,2018-FL-ordinary-general,2018-FL-ordinary-general,2018-11-06,true,selected,,Only eligible LV question for this poll/round
538:2018:130:53737:86235,538_archive,2018,MS,130,53737,86235,2018-MS-special-first,2018-MS-special-first,2018-11-06,false,excluded,partisan_or_internal;contest_pending;unresolved_poll_identity;unresolved_poll_side,
538:2018:112:52658:83199,538_archive,2018,NV,112,52658,83199,2018-NV-ordinary-general,2018-NV-ordinary-general,2018-11-06,false,excluded,non_LV_population;partisan_or_internal;contest_pending,
538:2018:120:53489:85674,538_archive,2018,TN,120,53489,85674,2018-TN-ordinary-general,2018-TN-ordinary-general,2018-11-06,false,excluded,non_LV_population;partisan_or_internal,
538:2018:115:52695:83264,538_archive,2018,NY,115,52695,83264,2018-NY-ordinary-general,2018-NY-ordinary-general,2018-11-06,true,excluded,non_LV_population,
538:2018:109:53562:85948,538_archive,2018,MO,109,53562,85948,2018-MO-ordinary-general,2018-MO-ordinary-general,2018-11-06,false,selected,,Only eligible LV question for this poll/round
538:2018:112:52659:83200,538_archive,2018,NV,112,52659,83200,2018-NV-ordinary-general,2018-NV-ordinary-general,2018-11-06,false,excluded,non_LV_population;contest_pending,
538:2018:120:53490:85675,538_archive,2018,TN,120,53490,85675,2018-TN-ordinary-general,2018-TN-ordinary-general,2018-11-06,false,excluded,non_LV_population,
538:2018:96:53758:86300,538_archive,2018,AZ,96,53758,86300,2018-AZ-ordinary-general,2018-AZ-ordinary-general,2018-11-06,false,excluded,non_LV_population,
538:2018:96:53758:86301,538_archive,2018,AZ,96,53758,86301,2018-AZ-ordinary-general,2018-AZ-ordinary-general,2018-11-06,false,excluded,non_LV_population;confirmed_nonballot_candidate;question_missing_D_or_R_side,
538:2018:96:53758:86302,538_archive,2018,AZ,96,53758,86302,2018-AZ-ordinary-general,2018-AZ-ordinary-general,2018-11-06,false,excluded,non_LV_population;confirmed_nonballot_candidate;question_missing_D_or_R_side,
538:2018:109:53689:86153,538_archive,2018,MO,109,53689,86153,2018-MO-ordinary-general,2018-MO-ordinary-general,2018-11-06,false,selected,,Only eligible LV question for this poll/round
538:2018:120:53485:85670,538_archive,2018,TN,120,53485,85670,2018-TN-ordinary-general,2018-TN-ordinary-general,2018-11-06,false,excluded,non_LV_population,
538:2018:112:52624:83201,538_archive,2018,NV,112,52624,83201,2018-NV-ordinary-general,2018-NV-ordinary-general,2018-11-06,false,pending,contest_pending,
538:2018:97:53671:86134,538_archive,2018,CA,97,53671,86134,2018-CA-ordinary-general,2018-CA-ordinary-general,2018-11-06,true,excluded,non_LV_population;contest_excluded;question_missing_D_or_R_side,
538:2018:109:53675:86138,538_archive,2018,MO,109,53675,86138,2018-MO-ordinary-general,2018-MO-ordinary-general,2018-11-06,false,excluded,partisan_or_internal,
538:2018:121:52598:83158,538_archive,2018,TX,121,52598,83158,2018-TX-ordinary-general,2018-TX-ordinary-general,2018-11-06,false,excluded,non_LV_population,
538:2018:6209:53834:86535,538_archive,2018,MS,6209,53834,86535,2018-MS-special-runoff,2018-MS-special-runoff,2018-11-27,true,excluded,non_LV_population,
538:2018:6209:53834:86536,538_archive,2018,MS,6209,53834,86536,2018-MS-special-runoff,2018-MS-special-runoff,2018-11-27,false,excluded,non_LV_population;confirmed_nonballot_candidate;question_missing_D_or_R_side,
538:2018:109:55912:89594,538_archive,2018,MO,109,55912,89594,2018-MO-ordinary-general,2018-MO-ordinary-general,2018-11-06,false,excluded,partisan_or_internal;missing_population,
538:2018:115:52697:83266,538_archive,2018,NY,115,52697,83266,2018-NY-ordinary-general,2018-NY-ordinary-general,2018-11-06,true,excluded,non_LV_population,
538:2018:118:52620:83185,538_archive,2018,PA,118,52620,83185,2018-PA-ordinary-general,2018-PA-ordinary-general,2018-11-06,false,excluded,non_LV_population,
538:2018:108:53573:85959,538_archive,2018,MS,108,53573,85959,2018-MS-ordinary-general,2018-MS-ordinary-general,2018-11-06,false,selected,,Only eligible LV question for this poll/round
538:2018:130:53573:86540,538_archive,2018,MS,130,53573,86540,2018-MS-special-first,2018-MS-special-first,2018-11-06,false,pending,contest_pending;unresolved_poll_identity;unresolved_poll_side,
538:2018:6209:53573:86541,538_archive,2018,MS,6209,53573,86541,2018-MS-special-runoff,2018-MS-special-runoff,2018-11-27,true,selected,,Only eligible LV question for this poll/round
538:2018:6209:53573:86542,538_archive,2018,MS,6209,53573,86542,2018-MS-special-runoff,2018-MS-special-runoff,2018-11-27,false,excluded,confirmed_nonballot_candidate;question_missing_D_or_R_side,
538:2018:96:53708:86189,538_archive,2018,AZ,96,53708,86189,2018-AZ-ordinary-general,2018-AZ-ordinary-general,2018-11-06,false,selected,,Only eligible LV question for this poll/round
538:2018:96:53708:86190,538_archive,2018,AZ,96,53708,86190,2018-AZ-ordinary-general,2018-AZ-ordinary-general,2018-11-06,false,excluded,confirmed_nonballot_candidate;question_missing_D_or_R_side,
538:2018:96:53708:86191,538_archive,2018,AZ,96,53708,86191,2018-AZ-ordinary-general,2018-AZ-ordinary-general,2018-11-06,false,excluded,confirmed_nonballot_candidate;question_missing_D_or_R_side,
538:2018:100:53726:86219,538_archive,2018,FL,100,53726,86219,2018-FL-ordinary-general,2018-FL-ordinary-general,2018-11-06,true,excluded,non_LV_population;partisan_or_internal,
538:2018:120:53488:85673,538_archive,2018,TN,120,53488,85673,2018-TN-ordinary-general,2018-TN-ordinary-general,2018-11-06,false,excluded,partisan_or_internal,
538:2018:113:52650:83191,538_archive,2018,NJ,113,52650,83191,2018-NJ-ordinary-general,2018-NJ-ordinary-general,2018-11-06,false,excluded,non_LV_population,
538:2018:109:53561:85947,538_archive,2018,MO,109,53561,85947,2018-MO-ordinary-general,2018-MO-ordinary-general,2018-11-06,false,excluded,non_LV_population,
538:2018:130:53833:86534,538_archive,2018,MS,130,53833,86534,2018-MS-special-first,2018-MS-special-first,2018-11-06,false,excluded,partisan_or_internal;contest_pending,
538:2018:120:53486:85671,538_archive,2018,TN,120,53486,85671,2018-TN-ordinary-general,2018-TN-ordinary-general,2018-11-06,false,excluded,non_LV_population,
538:2018:118:52621:83186,538_archive,2018,PA,118,52621,83186,2018-PA-ordinary-general,2018-PA-ordinary-general,2018-11-06,false,excluded,non_LV_population,
538:2018:117:52611:83166,538_archive,2018,OH,117,52611,83166,2018-OH-ordinary-general,2018-OH-ordinary-general,2018-11-06,true,excluded,non_LV_population;contest_pending,
538:2018:100:53727:86220,538_archive,2018,FL,100,53727,86220,2018-FL-ordinary-general,2018-FL-ordinary-general,2018-11-06,true,selected,,Only eligible LV question for this poll/round
538:2018:105:53894:86677,538_archive,2018,MA,105,53894,86677,2018-MA-ordinary-general,2018-MA-ordinary-general,2018-11-06,true,excluded,non_LV_population,
538:2018:112:52660:83202,538_archive,2018,NV,112,52660,83202,2018-NV-ordinary-general,2018-NV-ordinary-general,2018-11-06,false,excluded,non_LV_population;partisan_or_internal;contest_pending,
538:2018:118:52646:83187,538_archive,2018,PA,118,52646,83187,2018-PA-ordinary-general,2018-PA-ordinary-general,2018-11-06,false,excluded,non_LV_population;partisan_or_internal,
538:2018:120:53479:85664,538_archive,2018,TN,120,53479,85664,2018-TN-ordinary-general,2018-TN-ordinary-general,2018-11-06,false,excluded,non_LV_population;partisan_or_internal,
538:2018:127:53667:86129,538_archive,2018,WI,127,53667,86129,2018-WI-ordinary-general,2018-WI-ordinary-general,2018-11-06,true,excluded,non_LV_population;partisan_or_internal,
538:2018:96:53709:86192,538_archive,2018,AZ,96,53709,86192,2018-AZ-ordinary-general,2018-AZ-ordinary-general,2018-11-06,false,excluded,non_LV_population;partisan_or_internal,
538:2018:115:52696:83265,538_archive,2018,NY,115,52696,83265,2018-NY-ordinary-general,2018-NY-ordinary-general,2018-11-06,true,excluded,non_LV_population,
538:2018:100:53901:86689,538_archive,2018,FL,100,53901,86689,2018-FL-ordinary-general,2018-FL-ordinary-general,2018-11-06,true,excluded,partisan_or_internal,
538:2018:113:52651:83192,538_archive,2018,NJ,113,52651,83192,2018-NJ-ordinary-general,2018-NJ-ordinary-general,2018-11-06,false,excluded,non_LV_population,
538:2018:117:52634:83167,538_archive,2018,OH,117,52634,83167,2018-OH-ordinary-general,2018-OH-ordinary-general,2018-11-06,true,excluded,non_LV_population;contest_pending,
538:2018:109:53560:85946,538_archive,2018,MO,109,53560,85946,2018-MO-ordinary-general,2018-MO-ordinary-general,2018-11-06,false,excluded,non_LV_population,
538:2018:100:53728:86221,538_archive,2018,FL,100,53728,86221,2018-FL-ordinary-general,2018-FL-ordinary-general,2018-11-06,true,selected,,Only eligible LV question for this poll/round
538:2018:117:52635:83168,538_archive,2018,OH,117,52635,83168,2018-OH-ordinary-general,2018-OH-ordinary-general,2018-11-06,true,excluded,non_LV_population;contest_pending,
538:2018:118:52647:83188,538_archive,2018,PA,118,52647,83188,2018-PA-ordinary-general,2018-PA-ordinary-general,2018-11-06,false,excluded,non_LV_population,
538:2018:109:53674:86137,538_archive,2018,MO,109,53674,86137,2018-MO-ordinary-general,2018-MO-ordinary-general,2018-11-06,false,excluded,non_LV_population,
538:2018:100:53746:86286,538_archive,2018,FL,100,53746,86286,2018-FL-ordinary-general,2018-FL-ordinary-general,2018-11-06,true,excluded,non_LV_population,
538:2018:124:52653:83194,538_archive,2018,VA,124,52653,83194,2018-VA-ordinary-general,2018-VA-ordinary-general,2018-11-06,false,excluded,non_LV_population,
538:2018:100:53747:86287,538_archive,2018,FL,100,53747,86287,2018-FL-ordinary-general,2018-FL-ordinary-general,2018-11-06,true,excluded,non_LV_population,
538:2018:100:53748:86288,538_archive,2018,FL,100,53748,86288,2018-FL-ordinary-general,2018-FL-ordinary-general,2018-11-06,true,excluded,non_LV_population,
538:2018:116:52656:83197,538_archive,2018,ND,116,52656,83197,2018-ND-ordinary-general,2018-ND-ordinary-general,2018-11-06,true,excluded,non_LV_population,
538:2018:100:53749:86289,538_archive,2018,FL,100,53749,86289,2018-FL-ordinary-general,2018-FL-ordinary-general,2018-11-06,true,excluded,non_LV_population,
538:2018:116:52657:83198,538_archive,2018,ND,116,52657,83198,2018-ND-ordinary-general,2018-ND-ordinary-general,2018-11-06,true,excluded,partisan_or_internal,
538:2018:100:53750:86290,538_archive,2018,FL,100,53750,86290,2018-FL-ordinary-general,2018-FL-ordinary-general,2018-11-06,true,excluded,non_LV_population,
538:2018:120:53482:85667,538_archive,2018,TN,120,53482,85667,2018-TN-ordinary-general,2018-TN-ordinary-general,2018-11-06,false,excluded,partisan_or_internal,
538:2018:100:53751:86291,538_archive,2018,FL,100,53751,86291,2018-FL-ordinary-general,2018-FL-ordinary-general,2018-11-06,true,excluded,non_LV_population,
538:2018:100:53752:86292,538_archive,2018,FL,100,53752,86292,2018-FL-ordinary-general,2018-FL-ordinary-general,2018-11-06,true,selected,,Only eligible LV question for this poll/round
538:2018:100:53753:86293,538_archive,2018,FL,100,53753,86293,2018-FL-ordinary-general,2018-FL-ordinary-general,2018-11-06,true,excluded,non_LV_population,
538:2018:111:52644:83182,538_archive,2018,NE,111,52644,83182,2018-NE-ordinary-general,2018-NE-ordinary-general,2018-11-06,false,excluded,partisan_or_internal,
538:2018:120:53475:85663,538_archive,2018,TN,120,53475,85663,2018-TN-ordinary-general,2018-TN-ordinary-general,2018-11-06,false,selected,,Only eligible LV question for this poll/round
538:2018:106:53551:85941,538_archive,2018,MI,106,53551,85941,2018-MI-ordinary-general,2018-MI-ordinary-general,2018-11-06,false,selected,,Only eligible LV question for this poll/round
538:2018:121:53681:86144,538_archive,2018,TX,121,53681,86144,2018-TX-ordinary-general,2018-TX-ordinary-general,2018-11-06,false,excluded,non_LV_population;partisan_or_internal,
538:2018:122:52720:83295,538_archive,2018,UT,122,52720,83295,2018-UT-ordinary-general,2018-UT-ordinary-general,2018-11-06,false,excluded,non_LV_population,
538:2018:100:56993:92008,538_archive,2018,FL,100,56993,92008,2018-FL-ordinary-general,2018-FL-ordinary-general,2018-11-06,true,selected,,Only eligible LV question for this poll/round
538:2018:109:53673:86136,538_archive,2018,MO,109,53673,86136,2018-MO-ordinary-general,2018-MO-ordinary-general,2018-11-06,false,excluded,non_LV_population;partisan_or_internal,
538:2018:109:53559:85945,538_archive,2018,MO,109,53559,85945,2018-MO-ordinary-general,2018-MO-ordinary-general,2018-11-06,false,selected,,Only eligible LV question for this poll/round
538:2018:100:53754:86294,538_archive,2018,FL,100,53754,86294,2018-FL-ordinary-general,2018-FL-ordinary-general,2018-11-06,true,excluded,non_LV_population,
538:2018:120:53483:85668,538_archive,2018,TN,120,53483,85668,2018-TN-ordinary-general,2018-TN-ordinary-general,2018-11-06,false,excluded,partisan_or_internal,
538:2018:121:52631:83160,538_archive,2018,TX,121,52631,83160,2018-TX-ordinary-general,2018-TX-ordinary-general,2018-11-06,false,excluded,partisan_or_internal,
538:2018:120:53487:85672,538_archive,2018,TN,120,53487,85672,2018-TN-ordinary-general,2018-TN-ordinary-general,2018-11-06,false,excluded,non_LV_population,
538:2018:100:53755:86295,538_archive,2018,FL,100,53755,86295,2018-FL-ordinary-general,2018-FL-ordinary-general,2018-11-06,true,excluded,non_LV_population,
538:2018:122:52721:83296,538_archive,2018,UT,122,52721,83296,2018-UT-ordinary-general,2018-UT-ordinary-general,2018-11-06,false,excluded,non_LV_population,
538:2018:111:52645:83183,538_archive,2018,NE,111,52645,83183,2018-NE-ordinary-general,2018-NE-ordinary-general,2018-11-06,false,excluded,non_LV_population;partisan_or_internal,
538:2018:105:53893:86673,538_archive,2018,MA,105,53893,86673,2018-MA-ordinary-general,2018-MA-ordinary-general,2018-11-06,false,excluded,non_LV_population,
538:2018:96:53710:86193,538_archive,2018,AZ,96,53710,86193,2018-AZ-ordinary-general,2018-AZ-ordinary-general,2018-11-06,false,selected,,Only eligible LV question for this poll/round
538:2018:96:53710:86194,538_archive,2018,AZ,96,53710,86194,2018-AZ-ordinary-general,2018-AZ-ordinary-general,2018-11-06,false,excluded,confirmed_nonballot_candidate;question_missing_D_or_R_side,
538:2018:96:73319:137448,538_archive,2018,AZ,96,73319,137448,2018-AZ-ordinary-general,2018-AZ-ordinary-general,2018-11-06,false,selected,,Only eligible LV question for this poll/round
538:2018:120:53480:85665,538_archive,2018,TN,120,53480,85665,2018-TN-ordinary-general,2018-TN-ordinary-general,2018-11-06,false,excluded,partisan_or_internal,
538:2018:109:53558:85944,538_archive,2018,MO,109,53558,85944,2018-MO-ordinary-general,2018-MO-ordinary-general,2018-11-06,false,selected,,Only eligible LV question for this poll/round
538:2018:126:52641:83179,538_archive,2018,WV,126,52641,83179,2018-WV-ordinary-general,2018-WV-ordinary-general,2018-11-06,false,pending,contest_pending,
538:2018:124:52654:83195,538_archive,2018,VA,124,52654,83195,2018-VA-ordinary-general,2018-VA-ordinary-general,2018-11-06,false,excluded,non_LV_population,
538:2018:124:52654:86917,538_archive,2018,VA,124,52654,86917,2018-VA-ordinary-general,2018-VA-ordinary-general,2018-11-06,false,selected,,Only eligible LV question for this poll/round
538:2018:122:52722:83297,538_archive,2018,UT,122,52722,83297,2018-UT-ordinary-general,2018-UT-ordinary-general,2018-11-06,false,excluded,non_LV_population,
538:2018:126:52642:83180,538_archive,2018,WV,126,52642,83180,2018-WV-ordinary-general,2018-WV-ordinary-general,2018-11-06,false,pending,contest_pending,
538:2018:109:53557:85943,538_archive,2018,MO,109,53557,85943,2018-MO-ordinary-general,2018-MO-ordinary-general,2018-11-06,false,selected,,Only eligible LV question for this poll/round
538:2018:109:53672:86135,538_archive,2018,MO,109,53672,86135,2018-MO-ordinary-general,2018-MO-ordinary-general,2018-11-06,false,excluded,partisan_or_internal,
538:2018:109:53556:85942,538_archive,2018,MO,109,53556,85942,2018-MO-ordinary-general,2018-MO-ordinary-general,2018-11-06,false,selected,,Only eligible LV question for this poll/round
538:2018:112:52661:83203,538_archive,2018,NV,112,52661,83203,2018-NV-ordinary-general,2018-NV-ordinary-general,2018-11-06,false,excluded,non_LV_population;contest_pending,
538:2018:105:53946:86824,538_archive,2018,MA,105,53946,86824,2018-MA-ordinary-general,2018-MA-ordinary-general,2018-11-06,false,excluded,non_LV_population,
538:2018:121:52630:83159,538_archive,2018,TX,121,52630,83159,2018-TX-ordinary-general,2018-TX-ordinary-general,2018-11-06,false,excluded,non_LV_population,
538:2018:126:52643:83181,538_archive,2018,WV,126,52643,83181,2018-WV-ordinary-general,2018-WV-ordinary-general,2018-11-06,false,pending,contest_pending,
ut2024:1,ut_tracker_2024,2024,TX,,,,2024-TX-ordinary-general,2024-TX-ordinary-general,2024-11-05,unknown,selected,,Only eligible LV question for this poll/round
ut2024:2,ut_tracker_2024,2024,TX,,,,2024-TX-ordinary-general,2024-TX-ordinary-general,2024-11-05,unknown,selected,,Only eligible LV question for this poll/round
ut2024:3,ut_tracker_2024,2024,TX,,,,2024-TX-ordinary-general,2024-TX-ordinary-general,2024-11-05,unknown,selected,,Only eligible LV question for this poll/round
ut2024:4,ut_tracker_2024,2024,TX,,,,2024-TX-ordinary-general,2024-TX-ordinary-general,2024-11-05,unknown,selected,,Only eligible LV question for this poll/round
ut2024:5,ut_tracker_2024,2024,TX,,,,2024-TX-ordinary-general,2024-TX-ordinary-general,2024-11-05,unknown,selected,,Only eligible LV question for this poll/round
ut2024:6,ut_tracker_2024,2024,TX,,,,2024-TX-ordinary-general,2024-TX-ordinary-general,2024-11-05,unknown,selected,,Only eligible LV question for this poll/round
ut2024:7,ut_tracker_2024,2024,TX,,,,2024-TX-ordinary-general,2024-TX-ordinary-general,2024-11-05,unknown,selected,,Only eligible LV question for this poll/round
ut2024:8,ut_tracker_2024,2024,TX,,,,2024-TX-ordinary-general,2024-TX-ordinary-general,2024-11-05,unknown,selected,,Only eligible LV question for this poll/round
ut2024:9,ut_tracker_2024,2024,TX,,,,2024-TX-ordinary-general,2024-TX-ordinary-general,2024-11-05,unknown,selected,,Only eligible LV question for this poll/round
ut2024:10,ut_tracker_2024,2024,TX,,,,2024-TX-ordinary-general,2024-TX-ordinary-general,2024-11-05,unknown,selected,,Only eligible LV question for this poll/round
ut2024:11,ut_tracker_2024,2024,TX,,,,2024-TX-ordinary-general,2024-TX-ordinary-general,2024-11-05,unknown,selected,,Only eligible LV question for this poll/round
ut2024:12,ut_tracker_2024,2024,TX,,,,2024-TX-ordinary-general,2024-TX-ordinary-general,2024-11-05,unknown,selected,,Only eligible LV question for this poll/round
ut2024:13,ut_tracker_2024,2024,TX,,,,2024-TX-ordinary-general,2024-TX-ordinary-general,2024-11-05,unknown,excluded,non_LV_population,
ut2024:14,ut_tracker_2024,2024,TX,,,,2024-TX-ordinary-general,2024-TX-ordinary-general,2024-11-05,unknown,selected,,Only eligible LV question for this poll/round
ut2024:15,ut_tracker_2024,2024,TX,,,,2024-TX-ordinary-general,2024-TX-ordinary-general,2024-11-05,unknown,selected,,Only eligible LV question for this poll/round
ut2024:16,ut_tracker_2024,2024,TX,,,,2024-TX-ordinary-general,2024-TX-ordinary-general,2024-11-05,unknown,selected,,Only eligible LV question for this poll/round
ut2024:17,ut_tracker_2024,2024,TX,,,,2024-TX-ordinary-general,2024-TX-ordinary-general,2024-11-05,unknown,selected,,Only eligible LV question for this poll/round
ut2024:18,ut_tracker_2024,2024,TX,,,,2024-TX-ordinary-general,2024-TX-ordinary-general,2024-11-05,unknown,selected,,Only eligible LV question for this poll/round
ut2024:19,ut_tracker_2024,2024,TX,,,,2024-TX-ordinary-general,2024-TX-ordinary-general,2024-11-05,unknown,excluded,non_LV_population,
ut2024:20,ut_tracker_2024,2024,TX,,,,2024-TX-ordinary-general,2024-TX-ordinary-general,2024-11-05,unknown,excluded,non_LV_population;missing_fieldwork_end,
ut2024:21,ut_tracker_2024,2024,TX,,,,2024-TX-ordinary-general,2024-TX-ordinary-general,2024-11-05,unknown,selected,,Only eligible LV question for this poll/round
ut2024:22,ut_tracker_2024,2024,TX,,,,2024-TX-ordinary-general,2024-TX-ordinary-general,2024-11-05,unknown,excluded,non_LV_population,
ut2024:23,ut_tracker_2024,2024,TX,,,,2024-TX-ordinary-general,2024-TX-ordinary-general,2024-11-05,unknown,selected,,Only eligible LV question for this poll/round
ut2024:24,ut_tracker_2024,2024,TX,,,,2024-TX-ordinary-general,2024-TX-ordinary-general,2024-11-05,unknown,selected,,Only eligible LV question for this poll/round
ut2024:25,ut_tracker_2024,2024,TX,,,,2024-TX-ordinary-general,2024-TX-ordinary-general,2024-11-05,unknown,selected,,Only eligible LV question for this poll/round
ut2024:26,ut_tracker_2024,2024,TX,,,,2024-TX-ordinary-general,2024-TX-ordinary-general,2024-11-05,unknown,selected,,Only eligible LV question for this poll/round
ut2024:27,ut_tracker_2024,2024,TX,,,,2024-TX-ordinary-general,2024-TX-ordinary-general,2024-11-05,unknown,excluded,non_LV_population,
ut2024:28,ut_tracker_2024,2024,TX,,,,2024-TX-ordinary-general,2024-TX-ordinary-general,2024-11-05,unknown,excluded,non_LV_population,
ut2024:29,ut_tracker_2024,2024,TX,,,,2024-TX-ordinary-general,2024-TX-ordinary-general,2024-11-05,unknown,excluded,non_LV_population,
ut2024:30,ut_tracker_2024,2024,TX,,,,2024-TX-ordinary-general,2024-TX-ordinary-general,2024-11-05,unknown,excluded,non_LV_population,
ut2024:31,ut_tracker_2024,2024,TX,,,,2024-TX-ordinary-general,2024-TX-ordinary-general,2024-11-05,unknown,selected,,Only eligible LV question for this poll/round
ut2024:32,ut_tracker_2024,2024,TX,,,,2024-TX-ordinary-general,2024-TX-ordinary-general,2024-11-05,unknown,excluded,non_LV_population,
ut2024:33,ut_tracker_2024,2024,TX,,,,2024-TX-ordinary-general,2024-TX-ordinary-general,2024-11-05,unknown,excluded,non_LV_population,
ut2024:34,ut_tracker_2024,2024,TX,,,,2024-TX-ordinary-general,2024-TX-ordinary-general,2024-11-05,unknown,excluded,non_LV_population,
ut2024:35,ut_tracker_2024,2024,TX,,,,2024-TX-ordinary-general,2024-TX-ordinary-general,2024-11-05,unknown,excluded,non_LV_population,
ut2024:36,ut_tracker_2024,2024,TX,,,,2024-TX-ordinary-general,2024-TX-ordinary-general,2024-11-05,unknown,excluded,non_LV_population,
ut2024:37,ut_tracker_2024,2024,TX,,,,2024-TX-ordinary-general,2024-TX-ordinary-general,2024-11-05,unknown,excluded,non_LV_population,
