question_key,source,cycle,state_po,race_id,poll_id,question_id,poll_key,contest_id,mapped_round_id,source_stage,source_seat_name,source_seat_number,source_election_date,election_date,start_date,end_date,population,population_raw,population_full,sample_size,pollster,internal_raw,partisan_raw,partisanship_basis,url,candidate_rows,candidate_answers_json,full_ballot,status,reasons,preference_basis,flags,dem_pct,rep_pct,other_pct,source_record_keys_json
538:2020:6292:72864:140394,538_archive,2020,SC,6292,72864,140394,72864,2020-SC-ordinary-general,2020-SC-ordinary-general,general,Class II,0,11/3/20,2020-11-03,2020-10-31,2020-11-02,LV,lv,lv,802,Øptimus,false,,Source flags; not independent nonpartisan verification,https://github.com/optimus-forecasting-and-polling/0ptimus-SC-VA7-November-2020/blob/main/south_carolina_poll_toplines_tl_31_october_2020.pdf,2,"[{""candidate_id"": ""13457"", ""candidate_name"": ""Jaime Harrison"", ""party"": ""DEM"", ""answer"": ""Harrison"", ""pct"": ""41.4""}, {""candidate_id"": ""13458"", ""candidate_name"": ""Lindsey Graham"", ""party"": ""REP"", ""answer"": ""Graham"", ""pct"": ""51.2""}]",false,selected,,Only eligible LV question for this poll/round,,41.4,51.2,0,"[""538-row:121"", ""538-row:122""]"
538:2020:6283:72762:136576,538_archive,2020,MT,6283,72762,136576,72762,2020-MT-ordinary-general,2020-MT-ordinary-general,general,Class II,2,11/3/20,2020-11-03,2020-10-29,2020-11-02,LV,lv,lv,920,Change Research,false,,Source flags; not independent nonpartisan verification,https://docs.google.com/spreadsheets/d/1MPKy3AfXEIpcB_0jKhq8y7_cxPyH_71cUY4zO2lTGfU/edit#gid=0,2,"[{""candidate_id"": ""14517"", ""candidate_name"": ""Steve Bullock"", ""party"": ""DEM"", ""answer"": ""Bullock"", ""pct"": ""46.0""}, {""candidate_id"": ""14518"", ""candidate_name"": ""Steve Daines"", ""party"": ""REP"", ""answer"": ""Daines"", ""pct"": ""50.0""}]",true,selected,,Only eligible LV question for this poll/round,,46.0,50.0,0,"[""538-row:123"", ""538-row:124""]"
538:2020:6279:72801:136603,538_archive,2020,ME,6279,72801,136603,72801,2020-ME-ordinary-general,2020-ME-ordinary-general,general,Class II,2,11/3/20,2020-11-03,2020-10-29,2020-11-02,LV,lv,lv,1024,Change Research,false,,Source flags; not independent nonpartisan verification,https://docs.google.com/spreadsheets/d/1eBWQtr-cx1ECGu-dsFcF_VdhnFfyRPd3qz3zcTmhdFY/edit#gid=1166077921,4,"[{""candidate_id"": ""13455"", ""candidate_name"": ""Sara I. Gideon"", ""party"": ""DEM"", ""answer"": ""Gideon"", ""pct"": ""46.0""}, {""candidate_id"": ""13456"", ""candidate_name"": ""Susan M. Collins"", ""party"": ""REP"", ""answer"": ""Collins"", ""pct"": ""42.0""}, {""candidate_id"": ""14690"", ""candidate_name"": ""Lisa Savage"", ""party"": ""IND"", ""answer"": ""Savage"", ""pct"": ""7.0""}, {""candidate_id"": ""14691"", ""candidate_name"": ""Max Linn"", ""party"": ""IND"", ""answer"": ""Linn"", ""pct"": ""2.0""}]",true,selected,,Unique full-ballot LV question (Decision 013),,46.0,42.0,9.0,"[""538-row:125"", ""538-row:126"", ""538-row:127"", ""538-row:128""]"
538:2020:6268:72653:136343,538_archive,2020,AZ,6268,72653,136343,72653,2020-AZ-special-general,2020-AZ-special-general,general,Class III,2,11/3/20,2020-11-03,2020-10-27,2020-11-02,LV,lv,lv,610,Ipsos,false,,Source flags; not independent nonpartisan verification,https://www.ipsos.com/sites/default/files/ct/news/documents/2020-11/topline_reuters_arizona_state_poll_w6_11_2_2020.pdf,2,"[{""candidate_id"": ""13445"", ""candidate_name"": ""Mark Kelly"", ""party"": ""DEM"", ""answer"": ""Kelly"", ""pct"": ""53.0""}, {""candidate_id"": ""13446"", ""candidate_name"": ""Martha McSally"", ""party"": ""REP"", ""answer"": ""McSally"", ""pct"": ""44.0""}]",true,selected,,Only eligible LV question for this poll/round,,53.0,44.0,0,"[""538-row:131"", ""538-row:132""]"
538:2020:6284:72770:136580,538_archive,2020,NC,6284,72770,136580,72770,2020-NC-ordinary-general,2020-NC-ordinary-general,general,Class II,0,11/3/20,2020-11-03,2020-10-27,2020-11-02,LV,lv,lv,619,Swayable,false,,Source flags; not independent nonpartisan verification,https://www.swayable.com/polls/2020-11-02-large.html,2,"[{""candidate_id"": ""13468"", ""candidate_name"": ""Cal Cunningham"", ""party"": ""DEM"", ""answer"": ""Cunningham"", ""pct"": ""53.2""}, {""candidate_id"": ""13461"", ""candidate_name"": ""Thomas Roland Tillis"", ""party"": ""REP"", ""answer"": ""Tillis"", ""pct"": ""46.8""}]",false,selected,,Only eligible LV question for this poll/round,,53.2,46.8,0,"[""538-row:133"", ""538-row:134""]"
538:2020:6271:72661:136359,538_archive,2020,GA,6271,72661,136359,72661,2020-GA-ordinary-general,2020-GA-ordinary-general,general,Class II,0,11/3/20,2020-11-03,2020-11-01,2020-11-01,LV,lv,lv,500,Landmark Communications,false,,Source flags; not independent nonpartisan verification,https://www.realclearpolitics.com/docs/2020/FINAL_WSBTV_Landmark_Poll_Georgia_PresSenate_Nov_1_2020.pdf,3,"[{""candidate_id"": ""14567"", ""candidate_name"": ""Jon Ossoff"", ""party"": ""DEM"", ""answer"": ""Ossoff"", ""pct"": ""46.9""}, {""candidate_id"": ""14568"", ""candidate_name"": ""David A. Perdue"", ""party"": ""REP"", ""answer"": ""Perdue"", ""pct"": ""49.0""}, {""candidate_id"": ""14572"", ""candidate_name"": ""Shane Hazel"", ""party"": ""LIB"", ""answer"": ""Hazel"", ""pct"": ""2.7""}]",true,selected,,Only eligible LV question for this poll/round,,46.9,49.0,2.7,"[""538-row:137"", ""538-row:138"", ""538-row:139""]"
538:2020:7780:72661:136360,538_archive,2020,GA,7780,72661,136360,72661,2020-GA-special-first,2020-GA-special-first,jungle primary,Class III,2,11/3/20,2020-11-03,2020-11-01,2020-11-01,LV,lv,lv,500,Landmark Communications,false,,Source flags; not independent nonpartisan verification,https://www.realclearpolitics.com/docs/2020/FINAL_WSBTV_Landmark_Poll_Georgia_PresSenate_Nov_1_2020.pdf,6,"[{""candidate_id"": ""14489"", ""candidate_name"": ""Raphael Warnock"", ""party"": ""DEM"", ""answer"": ""Warnock"", ""pct"": ""37.8""}, {""candidate_id"": ""13671"", ""candidate_name"": ""Kelly Loeffler"", ""party"": ""REP"", ""answer"": ""Loeffler"", ""pct"": ""27.0""}, {""candidate_id"": ""13669"", ""candidate_name"": ""Doug Collins"", ""party"": ""REP"", ""answer"": ""Collins"", ""pct"": ""24.4""}, {""candidate_id"": ""14549"", ""candidate_name"": ""Brian Richard Slowinski"", ""party"": ""LIB"", ""answer"": ""Slowinski"", ""pct"": ""1.1""}, {""candidate_id"": ""14490"", ""candidate_name"": ""Ed Tarver"", ""party"": ""DEM"", ""answer"": ""Tarver"", ""pct"": ""1.0""}, {""candidate_id"": ""13670"", ""candidate_name"": ""Matt Lieberman"", ""party"": ""DEM"", ""answer"": ""Lieberman"", ""pct"": ""5.3""}]",false,selected,,Only eligible LV question for this poll/round,,44.1,51.4,1.1,"[""538-row:140"", ""538-row:141"", ""538-row:142"", ""538-row:143"", ""538-row:144"", ""538-row:145""]"
538:2020:6281:72625:136297,538_archive,2020,MN,6281,72625,136297,72625,2020-MN-ordinary-general,2020-MN-ordinary-general,general,Class II,2,11/3/20,2020-11-03,2020-10-31,2020-11-01,LV,lv,lv,450,Research Co.,false,,Source flags; not independent nonpartisan verification,https://researchco.ca/2020/11/02/us2020-eight-states-uspoli/,2,"[{""candidate_id"": ""15691"", ""candidate_name"": ""Tina Smith"", ""party"": ""DEM"", ""answer"": ""Smith"", ""pct"": ""50.0""}, {""candidate_id"": ""15692"", ""candidate_name"": ""Jason Lewis"", ""party"": ""REP"", ""answer"": ""Lewis"", ""pct"": ""39.0""}]",false,selected,,Only eligible LV question for this poll/round,,50.0,39.0,0,"[""538-row:150"", ""538-row:151""]"
538:2020:6272:72577:136209,538_archive,2020,IA,6272,72577,136209,72577,2020-IA-ordinary-general,2020-IA-ordinary-general,general,Class II,0,11/3/20,2020-11-03,2020-10-29,2020-11-01,LV,lv,lv,853,Civiqs,false,,Source flags; not independent nonpartisan verification,https://civiqs.com/documents/Civiqs_DailyKos_IA_banner_book_2020_11_c9dhr3.pdf,4,"[{""candidate_id"": ""13466"", ""candidate_name"": ""Theresa Greenfield"", ""party"": ""DEM"", ""answer"": ""Greenfield"", ""pct"": ""50.0""}, {""candidate_id"": ""13467"", ""candidate_name"": ""Joni K. Ernst"", ""party"": ""REP"", ""answer"": ""Ernst"", ""pct"": ""47.0""}, {""candidate_id"": ""15614"", ""candidate_name"": ""Rick Stewart"", ""party"": ""LIB"", ""answer"": ""Stewart"", ""pct"": ""1.0""}, {""candidate_id"": ""15642"", ""candidate_name"": ""Suzanne Herzog"", ""party"": ""IND"", ""answer"": ""Herzog"", ""pct"": ""0.0""}]",true,selected,,Only eligible LV question for this poll/round,,50.0,47.0,1.0,"[""538-row:154"", ""538-row:155"", ""538-row:156"", ""538-row:157""]"
538:2020:6269:72580:136211,538_archive,2020,CO,6269,72580,136211,72580,2020-CO-ordinary-general,2020-CO-ordinary-general,general,Class II,0,11/3/20,2020-11-03,2020-10-29,2020-11-01,LV,lv,lv,502,Keating Research/OnSight Public Affairs/Melanson,false,,Source flags; not independent nonpartisan verification,http://onsightpublicaffairs.com/web/wp-content/uploads/2020/11/KOM20Colorado20Poll20-20Nov20202020-20Topline20Results20-20For20Release20-2011-1-2020.pdf,2,"[{""candidate_id"": ""13474"", ""candidate_name"": ""John Wright Hickenlooper"", ""party"": ""DEM"", ""answer"": ""Hickenlooper"", ""pct"": ""53.0""}, {""candidate_id"": ""13475"", ""candidate_name"": ""Cory Gardner"", ""party"": ""REP"", ""answer"": ""Gardner"", ""pct"": ""42.0""}]",false,selected,,Only eligible LV question for this poll/round,,53.0,42.0,0,"[""538-row:158"", ""538-row:159""]"
538:2020:6268:72649:136327,538_archive,2020,AZ,6268,72649,136327,72649,2020-AZ-special-general,2020-AZ-special-general,general,Class III,2,11/3/20,2020-11-03,2020-10-29,2020-11-01,LV,lv,lv,717,Marist,false,,Source flags; not independent nonpartisan verification,http://maristpoll.marist.edu/wp-content/uploads/2020/11/NBC-News_Marist-Poll_AZ-Likely-Voters_NOS-and-Tables_202011012357.pdf#page=3,2,"[{""candidate_id"": ""13445"", ""candidate_name"": ""Mark Kelly"", ""party"": ""DEM"", ""answer"": ""Kelly"", ""pct"": ""52.0""}, {""candidate_id"": ""13446"", ""candidate_name"": ""Martha McSally"", ""party"": ""REP"", ""answer"": ""McSally"", ""pct"": ""46.0""}]",true,selected,,Only eligible LV question for this poll/round,,52.0,46.0,0,"[""538-row:160"", ""538-row:161""]"
538:2020:6268:72726:136503,538_archive,2020,AZ,6268,72726,136503,72726,2020-AZ-special-general,2020-AZ-special-general,general,Class III,2,11/3/20,2020-11-03,2020-10-29,2020-11-01,LV,lv,lv,409,Change Research,false,,Source flags; not independent nonpartisan verification,https://changeresearch.com/wp-content/uploads/2020/11/CNBC-CR_Battleground_Toplines_Final-Wave_Oct-29-Nov-1.pdf,2,"[{""candidate_id"": ""13445"", ""candidate_name"": ""Mark Kelly"", ""party"": ""DEM"", ""answer"": ""Kelly"", ""pct"": ""51.0""}, {""candidate_id"": ""13446"", ""candidate_name"": ""Martha McSally"", ""party"": ""REP"", ""answer"": ""McSally"", ""pct"": ""47.0""}]",true,selected,,Only eligible LV question for this poll/round,,51.0,47.0,0,"[""538-row:169"", ""538-row:170""]"
538:2020:6284:72729:136505,538_archive,2020,NC,6284,72729,136505,72729,2020-NC-ordinary-general,2020-NC-ordinary-general,general,Class II,0,11/3/20,2020-11-03,2020-10-29,2020-11-01,LV,lv,lv,473,Change Research,false,,Source flags; not independent nonpartisan verification,https://changeresearch.com/wp-content/uploads/2020/11/CNBC-CR_Battleground_Toplines_Final-Wave_Oct-29-Nov-1.pdf,2,"[{""candidate_id"": ""13468"", ""candidate_name"": ""Cal Cunningham"", ""party"": ""DEM"", ""answer"": ""Cunningham"", ""pct"": ""50.0""}, {""candidate_id"": ""13461"", ""candidate_name"": ""Thomas Roland Tillis"", ""party"": ""REP"", ""answer"": ""Tillis"", ""pct"": ""46.0""}]",false,selected,,Only eligible LV question for this poll/round,,50.0,46.0,0,"[""538-row:173"", ""538-row:174""]"
538:2020:6272:72756:136538,538_archive,2020,IA,6272,72756,136538,72756,2020-IA-ordinary-general,2020-IA-ordinary-general,general,Class II,0,11/3/20,2020-11-03,2020-10-29,2020-11-01,LV,lv,lv,1084,Change Research,false,,Source flags; not independent nonpartisan verification,https://docs.google.com/spreadsheets/d/1TyQc9rcFjRf_nFJ-gcOyoOn4E1sPk5yeVfH4acKyVnw/edit#gid=2035724528,4,"[{""candidate_id"": ""13466"", ""candidate_name"": ""Theresa Greenfield"", ""party"": ""DEM"", ""answer"": ""Greenfield"", ""pct"": ""48.0""}, {""candidate_id"": ""13467"", ""candidate_name"": ""Joni K. Ernst"", ""party"": ""REP"", ""answer"": ""Ernst"", ""pct"": ""47.0""}, {""candidate_id"": ""15614"", ""candidate_name"": ""Rick Stewart"", ""party"": ""LIB"", ""answer"": ""Stewart"", ""pct"": ""2.0""}, {""candidate_id"": ""15642"", ""candidate_name"": ""Suzanne Herzog"", ""party"": ""IND"", ""answer"": ""Herzog"", ""pct"": ""0.0""}]",true,selected,,Only eligible LV question for this poll/round,,48.0,47.0,2.0,"[""538-row:175"", ""538-row:176"", ""538-row:177"", ""538-row:178""]"
538:2020:6284:72581:136213,538_archive,2020,NC,6284,72581,136213,72581,2020-NC-ordinary-general,2020-NC-ordinary-general,general,Class II,0,11/3/20,2020-11-03,2020-10-27,2020-11-01,LV,lv,lv,908,Data for Progress,false,,Source flags; not independent nonpartisan verification,https://filesforprogress.org/datasets/2020/11/2020-election-polls/toplines/dfp_nc_11.1.20.pdf,4,"[{""candidate_id"": ""13468"", ""candidate_name"": ""Cal Cunningham"", ""party"": ""DEM"", ""answer"": ""Cunningham"", ""pct"": ""51.0""}, {""candidate_id"": ""13461"", ""candidate_name"": ""Thomas Roland Tillis"", ""party"": ""REP"", ""answer"": ""Tillis"", ""pct"": ""46.0""}, {""candidate_id"": ""14558"", ""candidate_name"": ""Kevin Eugene Hayes"", ""party"": ""CON"", ""answer"": ""Hayes"", ""pct"": ""1.0""}, {""candidate_id"": ""14557"", ""candidate_name"": ""Shannon W. Bray"", ""party"": ""LIB"", ""answer"": ""Bray"", ""pct"": ""2.0""}]",true,selected,,Only eligible LV question for this poll/round,,51.0,46.0,3.0,"[""538-row:181"", ""538-row:182"", ""538-row:183"", ""538-row:184""]"
538:2020:6269:72584:136219,538_archive,2020,CO,6269,72584,136219,72584,2020-CO-ordinary-general,2020-CO-ordinary-general,general,Class II,0,11/3/20,2020-11-03,2020-10-27,2020-11-01,LV,lv,lv,709,Data for Progress,false,,Source flags; not independent nonpartisan verification,https://filesforprogress.org/datasets/2020/11/2020-election-polls/toplines/dfp_co_11.1.20.pdf,2,"[{""candidate_id"": ""13474"", ""candidate_name"": ""John Wright Hickenlooper"", ""party"": ""DEM"", ""answer"": ""Hickenlooper"", ""pct"": ""54.0""}, {""candidate_id"": ""13475"", ""candidate_name"": ""Cory Gardner"", ""party"": ""REP"", ""answer"": ""Gardner"", ""pct"": ""45.0""}]",false,selected,,Only eligible LV question for this poll/round,,54.0,45.0,0,"[""538-row:189"", ""538-row:190""]"
538:2020:6268:72585:136221,538_archive,2020,AZ,6268,72585,136221,72585,2020-AZ-special-general,2020-AZ-special-general,general,Class III,2,11/3/20,2020-11-03,2020-10-27,2020-11-01,LV,lv,lv,1195,Data for Progress,false,,Source flags; not independent nonpartisan verification,https://filesforprogress.org/datasets/2020/11/2020-election-polls/toplines/dfp_az_11.1.20.pdf,2,"[{""candidate_id"": ""13445"", ""candidate_name"": ""Mark Kelly"", ""party"": ""DEM"", ""answer"": ""Kelly"", ""pct"": ""54.0""}, {""candidate_id"": ""13446"", ""candidate_name"": ""Martha McSally"", ""party"": ""REP"", ""answer"": ""McSally"", ""pct"": ""46.0""}]",true,selected,,Only eligible LV question for this poll/round,,54.0,46.0,0,"[""538-row:191"", ""538-row:192""]"
538:2020:6296:72590:136233,538_archive,2020,VA,6296,72590,136233,72590,2020-VA-ordinary-general,2020-VA-ordinary-general,general,Class II,2,11/3/20,2020-11-03,2020-10-27,2020-11-01,LV,lv,lv,690,Data for Progress,false,,Source flags; not independent nonpartisan verification,https://filesforprogress.org/datasets/2020/11/2020-election-polls/toplines/dfp_va_11.1.20.pdf,2,"[{""candidate_id"": ""14760"", ""candidate_name"": ""Mark R. Warner"", ""party"": ""DEM"", ""answer"": ""Warner"", ""pct"": ""57.0""}, {""candidate_id"": ""15688"", ""candidate_name"": ""Daniel M. Gade"", ""party"": ""REP"", ""answer"": ""Gade"", ""pct"": ""42.0""}]",true,selected,,Only eligible LV question for this poll/round,,57.0,42.0,0,"[""538-row:193"", ""538-row:194""]"
538:2020:6266:72591:136234,538_archive,2020,AL,6266,72591,136234,72591,2020-AL-ordinary-general,2020-AL-ordinary-general,general,Class II,0,11/3/20,2020-11-03,2020-10-27,2020-11-01,LV,lv,lv,1045,Data for Progress,false,,Source flags; not independent nonpartisan verification,https://filesforprogress.org/datasets/2020/11/2020-election-polls/toplines/dfp_al_11.1.20.pdf,2,"[{""candidate_id"": ""13612"", ""candidate_name"": ""Gordon Douglas Jones"", ""party"": ""DEM"", ""answer"": ""Jones"", ""pct"": ""44.0""}, {""candidate_id"": ""13614"", ""candidate_name"": ""Tommy Tuberville"", ""party"": ""REP"", ""answer"": ""Tuberville"", ""pct"": ""56.0""}]",true,selected,,Only eligible LV question for this poll/round,,44.0,56.0,0,"[""538-row:195"", ""538-row:196""]"
538:2020:6284:72659:136353,538_archive,2020,NC,6284,72659,136353,72659,2020-NC-ordinary-general,2020-NC-ordinary-general,general,Class II,0,11/3/20,2020-11-03,2020-10-27,2020-11-01,LV,lv,lv,707,Ipsos,false,,Source flags; not independent nonpartisan verification,https://www.ipsos.com/sites/default/files/ct/news/documents/2020-11/topline_reuters_north_carolina_state_poll_w6_11_02_2020_.pdf,2,"[{""candidate_id"": ""13468"", ""candidate_name"": ""Cal Cunningham"", ""party"": ""DEM"", ""answer"": ""Cunningham"", ""pct"": ""48.0""}, {""candidate_id"": ""13461"", ""candidate_name"": ""Thomas Roland Tillis"", ""party"": ""REP"", ""answer"": ""Tillis"", ""pct"": ""46.0""}]",false,selected,,Only eligible LV question for this poll/round,,48.0,46.0,0,"[""538-row:197"", ""538-row:198""]"
538:2020:6275:72723:136493,538_archive,2020,KS,6275,72723,136493,72723,2020-KS-ordinary-general,2020-KS-ordinary-general,general,Class II,0,11/3/20,2020-11-03,2020-10-27,2020-11-01,LV,lv,lv,1121,Data for Progress,false,,Source flags; not independent nonpartisan verification,https://filesforprogress.org/datasets/2020/11/2020-election-polls/toplines/dfp_ks_11.2.20.pdf,3,"[{""candidate_id"": ""13698"", ""candidate_name"": ""Barbara Goolsbee Bollier"", ""party"": ""DEM"", ""answer"": ""Bollier"", ""pct"": ""45.0""}, {""candidate_id"": ""14604"", ""candidate_name"": ""Roger Marshall"", ""party"": ""REP"", ""answer"": ""Marshall"", ""pct"": ""51.0""}, {""candidate_id"": ""15647"", ""candidate_name"": ""Jason Buckley"", ""party"": ""LIB"", ""answer"": ""Buckley"", ""pct"": ""4.0""}]",true,selected,,Only eligible LV question for this poll/round,,45.0,51.0,4.0,"[""538-row:199"", ""538-row:200"", ""538-row:201""]"
538:2020:6292:72724:136495,538_archive,2020,SC,6292,72724,136495,72724,2020-SC-ordinary-general,2020-SC-ordinary-general,general,Class II,0,11/3/20,2020-11-03,2020-10-27,2020-11-01,LV,lv,lv,880,Data for Progress,false,,Source flags; not independent nonpartisan verification,https://filesforprogress.org/datasets/2020/11/2020-election-polls/toplines/dfp_sc_11.2.20.pdf,3,"[{""candidate_id"": ""13457"", ""candidate_name"": ""Jaime Harrison"", ""party"": ""DEM"", ""answer"": ""Harrison"", ""pct"": ""46.0""}, {""candidate_id"": ""13458"", ""candidate_name"": ""Lindsey Graham"", ""party"": ""REP"", ""answer"": ""Graham"", ""pct"": ""49.0""}, {""candidate_id"": ""14749"", ""candidate_name"": ""Bill Bledsoe"", ""party"": ""CON"", ""answer"": ""Bledsoe"", ""pct"": ""4.0""}]",true,selected,,Only eligible LV question for this poll/round,,46.0,49.0,4.0,"[""538-row:202"", ""538-row:203"", ""538-row:204""]"
538:2020:6271:72738:136513,538_archive,2020,GA,6271,72738,136513,72738,2020-GA-ordinary-general,2020-GA-ordinary-general,general,Class II,0,11/3/20,2020-11-03,2020-10-27,2020-11-01,LV,lv,lv,1036,Data for Progress,false,,Source flags; not independent nonpartisan verification,https://filesforprogress.org/datasets/2020/11/2020-election-polls/toplines/dfp_ga_11.2.20.pdf,3,"[{""candidate_id"": ""14567"", ""candidate_name"": ""Jon Ossoff"", ""party"": ""DEM"", ""answer"": ""Ossoff"", ""pct"": ""51.0""}, {""candidate_id"": ""14568"", ""candidate_name"": ""David A. Perdue"", ""party"": ""REP"", ""answer"": ""Perdue"", ""pct"": ""46.0""}, {""candidate_id"": ""14572"", ""candidate_name"": ""Shane Hazel"", ""party"": ""LIB"", ""answer"": ""Hazel"", ""pct"": ""3.0""}]",true,selected,,Only eligible LV question for this poll/round,,51.0,46.0,3.0,"[""538-row:205"", ""538-row:206"", ""538-row:207""]"
538:2020:7780:72738:136514,538_archive,2020,GA,7780,72738,136514,72738,2020-GA-special-first,2020-GA-special-first,jungle primary,Class III,2,11/3/20,2020-11-03,2020-10-27,2020-11-01,LV,lv,lv,1036,Data for Progress,false,,Source flags; not independent nonpartisan verification,https://filesforprogress.org/datasets/2020/11/2020-election-polls/toplines/dfp_ga_11.2.20.pdf,5,"[{""candidate_id"": ""14489"", ""candidate_name"": ""Raphael Warnock"", ""party"": ""DEM"", ""answer"": ""Warnock"", ""pct"": ""41.0""}, {""candidate_id"": ""13671"", ""candidate_name"": ""Kelly Loeffler"", ""party"": ""REP"", ""answer"": ""Loeffler"", ""pct"": ""26.0""}, {""candidate_id"": ""13669"", ""candidate_name"": ""Doug Collins"", ""party"": ""REP"", ""answer"": ""Collins"", ""pct"": ""21.0""}, {""candidate_id"": ""13670"", ""candidate_name"": ""Matt Lieberman"", ""party"": ""DEM"", ""answer"": ""Lieberman"", ""pct"": ""8.0""}, {""candidate_id"": ""14490"", ""candidate_name"": ""Ed Tarver"", ""party"": ""DEM"", ""answer"": ""Tarver"", ""pct"": ""3.0""}]",false,selected,,Only eligible LV question for this poll/round,,52.0,47.0,0,"[""538-row:208"", ""538-row:209"", ""538-row:210"", ""538-row:211"", ""538-row:212""]"
538:2020:6282:72739:136516,538_archive,2020,MS,6282,72739,136516,72739,2020-MS-ordinary-general,2020-MS-ordinary-general,general,Class II,2,11/3/20,2020-11-03,2020-10-27,2020-11-01,LV,lv,lv,562,Data for Progress,false,,Source flags; not independent nonpartisan verification,https://filesforprogress.org/datasets/2020/11/2020-election-polls/toplines/dfp_ms_11.2.20.pdf,3,"[{""candidate_id"": ""13651"", ""candidate_name"": ""Mike Espy"", ""party"": ""DEM"", ""answer"": ""Espy"", ""pct"": ""47.0""}, {""candidate_id"": ""13652"", ""candidate_name"": ""Cindy Hyde-Smith"", ""party"": ""REP"", ""answer"": ""Hyde-Smith"", ""pct"": ""50.0""}, {""candidate_id"": ""14573"", ""candidate_name"": ""Jimmy Edwards"", ""party"": ""LIB"", ""answer"": ""Edwards"", ""pct"": ""3.0""}]",true,selected,,Only eligible LV question for this poll/round,,47.0,50.0,3.0,"[""538-row:213"", ""538-row:214"", ""538-row:215""]"
538:2020:6281:72740:136518,538_archive,2020,MN,6281,72740,136518,72740,2020-MN-ordinary-general,2020-MN-ordinary-general,general,Class II,2,11/3/20,2020-11-03,2020-10-27,2020-11-01,LV,lv,lv,1259,Data for Progress,false,,Source flags; not independent nonpartisan verification,https://filesforprogress.org/datasets/2020/11/2020-election-polls/toplines/dfp_mn_11.2.20.pdf,2,"[{""candidate_id"": ""15691"", ""candidate_name"": ""Tina Smith"", ""party"": ""DEM"", ""answer"": ""Smith"", ""pct"": ""54.0""}, {""candidate_id"": ""15692"", ""candidate_name"": ""Jason Lewis"", ""party"": ""REP"", ""answer"": ""Lewis"", ""pct"": ""44.0""}]",false,selected,,Only eligible LV question for this poll/round,,54.0,44.0,0,"[""538-row:216"", ""538-row:217""]"
538:2020:6272:72741:136520,538_archive,2020,IA,6272,72741,136520,72741,2020-IA-ordinary-general,2020-IA-ordinary-general,general,Class II,0,11/3/20,2020-11-03,2020-10-27,2020-11-01,LV,lv,lv,951,Data for Progress,false,,Source flags; not independent nonpartisan verification,https://filesforprogress.org/datasets/2020/11/2020-election-polls/toplines/dfp_ia_11.2.20.pdf,4,"[{""candidate_id"": ""13466"", ""candidate_name"": ""Theresa Greenfield"", ""party"": ""DEM"", ""answer"": ""Greenfield"", ""pct"": ""49.0""}, {""candidate_id"": ""13467"", ""candidate_name"": ""Joni K. Ernst"", ""party"": ""REP"", ""answer"": ""Ernst"", ""pct"": ""45.0""}, {""candidate_id"": ""15642"", ""candidate_name"": ""Suzanne Herzog"", ""party"": ""IND"", ""answer"": ""Herzog"", ""pct"": ""3.0""}, {""candidate_id"": ""15614"", ""candidate_name"": ""Rick Stewart"", ""party"": ""LIB"", ""answer"": ""Stewart"", ""pct"": ""2.0""}]",true,selected,,Only eligible LV question for this poll/round,,49.0,45.0,5.0,"[""538-row:218"", ""538-row:219"", ""538-row:220"", ""538-row:221""]"
538:2020:6266:72763:136582,538_archive,2020,AL,6266,72763,136582,72763,2020-AL-ordinary-general,2020-AL-ordinary-general,general,Class II,0,11/3/20,2020-11-03,2020-10-27,2020-11-01,LV,lv,lv,294,Swayable,false,,Source flags; not independent nonpartisan verification,https://www.swayable.com/polls/2020-11-02-large.html,2,"[{""candidate_id"": ""13612"", ""candidate_name"": ""Gordon Douglas Jones"", ""party"": ""DEM"", ""answer"": ""Jones"", ""pct"": ""42.3""}, {""candidate_id"": ""13614"", ""candidate_name"": ""Tommy Tuberville"", ""party"": ""REP"", ""answer"": ""Tuberville"", ""pct"": ""57.6""}]",true,selected,,Only eligible LV question for this poll/round,,42.3,57.6,0,"[""538-row:222"", ""538-row:223""]"
538:2020:6268:72764:136581,538_archive,2020,AZ,6268,72764,136581,72764,2020-AZ-special-general,2020-AZ-special-general,general,Class III,2,11/3/20,2020-11-03,2020-10-27,2020-11-01,LV,lv,lv,333,Swayable,false,,Source flags; not independent nonpartisan verification,https://www.swayable.com/polls/2020-11-02-large.html,2,"[{""candidate_id"": ""13445"", ""candidate_name"": ""Mark Kelly"", ""party"": ""DEM"", ""answer"": ""Kelly"", ""pct"": ""55.0""}, {""candidate_id"": ""13446"", ""candidate_name"": ""Martha McSally"", ""party"": ""REP"", ""answer"": ""McSally"", ""pct"": ""45.0""}]",true,selected,,Only eligible LV question for this poll/round,,55.0,45.0,0,"[""538-row:224"", ""538-row:225""]"
538:2020:6271:72766:136578,538_archive,2020,GA,6271,72766,136578,72766,2020-GA-ordinary-general,2020-GA-ordinary-general,general,Class II,0,11/3/20,2020-11-03,2020-10-27,2020-11-01,LV,lv,lv,407,Swayable,false,,Source flags; not independent nonpartisan verification,https://www.swayable.com/polls/2020-11-02-large.html,2,"[{""candidate_id"": ""14567"", ""candidate_name"": ""Jon Ossoff"", ""party"": ""DEM"", ""answer"": ""Ossoff"", ""pct"": ""47.9""}, {""candidate_id"": ""14568"", ""candidate_name"": ""David A. Perdue"", ""party"": ""REP"", ""answer"": ""Perdue"", ""pct"": ""49.2""}]",false,selected,,Only eligible LV question for this poll/round,,47.9,49.2,0,"[""538-row:226"", ""538-row:227""]"
538:2020:6296:72775:136583,538_archive,2020,VA,6296,72775,136583,72775,2020-VA-ordinary-general,2020-VA-ordinary-general,general,Class II,2,11/3/20,2020-11-03,2020-10-27,2020-11-01,LV,lv,lv,283,Swayable,false,,Source flags; not independent nonpartisan verification,https://www.swayable.com/polls/2020-11-02-large.html,2,"[{""candidate_id"": ""14760"", ""candidate_name"": ""Mark R. Warner"", ""party"": ""DEM"", ""answer"": ""Warner"", ""pct"": ""60.7""}, {""candidate_id"": ""15688"", ""candidate_name"": ""Daniel M. Gade"", ""party"": ""REP"", ""answer"": ""Gade"", ""pct"": ""39.3""}]",true,selected,,Only eligible LV question for this poll/round,,60.7,39.3,0,"[""538-row:230"", ""538-row:231""]"
538:2020:6269:72777:136586,538_archive,2020,CO,6269,72777,136586,72777,2020-CO-ordinary-general,2020-CO-ordinary-general,general,Class II,0,11/3/20,2020-11-03,2020-10-23,2020-11-01,LV,lv,lv,443,Swayable,false,,Source flags; not independent nonpartisan verification,https://www.swayable.com/polls/2020-11-02-small.html,2,"[{""candidate_id"": ""13474"", ""candidate_name"": ""John Wright Hickenlooper"", ""party"": ""DEM"", ""answer"": ""Hickenlooper"", ""pct"": ""56.9""}, {""candidate_id"": ""13475"", ""candidate_name"": ""Cory Gardner"", ""party"": ""REP"", ""answer"": ""Gardner"", ""pct"": ""43.1""}]",false,selected,,Only eligible LV question for this poll/round,,56.9,43.1,0,"[""538-row:232"", ""538-row:233""]"
538:2020:6281:72782:136585,538_archive,2020,MN,6281,72782,136585,72782,2020-MN-ordinary-general,2020-MN-ordinary-general,general,Class II,2,11/3/20,2020-11-03,2020-10-23,2020-11-01,LV,lv,lv,430,Swayable,false,,Source flags; not independent nonpartisan verification,https://www.swayable.com/polls/2020-11-02-small.html,2,"[{""candidate_id"": ""15691"", ""candidate_name"": ""Tina Smith"", ""party"": ""DEM"", ""answer"": ""Smith"", ""pct"": ""54.5""}, {""candidate_id"": ""15692"", ""candidate_name"": ""Jason Lewis"", ""party"": ""REP"", ""answer"": ""Lewis"", ""pct"": ""45.5""}]",false,selected,,Only eligible LV question for this poll/round,,54.5,45.5,0,"[""538-row:237"", ""538-row:238""]"
538:2020:6292:72785:136587,538_archive,2020,SC,6292,72785,136587,72785,2020-SC-ordinary-general,2020-SC-ordinary-general,general,Class II,0,11/3/20,2020-11-03,2020-10-23,2020-11-01,LV,lv,lv,416,Swayable,false,,Source flags; not independent nonpartisan verification,https://www.swayable.com/polls/2020-11-02-small.html,3,"[{""candidate_id"": ""13457"", ""candidate_name"": ""Jaime Harrison"", ""party"": ""DEM"", ""answer"": ""Harrison"", ""pct"": ""51.9""}, {""candidate_id"": ""13458"", ""candidate_name"": ""Lindsey Graham"", ""party"": ""REP"", ""answer"": ""Graham"", ""pct"": ""46.0""}, {""candidate_id"": ""14749"", ""candidate_name"": ""Bill Bledsoe"", ""party"": ""CON"", ""answer"": ""Bledsoe"", ""pct"": ""2.2""}]",true,selected,,Only eligible LV question for this poll/round,,51.9,46.0,2.2,"[""538-row:239"", ""538-row:240"", ""538-row:241""]"
538:2020:6284:72635:136306,538_archive,2020,NC,6284,72635,136306,72635,2020-NC-ordinary-general,2020-NC-ordinary-general,general,Class II,0,11/3/20,2020-11-03,2020-10-30,2020-10-31,LV,lv,lv,676,Frederick Polls LLC,false,,Source flags; not independent nonpartisan verification,https://competeeverywhere.com/2020/11/fresh-polling-shows-biden-poised-for-victory/,4,"[{""candidate_id"": ""13468"", ""candidate_name"": ""Cal Cunningham"", ""party"": ""DEM"", ""answer"": ""Cunningham"", ""pct"": ""50.0""}, {""candidate_id"": ""13461"", ""candidate_name"": ""Thomas Roland Tillis"", ""party"": ""REP"", ""answer"": ""Tillis"", ""pct"": ""46.0""}, {""candidate_id"": ""14557"", ""candidate_name"": ""Shannon W. Bray"", ""party"": ""LIB"", ""answer"": ""Bray"", ""pct"": ""3.0""}, {""candidate_id"": ""14558"", ""candidate_name"": ""Kevin Eugene Hayes"", ""party"": ""CON"", ""answer"": ""Hayes"", ""pct"": ""2.0""}]",true,selected,,Only eligible LV question for this poll/round,,50.0,46.0,5.0,"[""538-row:244"", ""538-row:245"", ""538-row:246"", ""538-row:247""]"
538:2020:6272:72489:136039,538_archive,2020,IA,6272,72489,136039,72489,2020-IA-ordinary-general,2020-IA-ordinary-general,general,Class II,0,11/3/20,2020-11-03,2020-10-29,2020-10-31,LV,lv,lv,604,Emerson College Polling Society,false,,Source flags; not independent nonpartisan verification,https://emersonpolling.reportablenews.com/pr/super-poll-sunday-polling-in-the-midwest-shows-biden-ahead-in-michigan-and-tight-races-in-ohio-and-iowa,2,"[{""candidate_id"": ""13466"", ""candidate_name"": ""Theresa Greenfield"", ""party"": ""DEM"", ""answer"": ""Greenfield"", ""pct"": ""50.8""}, {""candidate_id"": ""13467"", ""candidate_name"": ""Joni K. Ernst"", ""party"": ""REP"", ""answer"": ""Ernst"", ""pct"": ""47.7""}]",false,selected,,Only eligible LV question for this poll/round,,50.8,47.7,0,"[""538-row:250"", ""538-row:251""]"
538:2020:6268:72495:136051,538_archive,2020,AZ,6268,72495,136051,72495,2020-AZ-special-general,2020-AZ-special-general,general,Class III,2,11/3/20,2020-11-03,2020-10-29,2020-10-31,LV,lv,lv,732,Emerson College Polling Society,false,,Source flags; not independent nonpartisan verification,https://emersonpolling.reportablenews.com/pr/super-poll-sunday-toss-ups-in-nevada-and-arizona,2,"[{""candidate_id"": ""13445"", ""candidate_name"": ""Mark Kelly"", ""party"": ""DEM"", ""answer"": ""Kelly"", ""pct"": ""50.3""}, {""candidate_id"": ""13446"", ""candidate_name"": ""Martha McSally"", ""party"": ""REP"", ""answer"": ""McSally"", ""pct"": ""47.6""}]",true,selected,,Only eligible LV question for this poll/round,,50.3,47.6,0,"[""538-row:252"", ""538-row:253""]"
538:2020:6279:72511:136078,538_archive,2020,ME,6279,72511,136078,72511,2020-ME-ordinary-general,2020-ME-ordinary-general,general,Class II,2,11/3/20,2020-11-03,2020-10-29,2020-10-31,LV,lv,lv,611,Emerson College Polling Society,false,,Source flags; not independent nonpartisan verification,https://emersonpolling.reportablenews.com/pr/super-poll-sunday-biden-with-slight-lead-over-trump-in-pennsylvania-maine-s-second-district-competitive,4,"[{""candidate_id"": ""13455"", ""candidate_name"": ""Sara I. Gideon"", ""party"": ""DEM"", ""answer"": ""Gideon"", ""pct"": ""47.6""}, {""candidate_id"": ""13456"", ""candidate_name"": ""Susan M. Collins"", ""party"": ""REP"", ""answer"": ""Collins"", ""pct"": ""45.8""}, {""candidate_id"": ""14690"", ""candidate_name"": ""Lisa Savage"", ""party"": ""IND"", ""answer"": ""Savage"", ""pct"": ""5.0""}, {""candidate_id"": ""14691"", ""candidate_name"": ""Max Linn"", ""party"": ""IND"", ""answer"": ""Linn"", ""pct"": ""1.0""}]",true,selected,,Only eligible LV question for this poll/round,,47.6,45.8,6.0,"[""538-row:254"", ""538-row:255"", ""538-row:256"", ""538-row:257""]"
538:2020:6284:72515:136085,538_archive,2020,NC,6284,72515,136085,72515,2020-NC-ordinary-general,2020-NC-ordinary-general,general,Class II,0,11/3/20,2020-11-03,2020-10-29,2020-10-31,LV,lv,lv,855,Emerson College Polling Society,false,,Source flags; not independent nonpartisan verification,https://emersonpolling.reportablenews.com/pr/super-poll-sunday-democrats-within-striking-distance-in-key-southern-states,2,"[{""candidate_id"": ""13468"", ""candidate_name"": ""Cal Cunningham"", ""party"": ""DEM"", ""answer"": ""Cunningham"", ""pct"": ""50.4""}, {""candidate_id"": ""13461"", ""candidate_name"": ""Thomas Roland Tillis"", ""party"": ""REP"", ""answer"": ""Tillis"", ""pct"": ""47.2""}]",false,selected,,Only eligible LV question for this poll/round,,50.4,47.2,0,"[""538-row:258"", ""538-row:259""]"
538:2020:6271:72517:136086,538_archive,2020,GA,6271,72517,136086,72517,2020-GA-ordinary-general,2020-GA-ordinary-general,general,Class II,0,11/3/20,2020-11-03,2020-10-29,2020-10-31,LV,lv,lv,749,Emerson College Polling Society,false,,Source flags; not independent nonpartisan verification,https://emersonpolling.reportablenews.com/pr/super-poll-sunday-democrats-within-striking-distance-in-key-southern-states,2,"[{""candidate_id"": ""14567"", ""candidate_name"": ""Jon Ossoff"", ""party"": ""DEM"", ""answer"": ""Ossoff"", ""pct"": ""48.9""}, {""candidate_id"": ""14568"", ""candidate_name"": ""David A. Perdue"", ""party"": ""REP"", ""answer"": ""Perdue"", ""pct"": ""47.6""}]",false,selected,,Only eligible LV question for this poll/round,,48.9,47.6,0,"[""538-row:260"", ""538-row:261""]"
538:2020:7780:72517:136087,538_archive,2020,GA,7780,72517,136087,72517,2020-GA-special-first,2020-GA-special-first,jungle primary,Class III,2,11/3/20,2020-11-03,2020-10-29,2020-10-31,LV,lv,lv,749,Emerson College Polling Society,false,,Source flags; not independent nonpartisan verification,https://emersonpolling.reportablenews.com/pr/super-poll-sunday-democrats-within-striking-distance-in-key-southern-states,5,"[{""candidate_id"": ""13670"", ""candidate_name"": ""Matt Lieberman"", ""party"": ""DEM"", ""answer"": ""Lieberman"", ""pct"": ""7.8""}, {""candidate_id"": ""13669"", ""candidate_name"": ""Doug Collins"", ""party"": ""REP"", ""answer"": ""Collins"", ""pct"": ""26.8""}, {""candidate_id"": ""13671"", ""candidate_name"": ""Kelly Loeffler"", ""party"": ""REP"", ""answer"": ""Loeffler"", ""pct"": ""23.5""}, {""candidate_id"": ""14490"", ""candidate_name"": ""Ed Tarver"", ""party"": ""DEM"", ""answer"": ""Tarver"", ""pct"": ""2.3""}, {""candidate_id"": ""14489"", ""candidate_name"": ""Raphael Warnock"", ""party"": ""DEM"", ""answer"": ""Warnock"", ""pct"": ""37.9""}]",false,selected,,Only eligible LV question for this poll/round,,48.0,50.3,0,"[""538-row:262"", ""538-row:263"", ""538-row:264"", ""538-row:265"", ""538-row:266""]"
538:2020:6268:72602:136269,538_archive,2020,AZ,6268,72602,136269,72602,2020-AZ-special-general,2020-AZ-special-general,general,Class III,2,11/3/20,2020-11-03,2020-10-22,2020-10-31,LV,lv,lv,1059,Morning Consult,false,,Source flags; not independent nonpartisan verification,https://morningconsult.com/form/2020-u-s-election-tracker/,2,"[{""candidate_id"": ""13445"", ""candidate_name"": ""Mark Kelly"", ""party"": ""DEM"", ""answer"": ""Kelly"", ""pct"": ""47.9""}, {""candidate_id"": ""13446"", ""candidate_name"": ""Martha McSally"", ""party"": ""REP"", ""answer"": ""McSally"", ""pct"": ""44.4""}]",true,selected,,Only eligible LV question for this poll/round,,47.9,44.4,0,"[""538-row:269"", ""538-row:270""]"
538:2020:6269:72603:136270,538_archive,2020,CO,6269,72603,136270,72603,2020-CO-ordinary-general,2020-CO-ordinary-general,general,Class II,0,11/3/20,2020-11-03,2020-10-22,2020-10-31,LV,lv,lv,727,Morning Consult,false,,Source flags; not independent nonpartisan verification,https://morningconsult.com/form/2020-u-s-election-tracker/,2,"[{""candidate_id"": ""13474"", ""candidate_name"": ""John Wright Hickenlooper"", ""party"": ""DEM"", ""answer"": ""Hickenlooper"", ""pct"": ""51.5""}, {""candidate_id"": ""13475"", ""candidate_name"": ""Cory Gardner"", ""party"": ""REP"", ""answer"": ""Gardner"", ""pct"": ""43.6""}]",false,selected,,Only eligible LV question for this poll/round,,51.5,43.6,0,"[""538-row:271"", ""538-row:272""]"
538:2020:6271:72605:136271,538_archive,2020,GA,6271,72605,136271,72605,2020-GA-ordinary-general,2020-GA-ordinary-general,general,Class II,0,11/3/20,2020-11-03,2020-10-22,2020-10-31,LV,lv,lv,1743,Morning Consult,false,,Source flags; not independent nonpartisan verification,https://morningconsult.com/form/2020-u-s-election-tracker/,2,"[{""candidate_id"": ""14567"", ""candidate_name"": ""Jon Ossoff"", ""party"": ""DEM"", ""answer"": ""Ossoff"", ""pct"": ""46.5""}, {""candidate_id"": ""14568"", ""candidate_name"": ""David A. Perdue"", ""party"": ""REP"", ""answer"": ""Perdue"", ""pct"": ""45.5""}]",false,selected,,Only eligible LV question for this poll/round,,46.5,45.5,0,"[""538-row:273"", ""538-row:274""]"
538:2020:6284:72610:136274,538_archive,2020,NC,6284,72610,136274,72610,2020-NC-ordinary-general,2020-NC-ordinary-general,general,Class II,0,11/3/20,2020-11-03,2020-10-22,2020-10-31,LV,lv,lv,1982,Morning Consult,false,,Source flags; not independent nonpartisan verification,https://morningconsult.com/form/2020-u-s-election-tracker/,2,"[{""candidate_id"": ""13468"", ""candidate_name"": ""Cal Cunningham"", ""party"": ""DEM"", ""answer"": ""Cunningham"", ""pct"": ""47.4""}, {""candidate_id"": ""13461"", ""candidate_name"": ""Thomas Roland Tillis"", ""party"": ""REP"", ""answer"": ""Tillis"", ""pct"": ""42.5""}]",false,selected,,Only eligible LV question for this poll/round,,47.4,42.5,0,"[""538-row:277"", ""538-row:278""]"
538:2020:6292:72613:136275,538_archive,2020,SC,6292,72613,136275,72613,2020-SC-ordinary-general,2020-SC-ordinary-general,general,Class II,0,11/3/20,2020-11-03,2020-10-22,2020-10-31,LV,lv,lv,904,Morning Consult,false,,Source flags; not independent nonpartisan verification,https://morningconsult.com/form/2020-u-s-election-tracker/,2,"[{""candidate_id"": ""13457"", ""candidate_name"": ""Jaime Harrison"", ""party"": ""DEM"", ""answer"": ""Harrison"", ""pct"": ""44.2""}, {""candidate_id"": ""13458"", ""candidate_name"": ""Lindsey Graham"", ""party"": ""REP"", ""answer"": ""Graham"", ""pct"": ""46.4""}]",false,selected,,Only eligible LV question for this poll/round,,44.2,46.4,0,"[""538-row:279"", ""538-row:280""]"
538:2020:6266:72617:136268,538_archive,2020,AL,6266,72617,136268,72617,2020-AL-ordinary-general,2020-AL-ordinary-general,general,Class II,0,11/3/20,2020-11-03,2020-10-22,2020-10-31,LV,lv,lv,850,Morning Consult,false,,Source flags; not independent nonpartisan verification,https://morningconsult.com/form/2020-u-s-election-tracker/,2,"[{""candidate_id"": ""13612"", ""candidate_name"": ""Gordon Douglas Jones"", ""party"": ""DEM"", ""answer"": ""Jones"", ""pct"": ""39.0""}, {""candidate_id"": ""13614"", ""candidate_name"": ""Tommy Tuberville"", ""party"": ""REP"", ""answer"": ""Tuberville"", ""pct"": ""51.1""}]",true,selected,,Only eligible LV question for this poll/round,,39.0,51.1,0,"[""538-row:283"", ""538-row:284""]"
538:2020:6272:72492:136045,538_archive,2020,IA,6272,72492,136045,72492,2020-IA-ordinary-general,2020-IA-ordinary-general,general,Class II,0,11/3/20,2020-11-03,2020-10-30,2020-10-30,LV,lv,lv,400,InsiderAdvantage,false,,Source flags; not independent nonpartisan verification,https://overland.amgreatness.com/app/uploads/2020/10/IOWA-POLL-102020.pdf,4,"[{""candidate_id"": ""13466"", ""candidate_name"": ""Theresa Greenfield"", ""party"": ""DEM"", ""answer"": ""Greenfield"", ""pct"": ""45.1""}, {""candidate_id"": ""13467"", ""candidate_name"": ""Joni K. Ernst"", ""party"": ""REP"", ""answer"": ""Ernst"", ""pct"": ""50.7""}, {""candidate_id"": ""15614"", ""candidate_name"": ""Rick Stewart"", ""party"": ""LIB"", ""answer"": ""Stewart"", ""pct"": ""0.5""}, {""candidate_id"": ""15642"", ""candidate_name"": ""Suzanne Herzog"", ""party"": ""IND"", ""answer"": ""Herzog"", ""pct"": ""0.5""}]",true,selected,,Only eligible LV question for this poll/round,,45.1,50.7,1.0,"[""538-row:287"", ""538-row:288"", ""538-row:289"", ""538-row:290""]"
538:2020:6268:72632:136301,538_archive,2020,AZ,6268,72632,136301,72632,2020-AZ-special-general,2020-AZ-special-general,general,Class III,2,11/3/20,2020-11-03,2020-10-28,2020-10-30,LV,lv,lv,550,Data Orbital,false,,Source flags; not independent nonpartisan verification,https://www.dataorbital.com/the-blog/breaking-in-arizona-presidential-and-us-senate-races-shift-one-day-before-election-day,2,"[{""candidate_id"": ""13445"", ""candidate_name"": ""Mark Kelly"", ""party"": ""DEM"", ""answer"": ""Kelly"", ""pct"": ""47.1""}, {""candidate_id"": ""13446"", ""candidate_name"": ""Martha McSally"", ""party"": ""REP"", ""answer"": ""McSally"", ""pct"": ""46.0""}]",true,selected,,Only eligible LV question for this poll/round,,47.1,46.0,0,"[""538-row:296"", ""538-row:297""]"
538:2020:6268:72478:136021,538_archive,2020,AZ,6268,72478,136021,72478,2020-AZ-special-general,2020-AZ-special-general,general,Class III,2,11/3/20,2020-11-03,2020-10-26,2020-10-30,LV,lv,lv,1252,Siena College/NYT Upshot,false,,Source flags; not independent nonpartisan verification,https://int.nyt.com/data/documenttools/az-fl-pa-wi/bc6b622f38350414/full.pdf,2,"[{""candidate_id"": ""13445"", ""candidate_name"": ""Mark Kelly"", ""party"": ""DEM"", ""answer"": ""Kelly"", ""pct"": ""50.0""}, {""candidate_id"": ""13446"", ""candidate_name"": ""Martha McSally"", ""party"": ""REP"", ""answer"": ""McSally"", ""pct"": ""43.0""}]",true,selected,,Only eligible LV question for this poll/round,,50.0,43.0,0,"[""538-row:298"", ""538-row:299""]"
538:2020:6281:72586:136226,538_archive,2020,MN,6281,72586,136226,72586,2020-MN-ordinary-general,2020-MN-ordinary-general,general,Class II,2,11/3/20,2020-11-03,2020-10-25,2020-10-30,LV,lv,lv,1138,Targoz Market Research,false,,Source flags; not independent nonpartisan verification,https://static1.squarespace.com/static/5e28be4ccb16eb0aa6496c31/t/5f9f6c49622e88214e9ef210/1604283466396/Crosstab+-+Minnesota+2020+PollSmart+Poll+%28Demos%29.pdf,2,"[{""candidate_id"": ""15691"", ""candidate_name"": ""Tina Smith"", ""party"": ""DEM"", ""answer"": ""Smith"", ""pct"": ""53.0""}, {""candidate_id"": ""15692"", ""candidate_name"": ""Jason Lewis"", ""party"": ""REP"", ""answer"": ""Lewis"", ""pct"": ""44.0""}]",false,selected,,Only eligible LV question for this poll/round,,53.0,44.0,0,"[""538-row:300"", ""538-row:301""]"
538:2020:6268:72417:135886,538_archive,2020,AZ,6268,72417,135886,72417,2020-AZ-special-general,2020-AZ-special-general,general,Class III,2,11/3/20,2020-11-03,2020-10-23,2020-10-30,LV,lv,lv,865,SSRS,false,,Source flags; not independent nonpartisan verification,http://cdn.cnn.com/cnn/2020/images/10/31/rel2_az.pdf,2,"[{""candidate_id"": ""13445"", ""candidate_name"": ""Mark Kelly"", ""party"": ""DEM"", ""answer"": ""Kelly"", ""pct"": ""52.0""}, {""candidate_id"": ""13446"", ""candidate_name"": ""Martha McSally"", ""party"": ""REP"", ""answer"": ""McSally"", ""pct"": ""45.0""}]",true,selected,,Only eligible LV question for this poll/round,,52.0,45.0,0,"[""538-row:310"", ""538-row:311""]"
538:2020:6284:72418:135889,538_archive,2020,NC,6284,72418,135889,72418,2020-NC-ordinary-general,2020-NC-ordinary-general,general,Class II,0,11/3/20,2020-11-03,2020-10-23,2020-10-30,LV,lv,lv,901,SSRS,false,,Source flags; not independent nonpartisan verification,http://cdn.cnn.com/cnn/2020/images/10/31/rel2_nc.pdf,4,"[{""candidate_id"": ""13468"", ""candidate_name"": ""Cal Cunningham"", ""party"": ""DEM"", ""answer"": ""Cunningham"", ""pct"": ""47.0""}, {""candidate_id"": ""13461"", ""candidate_name"": ""Thomas Roland Tillis"", ""party"": ""REP"", ""answer"": ""Tillis"", ""pct"": ""44.0""}, {""candidate_id"": ""14557"", ""candidate_name"": ""Shannon W. Bray"", ""party"": ""LIB"", ""answer"": ""Bray"", ""pct"": ""2.0""}, {""candidate_id"": ""14558"", ""candidate_name"": ""Kevin Eugene Hayes"", ""party"": ""CON"", ""answer"": ""Hayes"", ""pct"": ""2.0""}]",true,selected,,Only eligible LV question for this poll/round,,47.0,44.0,4.0,"[""538-row:314"", ""538-row:315"", ""538-row:316"", ""538-row:317""]"
538:2020:6284:72326:135697,538_archive,2020,NC,6284,72326,135697,72326,2020-NC-ordinary-general,2020-NC-ordinary-general,general,Class II,0,11/3/20,2020-11-03,2020-10-28,2020-10-29,LV,lv,lv,800,Rasmussen (Pulse Opinion Research),false,,Source flags; not independent nonpartisan verification,https://bit.ly/3oEwIrf,2,"[{""candidate_id"": ""13468"", ""candidate_name"": ""Cal Cunningham"", ""party"": ""DEM"", ""answer"": ""Cunningham"", ""pct"": ""47.0""}, {""candidate_id"": ""13461"", ""candidate_name"": ""Thomas Roland Tillis"", ""party"": ""REP"", ""answer"": ""Tillis"", ""pct"": ""44.0""}]",false,selected,,Only eligible LV question for this poll/round,,47.0,44.0,0,"[""538-row:329"", ""538-row:330""]"
538:2020:6268:72217:135483,538_archive,2020,AZ,6268,72217,135483,72217,2020-AZ-special-general,2020-AZ-special-general,general,Class III,2,11/3/20,2020-11-03,2020-10-27,2020-10-29,LV,lv,lv,800,Rasmussen (Pulse Opinion Research),false,,Source flags; not independent nonpartisan verification,https://www.rasmussenreports.com/public_content/politics/elections/election_2020/arizona_senate_kelly_d_48_mcsally_r_43,2,"[{""candidate_id"": ""13445"", ""candidate_name"": ""Mark Kelly"", ""party"": ""DEM"", ""answer"": ""Kelly"", ""pct"": ""48.0""}, {""candidate_id"": ""13446"", ""candidate_name"": ""Martha McSally"", ""party"": ""REP"", ""answer"": ""McSally"", ""pct"": ""43.0""}]",true,selected,,Only eligible LV question for this poll/round,,48.0,43.0,0,"[""538-row:331"", ""538-row:332""]"
538:2020:6272:72420:135893,538_archive,2020,IA,6272,72420,135893,72420,2020-IA-ordinary-general,2020-IA-ordinary-general,general,Class II,0,11/3/20,2020-11-03,2020-10-26,2020-10-29,LV,lv,lv,814,Selzer,false,,Source flags; not independent nonpartisan verification,https://www.desmoinesregister.com/story/news/politics/iowa-poll/2020/10/31/election-2020-iowa-poll-greenfield-ernst-us-senate-race-voters/6055545002/,2,"[{""candidate_id"": ""13466"", ""candidate_name"": ""Theresa Greenfield"", ""party"": ""DEM"", ""answer"": ""Greenfield"", ""pct"": ""42.0""}, {""candidate_id"": ""13467"", ""candidate_name"": ""Joni K. Ernst"", ""party"": ""REP"", ""answer"": ""Ernst"", ""pct"": ""46.0""}]",false,selected,,Only eligible LV question for this poll/round,,42.0,46.0,0,"[""538-row:335"", ""538-row:336""]"
538:2020:6288:72400:136020,538_archive,2020,NM,6288,72400,136020,72400,2020-NM-ordinary-general,2020-NM-ordinary-general,general,Class II,2,11/3/20,2020-11-03,2020-10-23,2020-10-29,LV,lv,lv,1180,Research & Polling,false,,Source flags; not independent nonpartisan verification,https://www.abqjournal.com/1513177/lujan-leads-ronchetti-in-race-for-us-senate.html,3,"[{""candidate_id"": ""13626"", ""candidate_name"": ""Ben Ray Luj\u00e1n"", ""party"": ""DEM"", ""answer"": ""Lujan"", ""pct"": ""52.0""}, {""candidate_id"": ""14622"", ""candidate_name"": ""Mark V. Ronchetti"", ""party"": ""REP"", ""answer"": ""Ronchetti"", ""pct"": ""44.0""}, {""candidate_id"": ""15617"", ""candidate_name"": ""Bob Walsh"", ""party"": ""LIB"", ""answer"": ""Walsh"", ""pct"": ""3.0""}]",true,selected,,Only eligible LV question for this poll/round,,52.0,44.0,3.0,"[""538-row:337"", ""538-row:338"", ""538-row:339""]"
538:2020:6296:72402:135856,538_archive,2020,VA,6296,72402,135856,72402,2020-VA-ordinary-general,2020-VA-ordinary-general,general,Class II,2,11/3/20,2020-11-03,2020-10-23,2020-10-29,LV,lv,lv,802,Roanoke College,false,,Source flags; not independent nonpartisan verification,https://www.roanoke.edu/about/news/rc_poll_politics_poll_oct31,2,"[{""candidate_id"": ""14760"", ""candidate_name"": ""Mark R. Warner"", ""party"": ""DEM"", ""answer"": ""Warner"", ""pct"": ""55.0""}, {""candidate_id"": ""15688"", ""candidate_name"": ""Daniel M. Gade"", ""party"": ""REP"", ""answer"": ""Gade"", ""pct"": ""39.0""}]",true,selected,,Only eligible LV question for this poll/round,,55.0,39.0,0,"[""538-row:340"", ""538-row:341""]"
538:2020:6271:72336:135719,538_archive,2020,GA,6271,72336,135719,72336,2020-GA-ordinary-general,2020-GA-ordinary-general,general,Class II,0,11/3/20,2020-11-03,2020-10-28,2020-10-28,LV,lv,lv,750,Landmark Communications,false,,Source flags; not independent nonpartisan verification,https://www.documentcloud.org/documents/7279640-WSBTV-Landmark-GA-Poll-PresSenate-10-27-28-20.html,3,"[{""candidate_id"": ""14567"", ""candidate_name"": ""Jon Ossoff"", ""party"": ""DEM"", ""answer"": ""Ossoff"", ""pct"": ""47.3""}, {""candidate_id"": ""14568"", ""candidate_name"": ""David A. Perdue"", ""party"": ""REP"", ""answer"": ""Perdue"", ""pct"": ""47.2""}, {""candidate_id"": ""14572"", ""candidate_name"": ""Shane Hazel"", ""party"": ""LIB"", ""answer"": ""Hazel"", ""pct"": ""2.7""}]",true,selected,,Only eligible LV question for this poll/round,,47.3,47.2,2.7,"[""538-row:344"", ""538-row:345"", ""538-row:346""]"
538:2020:7780:72336:135720,538_archive,2020,GA,7780,72336,135720,72336,2020-GA-special-first,2020-GA-special-first,jungle primary,Class III,2,11/3/20,2020-11-03,2020-10-28,2020-10-28,LV,lv,lv,750,Landmark Communications,false,,Source flags; not independent nonpartisan verification,https://www.documentcloud.org/documents/7279640-WSBTV-Landmark-GA-Poll-PresSenate-10-27-28-20.html,6,"[{""candidate_id"": ""14489"", ""candidate_name"": ""Raphael Warnock"", ""party"": ""DEM"", ""answer"": ""Warnock"", ""pct"": ""36.9""}, {""candidate_id"": ""13671"", ""candidate_name"": ""Kelly Loeffler"", ""party"": ""REP"", ""answer"": ""Loeffler"", ""pct"": ""25.1""}, {""candidate_id"": ""13669"", ""candidate_name"": ""Doug Collins"", ""party"": ""REP"", ""answer"": ""Collins"", ""pct"": ""23.1""}, {""candidate_id"": ""13670"", ""candidate_name"": ""Matt Lieberman"", ""party"": ""DEM"", ""answer"": ""Lieberman"", ""pct"": ""9.1""}, {""candidate_id"": ""14549"", ""candidate_name"": ""Brian Richard Slowinski"", ""party"": ""LIB"", ""answer"": ""Slowinski"", ""pct"": ""1.8""}, {""candidate_id"": ""14490"", ""candidate_name"": ""Ed Tarver"", ""party"": ""DEM"", ""answer"": ""Tarver"", ""pct"": ""1.0""}]",false,selected,,Only eligible LV question for this poll/round,,47.0,48.2,1.8,"[""538-row:347"", ""538-row:348"", ""538-row:349"", ""538-row:350"", ""538-row:351"", ""538-row:352""]"
538:2020:6284:72321:135684,538_archive,2020,NC,6284,72321,135684,72321,2020-NC-ordinary-general,2020-NC-ordinary-general,general,Class II,0,11/3/20,2020-11-03,2020-10-27,2020-10-28,LV,lv,lv,750,Cardinal Point Analytics (CardinalGPS),false,,Source flags; not independent nonpartisan verification,https://nsjonline.com/wp-content/uploads/2020/10/NSJ-CPA-2020-10-29-POLL_Results.pdf,4,"[{""candidate_id"": ""13468"", ""candidate_name"": ""Cal Cunningham"", ""party"": ""DEM"", ""answer"": ""Cunningham"", ""pct"": ""40.65""}, {""candidate_id"": ""13461"", ""candidate_name"": ""Thomas Roland Tillis"", ""party"": ""REP"", ""answer"": ""Tillis"", ""pct"": ""45.9""}, {""candidate_id"": ""14557"", ""candidate_name"": ""Shannon W. Bray"", ""party"": ""LIB"", ""answer"": ""Bray"", ""pct"": ""6.06""}, {""candidate_id"": ""14558"", ""candidate_name"": ""Kevin Eugene Hayes"", ""party"": ""CON"", ""answer"": ""Hayes"", ""pct"": ""1.88""}]",true,selected,,Only eligible LV question for this poll/round,,40.65,45.9,7.94,"[""538-row:363"", ""538-row:364"", ""538-row:365"", ""538-row:366""]"
538:2020:6284:72332:135711,538_archive,2020,NC,6284,72332,135711,72332,2020-NC-ordinary-general,2020-NC-ordinary-general,general,Class II,0,11/3/20,2020-11-03,2020-10-27,2020-10-28,LV,lv,lv,1103,East Carolina University,false,,Source flags; not independent nonpartisan verification,https://surveyresearch-ecu.reportablenews.com/pr/ecu-poll-biden-and-cunningham-hold-slim-leads-in-north-carolina-cooper-remains-ahead-as-election-day-nears,2,"[{""candidate_id"": ""13468"", ""candidate_name"": ""Cal Cunningham"", ""party"": ""DEM"", ""answer"": ""Cunningham"", ""pct"": ""48.14""}, {""candidate_id"": ""13461"", ""candidate_name"": ""Thomas Roland Tillis"", ""party"": ""REP"", ""answer"": ""Tillis"", ""pct"": ""46.6""}]",false,selected,,Only eligible LV question for this poll/round,,48.14,46.6,0,"[""538-row:367"", ""538-row:368""]"
538:2020:6268:72158:135321,538_archive,2020,AZ,6268,72158,135321,72158,2020-AZ-special-general,2020-AZ-special-general,general,Class III,2,11/3/20,2020-11-03,2020-10-26,2020-10-28,LV,lv,lv,704,Gravis Marketing,false,,Source flags; not independent nonpartisan verification,https://www.scribd.com/document/481978819/Arizona-October-28-2020,2,"[{""candidate_id"": ""13445"", ""candidate_name"": ""Mark Kelly"", ""party"": ""DEM"", ""answer"": ""Kelly"", ""pct"": ""50.0""}, {""candidate_id"": ""13446"", ""candidate_name"": ""Martha McSally"", ""party"": ""REP"", ""answer"": ""McSally"", ""pct"": ""45.0""}]",true,selected,,Only eligible LV question for this poll/round,,50.0,45.0,0,"[""538-row:371"", ""538-row:372""]"
538:2020:6265:72193:135419,538_archive,2020,AK,6265,72193,135419,72193,2020-AK-ordinary-general,2020-AK-ordinary-general,general,Class II,0,11/3/20,2020-11-03,2020-10-26,2020-10-28,LV,lv,lv,770,Gravis Marketing,false,,Source flags; not independent nonpartisan verification,https://www.scribd.com/document/482078454/Alaska-October-28-2020#from_embed,2,"[{""candidate_id"": ""14697"", ""candidate_name"": ""Al Gross"", ""party"": ""DEM"", ""answer"": ""Gross"", ""pct"": ""45.0""}, {""candidate_id"": ""13462"", ""candidate_name"": ""Dan Sullivan"", ""party"": ""REP"", ""answer"": ""Sullivan"", ""pct"": ""48.0""}]",false,selected,,Only eligible LV question for this poll/round,,45.0,48.0,0,"[""538-row:373"", ""538-row:374""]"
538:2020:6286:72226:135495,538_archive,2020,NH,6286,72226,135495,72226,2020-NH-ordinary-general,2020-NH-ordinary-general,general,Class II,0,11/3/20,2020-11-03,2020-10-26,2020-10-28,LV,lv,lv,600,American Research Group,false,,Source flags; not independent nonpartisan verification,https://americanresearchgroup.com/nhpoll/senate20/,3,"[{""candidate_id"": ""13448"", ""candidate_name"": ""Jeanne Shaheen"", ""party"": ""DEM"", ""answer"": ""Shaheen"", ""pct"": ""57.0""}, {""candidate_id"": ""14492"", ""candidate_name"": ""Bryant Messner"", ""party"": ""REP"", ""answer"": ""Messner"", ""pct"": ""40.0""}, {""candidate_id"": ""15620"", ""candidate_name"": ""Justin F. O'Donnell"", ""party"": ""LIB"", ""answer"": ""O'Donnell"", ""pct"": ""0.0""}]",true,selected,,Only eligible LV question for this poll/round,,57.0,40.0,0.0,"[""538-row:375"", ""538-row:376"", ""538-row:377""]"
538:2020:6284:72331:135706,538_archive,2020,NC,6284,72331,135706,72331,2020-NC-ordinary-general,2020-NC-ordinary-general,general,Class II,0,11/3/20,2020-11-03,2020-10-25,2020-10-28,LV,lv,lv,800,Marist,false,,Source flags; not independent nonpartisan verification,https://www.documentcloud.org/documents/7279122-Xyz-NBCNews-Marist-Poll-NC-Annotated.html,2,"[{""candidate_id"": ""13468"", ""candidate_name"": ""Cal Cunningham"", ""party"": ""DEM"", ""answer"": ""Cunningham"", ""pct"": ""53.0""}, {""candidate_id"": ""13461"", ""candidate_name"": ""Thomas Roland Tillis"", ""party"": ""REP"", ""answer"": ""Tillis"", ""pct"": ""43.0""}]",false,selected,,Only eligible LV question for this poll/round,,53.0,43.0,0,"[""538-row:380"", ""538-row:381""]"
538:2020:6286:72230:135504,538_archive,2020,NH,6286,72230,135504,72230,2020-NH-ordinary-general,2020-NH-ordinary-general,general,Class II,0,11/3/20,2020-11-03,2020-10-24,2020-10-28,LV,lv,lv,864,U. New Hampshire,false,,Source flags; not independent nonpartisan verification,https://scholars.unh.edu/cgi/viewcontent.cgi?article=1624&context=survey_center_polls,3,"[{""candidate_id"": ""13448"", ""candidate_name"": ""Jeanne Shaheen"", ""party"": ""DEM"", ""answer"": ""Shaheen"", ""pct"": ""54.0""}, {""candidate_id"": ""14492"", ""candidate_name"": ""Bryant Messner"", ""party"": ""REP"", ""answer"": ""Messner"", ""pct"": ""43.0""}, {""candidate_id"": ""15620"", ""candidate_name"": ""Justin F. O'Donnell"", ""party"": ""LIB"", ""answer"": ""O'Donnell"", ""pct"": ""2.0""}]",true,selected,,Only eligible LV question for this poll/round,,54.0,43.0,2.0,"[""538-row:384"", ""538-row:385"", ""538-row:386""]"
538:2020:6266:72223:135490,538_archive,2020,AL,6266,72223,135490,72223,2020-AL-ordinary-general,2020-AL-ordinary-general,general,Class II,0,11/3/20,2020-11-03,2020-10-23,2020-10-28,LV,lv,lv,853,Auburn University at Montgomery,false,,Source flags; not independent nonpartisan verification,https://www.aum.edu/wp-content/uploads/2020/10/10.29.2020-AUM-Poll-Topline-Results.pdf,2,"[{""candidate_id"": ""13612"", ""candidate_name"": ""Gordon Douglas Jones"", ""party"": ""DEM"", ""answer"": ""Jones"", ""pct"": ""42.9""}, {""candidate_id"": ""13614"", ""candidate_name"": ""Tommy Tuberville"", ""party"": ""REP"", ""answer"": ""Tuberville"", ""pct"": ""53.8""}]",true,selected,,Only eligible LV question for this poll/round,,42.9,53.8,0,"[""538-row:389"", ""538-row:390""]"
538:2020:6298:72334:135715,538_archive,2020,WY,6298,72334,135715,72334,2020-WY-ordinary-general,2020-WY-ordinary-general,general,Class II,2,11/3/20,2020-11-03,2020-10-08,2020-10-28,LV,lv,lv,614,University of Wyoming,false,,Source flags; not independent nonpartisan verification,http://www.uwyo.edu/uw/news/2020/10/uw-survey-wyoming-voters-prefer-trump-to-biden.html,2,"[{""candidate_id"": ""16005"", ""candidate_name"": ""Merav Ben-David"", ""party"": ""DEM"", ""answer"": ""Ben-David"", ""pct"": ""26.0""}, {""candidate_id"": ""14769"", ""candidate_name"": ""Cynthia M. Lummis"", ""party"": ""REP"", ""answer"": ""Lummis"", ""pct"": ""56.0""}]",true,selected,,Only eligible LV question for this poll/round,,26.0,56.0,0,"[""538-row:395"", ""538-row:396""]"
538:2020:6284:72153:135305,538_archive,2020,NC,6284,72153,135305,72153,2020-NC-ordinary-general,2020-NC-ordinary-general,general,Class II,0,11/3/20,2020-11-03,2020-10-26,2020-10-27,LV,lv,lv,614,Gravis Marketing,false,,Source flags; not independent nonpartisan verification,https://www.scribd.com/document/481968988/North-Carolina-October-28-2020-v3,2,"[{""candidate_id"": ""13468"", ""candidate_name"": ""Cal Cunningham"", ""party"": ""DEM"", ""answer"": ""Cunningham"", ""pct"": ""46.0""}, {""candidate_id"": ""13461"", ""candidate_name"": ""Thomas Roland Tillis"", ""party"": ""REP"", ""answer"": ""Tillis"", ""pct"": ""44.0""}]",false,selected,,Only eligible LV question for this poll/round,,46.0,44.0,0,"[""538-row:401"", ""538-row:402""]"
538:2020:6275:72240:135528,538_archive,2020,KS,6275,72240,135528,72240,2020-KS-ordinary-general,2020-KS-ordinary-general,general,Class II,0,11/3/20,2020-11-03,2020-10-25,2020-10-27,LV,lv,lv,1149,VCreek/AMG,false,,Source flags; not independent nonpartisan verification,https://projects.fivethirtyeight.com/polls/20201029_KS.pdf,3,"[{""candidate_id"": ""13698"", ""candidate_name"": ""Barbara Goolsbee Bollier"", ""party"": ""DEM"", ""answer"": ""Bollier"", ""pct"": ""43.46""}, {""candidate_id"": ""14604"", ""candidate_name"": ""Roger Marshall"", ""party"": ""REP"", ""answer"": ""Marshall"", ""pct"": ""47.03""}, {""candidate_id"": ""15647"", ""candidate_name"": ""Jason Buckley"", ""party"": ""LIB"", ""answer"": ""Buckley"", ""pct"": ""1.82""}]",true,selected,,Only eligible LV question for this poll/round,,43.46,47.03,1.82,"[""538-row:412"", ""538-row:413"", ""538-row:414""]"
538:2020:6281:72171:135366,538_archive,2020,MN,6281,72171,135366,72171,2020-MN-ordinary-general,2020-MN-ordinary-general,general,Class II,2,11/3/20,2020-11-03,2020-10-23,2020-10-27,LV,lv,lv,649,SurveyUSA,false,,Source flags; not independent nonpartisan verification,https://assets.documentcloud.org/documents/20400328/surveyusa1028.pdf,2,"[{""candidate_id"": ""15691"", ""candidate_name"": ""Tina Smith"", ""party"": ""DEM"", ""answer"": ""Smith"", ""pct"": ""45.0""}, {""candidate_id"": ""15692"", ""candidate_name"": ""Jason Lewis"", ""party"": ""REP"", ""answer"": ""Lewis"", ""pct"": ""42.0""}]",false,selected,,Only eligible LV question for this poll/round,,45.0,42.0,0,"[""538-row:452"", ""538-row:453""]"
538:2020:6279:72179:135388,538_archive,2020,ME,6279,72179,135388,72179,2020-ME-ordinary-general,2020-ME-ordinary-general,general,Class II,2,11/3/20,2020-11-03,2020-10-23,2020-10-27,LV,lv,lv,1007,SurveyUSA,false,,Source flags; not independent nonpartisan verification,https://bangordailynews.com/2020/10/29/politics/sara-gideon-susan-collins-nearly-tied-in-poll-finding-ranked-choice-voting-helps-democrats/,4,"[{""candidate_id"": ""13455"", ""candidate_name"": ""Sara I. Gideon"", ""party"": ""DEM"", ""answer"": ""Gideon"", ""pct"": ""46.0""}, {""candidate_id"": ""13456"", ""candidate_name"": ""Susan M. Collins"", ""party"": ""REP"", ""answer"": ""Collins"", ""pct"": ""45.0""}, {""candidate_id"": ""14691"", ""candidate_name"": ""Max Linn"", ""party"": ""IND"", ""answer"": ""Linn"", ""pct"": ""1.0""}, {""candidate_id"": ""14690"", ""candidate_name"": ""Lisa Savage"", ""party"": ""IND"", ""answer"": ""Savage"", ""pct"": ""4.0""}]",true,selected,,Unique full-ballot LV question (Decision 013),,46.0,45.0,5.0,"[""538-row:454"", ""538-row:455"", ""538-row:456"", ""538-row:457""]"
538:2020:6284:72215:135478,538_archive,2020,NC,6284,72215,135478,72215,2020-NC-ordinary-general,2020-NC-ordinary-general,general,Class II,0,11/3/20,2020-11-03,2020-10-23,2020-10-27,LV,lv,lv,1034,Siena College/NYT Upshot,false,,Source flags; not independent nonpartisan verification,https://int.nyt.com/data/documenttools/nc102320-crosstabs/226c0cc3df5049e0/full.pdf,4,"[{""candidate_id"": ""13468"", ""candidate_name"": ""Cal Cunningham"", ""party"": ""DEM"", ""answer"": ""Cunningham"", ""pct"": ""46.0""}, {""candidate_id"": ""13461"", ""candidate_name"": ""Thomas Roland Tillis"", ""party"": ""REP"", ""answer"": ""Tillis"", ""pct"": ""43.0""}, {""candidate_id"": ""14557"", ""candidate_name"": ""Shannon W. Bray"", ""party"": ""LIB"", ""answer"": ""Bray"", ""pct"": ""2.0""}, {""candidate_id"": ""14558"", ""candidate_name"": ""Kevin Eugene Hayes"", ""party"": ""CON"", ""answer"": ""Hayes"", ""pct"": ""1.0""}]",true,selected,,Only eligible LV question for this poll/round,,46.0,43.0,3.0,"[""538-row:460"", ""538-row:461"", ""538-row:462"", ""538-row:463""]"
538:2020:6272:72220:135488,538_archive,2020,IA,6272,72220,135488,72220,2020-IA-ordinary-general,2020-IA-ordinary-general,general,Class II,0,11/3/20,2020-11-03,2020-10-23,2020-10-27,LV,lv,lv,1225,Quinnipiac,false,,Source flags; not independent nonpartisan verification,https://poll.qu.edu/Poll-Release?releaseid=3741,2,"[{""candidate_id"": ""13466"", ""candidate_name"": ""Theresa Greenfield"", ""party"": ""DEM"", ""answer"": ""Greenfield"", ""pct"": ""46.0""}, {""candidate_id"": ""13467"", ""candidate_name"": ""Joni K. Ernst"", ""party"": ""REP"", ""answer"": ""Ernst"", ""pct"": ""48.0""}]",false,selected,,Only eligible LV question for this poll/round,,46.0,48.0,0,"[""538-row:464"", ""538-row:465""]"
538:2020:6284:72059:135094,538_archive,2020,NC,6284,72059,135094,72059,2020-NC-ordinary-general,2020-NC-ordinary-general,general,Class II,0,11/3/20,2020-11-03,2020-10-21,2020-10-27,LV,lv,lv,647,Ipsos,false,,Source flags; not independent nonpartisan verification,https://www.ipsos.com/sites/default/files/ct/news/documents/2020-10/topline_reuters_north_carolina_state_poll_w5_10_27_2020.pdf,2,"[{""candidate_id"": ""13468"", ""candidate_name"": ""Cal Cunningham"", ""party"": ""DEM"", ""answer"": ""Cunningham"", ""pct"": ""48.0""}, {""candidate_id"": ""13461"", ""candidate_name"": ""Thomas Roland Tillis"", ""party"": ""REP"", ""answer"": ""Tillis"", ""pct"": ""47.0""}]",false,selected,,Only eligible LV question for this poll/round,,48.0,47.0,0,"[""538-row:469"", ""538-row:470""]"
538:2020:6268:72166:135359,538_archive,2020,AZ,6268,72166,135359,72166,2020-AZ-special-general,2020-AZ-special-general,general,Class III,2,11/3/20,2020-11-03,2020-10-21,2020-10-27,LV,lv,lv,714,Ipsos,false,,Source flags; not independent nonpartisan verification,https://www.ipsos.com/sites/default/files/ct/news/documents/2020-10/topline_reuters_arizona_state_poll_w5_10_28_2020.pdf,2,"[{""candidate_id"": ""13445"", ""candidate_name"": ""Mark Kelly"", ""party"": ""DEM"", ""answer"": ""Kelly"", ""pct"": ""51.0""}, {""candidate_id"": ""13446"", ""candidate_name"": ""Martha McSally"", ""party"": ""REP"", ""answer"": ""McSally"", ""pct"": ""44.0""}]",true,selected,,Only eligible LV question for this poll/round,,51.0,44.0,0,"[""538-row:471"", ""538-row:472""]"
538:2020:6296:72078:135131,538_archive,2020,VA,6296,72078,135131,72078,2020-VA-ordinary-general,2020-VA-ordinary-general,general,Class II,2,11/3/20,2020-11-03,2020-10-15,2020-10-27,LV,lv,lv,908,Christopher Newport U.,false,,Source flags; not independent nonpartisan verification,https://cnu.edu/wasoncenter/surveys/archive/2020-10-28.html,2,"[{""candidate_id"": ""14760"", ""candidate_name"": ""Mark R. Warner"", ""party"": ""DEM"", ""answer"": ""Warner"", ""pct"": ""57.0""}, {""candidate_id"": ""15688"", ""candidate_name"": ""Daniel M. Gade"", ""party"": ""REP"", ""answer"": ""Gade"", ""pct"": ""37.0""}]",true,selected,,Only eligible LV question for this poll/round,,57.0,37.0,0,"[""538-row:473"", ""538-row:474""]"
538:2020:6292:72032:135037,538_archive,2020,SC,6292,72032,135037,72032,2020-SC-ordinary-general,2020-SC-ordinary-general,general,Class II,0,11/3/20,2020-11-03,2020-10-26,2020-10-26,LV,lv,lv,800,Starboard Communications,false,,Source flags; not independent nonpartisan verification,https://twitter.com/walter_whetsell/status/1320870398410530817,3,"[{""candidate_id"": ""13457"", ""candidate_name"": ""Jaime Harrison"", ""party"": ""DEM"", ""answer"": ""Harrison"", ""pct"": ""42.5""}, {""candidate_id"": ""13458"", ""candidate_name"": ""Lindsey Graham"", ""party"": ""REP"", ""answer"": ""Graham"", ""pct"": ""51.9""}, {""candidate_id"": ""14749"", ""candidate_name"": ""Bill Bledsoe"", ""party"": ""CON"", ""answer"": ""Bledsoe"", ""pct"": ""2.5""}]",true,selected,,Only eligible LV question for this poll/round,,42.5,51.9,2.5,"[""538-row:475"", ""538-row:476"", ""538-row:477""]"
538:2020:6284:72054:135266,538_archive,2020,NC,6284,72054,135266,72054,2020-NC-ordinary-general,2020-NC-ordinary-general,general,Class II,0,11/3/20,2020-11-03,2020-10-24,2020-10-26,LV,lv,lv,800,RMG Research,false,,Source flags; not independent nonpartisan verification,http://politicaliq.com/2020/10/28/nc-senate-cunningham-d-49-tillis-r-42/,2,"[{""candidate_id"": ""13468"", ""candidate_name"": ""Cal Cunningham"", ""party"": ""DEM"", ""answer"": ""Cunningham"", ""pct"": ""49.0""}, {""candidate_id"": ""13461"", ""candidate_name"": ""Thomas Roland Tillis"", ""party"": ""REP"", ""answer"": ""Tillis"", ""pct"": ""42.0""}]",false,selected,,Only eligible LV question for this poll/round,,49.0,42.0,0,"[""538-row:478"", ""538-row:479""]"
538:2020:6281:72056:135088,538_archive,2020,MN,6281,72056,135088,72056,2020-MN-ordinary-general,2020-MN-ordinary-general,general,Class II,2,11/3/20,2020-11-03,2020-10-24,2020-10-26,LV,lv,lv,657,Gravis Marketing,false,,Source flags; not independent nonpartisan verification,https://www.scribd.com/document/481836479/Minnesota-October-26-2020-v2,2,"[{""candidate_id"": ""15691"", ""candidate_name"": ""Tina Smith"", ""party"": ""DEM"", ""answer"": ""Smith"", ""pct"": ""53.0""}, {""candidate_id"": ""15692"", ""candidate_name"": ""Jason Lewis"", ""party"": ""REP"", ""answer"": ""Lewis"", ""pct"": ""39.0""}]",false,selected,,Only eligible LV question for this poll/round,,53.0,39.0,0,"[""538-row:480"", ""538-row:481""]"
538:2020:6271:72040:135052,538_archive,2020,GA,6271,72040,135052,72040,2020-GA-ordinary-general,2020-GA-ordinary-general,general,Class II,0,11/3/20,2020-11-03,2020-10-23,2020-10-26,LV,lv,lv,1041,Civiqs,false,,Source flags; not independent nonpartisan verification,https://civiqs.com/documents/Civiqs_DailyKos_GA_banner_book_2020_10_p577m2.pdf,3,"[{""candidate_id"": ""14567"", ""candidate_name"": ""Jon Ossoff"", ""party"": ""DEM"", ""answer"": ""Ossoff"", ""pct"": ""51.0""}, {""candidate_id"": ""14568"", ""candidate_name"": ""David A. Perdue"", ""party"": ""REP"", ""answer"": ""Perdue"", ""pct"": ""45.0""}, {""candidate_id"": ""14572"", ""candidate_name"": ""Shane Hazel"", ""party"": ""LIB"", ""answer"": ""Hazel"", ""pct"": ""2.0""}]",true,selected,,Only eligible LV question for this poll/round,,51.0,45.0,2.0,"[""538-row:484"", ""538-row:485"", ""538-row:486""]"
538:2020:7780:72040:135053,538_archive,2020,GA,7780,72040,135053,72040,2020-GA-special-first,2020-GA-special-first,jungle primary,Class III,2,11/3/20,2020-11-03,2020-10-23,2020-10-26,LV,lv,lv,1041,Civiqs,false,,Source flags; not independent nonpartisan verification,https://civiqs.com/documents/Civiqs_DailyKos_GA_banner_book_2020_10_p577m2.pdf,5,"[{""candidate_id"": ""14489"", ""candidate_name"": ""Raphael Warnock"", ""party"": ""DEM"", ""answer"": ""Warnock"", ""pct"": ""48.0""}, {""candidate_id"": ""13669"", ""candidate_name"": ""Doug Collins"", ""party"": ""REP"", ""answer"": ""Collins"", ""pct"": ""23.0""}, {""candidate_id"": ""13671"", ""candidate_name"": ""Kelly Loeffler"", ""party"": ""REP"", ""answer"": ""Loeffler"", ""pct"": ""22.0""}, {""candidate_id"": ""13670"", ""candidate_name"": ""Matt Lieberman"", ""party"": ""DEM"", ""answer"": ""Lieberman"", ""pct"": ""2.0""}, {""candidate_id"": ""14490"", ""candidate_name"": ""Ed Tarver"", ""party"": ""DEM"", ""answer"": ""Tarver"", ""pct"": ""1.0""}]",false,selected,,Only eligible LV question for this poll/round,,51.0,45.0,0,"[""538-row:487"", ""538-row:488"", ""538-row:489"", ""538-row:490"", ""538-row:491""]"
538:2020:6282:72041:135056,538_archive,2020,MS,6282,72041,135056,72041,2020-MS-ordinary-general,2020-MS-ordinary-general,general,Class II,2,11/3/20,2020-11-03,2020-10-23,2020-10-26,LV,lv,lv,507,Civiqs,false,,Source flags; not independent nonpartisan verification,https://civiqs.com/documents/Civiqs_DailyKos_MS_banner_book_2020_10_46eq84.pdf,3,"[{""candidate_id"": ""13651"", ""candidate_name"": ""Mike Espy"", ""party"": ""DEM"", ""answer"": ""Espy"", ""pct"": ""44.0""}, {""candidate_id"": ""13652"", ""candidate_name"": ""Cindy Hyde-Smith"", ""party"": ""REP"", ""answer"": ""Hyde-Smith"", ""pct"": ""52.0""}, {""candidate_id"": ""14573"", ""candidate_name"": ""Jimmy Edwards"", ""party"": ""LIB"", ""answer"": ""Edwards"", ""pct"": ""2.0""}]",true,selected,,Only eligible LV question for this poll/round,,44.0,52.0,2.0,"[""538-row:496"", ""538-row:497"", ""538-row:498""]"
538:2020:6284:72061:135369,538_archive,2020,NC,6284,72061,135369,72061,2020-NC-ordinary-general,2020-NC-ordinary-general,general,Class II,0,11/3/20,2020-11-03,2020-10-23,2020-10-26,LV,lv,lv,627,SurveyUSA,false,,Source flags; not independent nonpartisan verification,http://www.surveyusa.com/client/PollReport.aspx?g=4d33a5bf-6d75-4813-b96b-47f306098643,2,"[{""candidate_id"": ""13468"", ""candidate_name"": ""Cal Cunningham"", ""party"": ""DEM"", ""answer"": ""Cunningham"", ""pct"": ""48.0""}, {""candidate_id"": ""13461"", ""candidate_name"": ""Thomas Roland Tillis"", ""party"": ""REP"", ""answer"": ""Tillis"", ""pct"": ""45.0""}]",false,selected,,Only eligible LV question for this poll/round,,48.0,45.0,0,"[""538-row:499"", ""538-row:500""]"
538:2020:6286:72233:135518,538_archive,2020,NH,6286,72233,135518,72233,2020-NH-ordinary-general,2020-NH-ordinary-general,general,Class II,0,11/3/20,2020-11-03,2020-10-23,2020-10-26,LV,lv,lv,1018,St. Anselm,false,,Source flags; not independent nonpartisan verification,https://www.anselm.edu/sites/default/files/Documents/NHIOP/October%2026%202020%20FullResults.pdf,3,"[{""candidate_id"": ""13448"", ""candidate_name"": ""Jeanne Shaheen"", ""party"": ""DEM"", ""answer"": ""Shaheen"", ""pct"": ""54.0""}, {""candidate_id"": ""14492"", ""candidate_name"": ""Bryant Messner"", ""party"": ""REP"", ""answer"": ""Messner"", ""pct"": ""39.0""}, {""candidate_id"": ""15620"", ""candidate_name"": ""Justin F. O'Donnell"", ""party"": ""LIB"", ""answer"": ""O'Donnell"", ""pct"": ""2.0""}]",true,selected,,Only eligible LV question for this poll/round,,54.0,39.0,2.0,"[""538-row:506"", ""538-row:507"", ""538-row:508""]"
538:2020:6266:72295:135659,538_archive,2020,AL,6266,72295,135659,72295,2020-AL-ordinary-general,2020-AL-ordinary-general,general,Class II,0,11/3/20,2020-11-03,2020-10-23,2020-10-26,LV,lv,lv,232,Swayable,false,,Source flags; not independent nonpartisan verification,https://www.swayable.com/polls/2020-10-28.html,2,"[{""candidate_id"": ""13612"", ""candidate_name"": ""Gordon Douglas Jones"", ""party"": ""DEM"", ""answer"": ""Jones"", ""pct"": ""45.6""}, {""candidate_id"": ""13614"", ""candidate_name"": ""Tommy Tuberville"", ""party"": ""REP"", ""answer"": ""Tuberville"", ""pct"": ""54.4""}]",true,selected,,Only eligible LV question for this poll/round,,45.6,54.4,0,"[""538-row:509"", ""538-row:510""]"
538:2020:6268:72296:135658,538_archive,2020,AZ,6268,72296,135658,72296,2020-AZ-special-general,2020-AZ-special-general,general,Class III,2,11/3/20,2020-11-03,2020-10-23,2020-10-26,LV,lv,lv,286,Swayable,false,,Source flags; not independent nonpartisan verification,https://www.swayable.com/polls/2020-10-28.html,2,"[{""candidate_id"": ""13445"", ""candidate_name"": ""Mark Kelly"", ""party"": ""DEM"", ""answer"": ""Kelly"", ""pct"": ""55.8""}, {""candidate_id"": ""13446"", ""candidate_name"": ""Martha McSally"", ""party"": ""REP"", ""answer"": ""McSally"", ""pct"": ""44.2""}]",true,selected,,Only eligible LV question for this poll/round,,55.8,44.2,0,"[""538-row:511"", ""538-row:512""]"
538:2020:6271:72299:135653,538_archive,2020,GA,6271,72299,135653,72299,2020-GA-ordinary-general,2020-GA-ordinary-general,general,Class II,0,11/3/20,2020-11-03,2020-10-23,2020-10-26,LV,lv,lv,342,Swayable,false,,Source flags; not independent nonpartisan verification,https://www.swayable.com/polls/2020-10-28.html,3,"[{""candidate_id"": ""14567"", ""candidate_name"": ""Jon Ossoff"", ""party"": ""DEM"", ""answer"": ""Ossoff"", ""pct"": ""47.8""}, {""candidate_id"": ""14568"", ""candidate_name"": ""David A. Perdue"", ""party"": ""REP"", ""answer"": ""Perdue"", ""pct"": ""49.4""}, {""candidate_id"": ""14572"", ""candidate_name"": ""Shane Hazel"", ""party"": ""LIB"", ""answer"": ""Hazel"", ""pct"": ""2.8""}]",true,selected,,Only eligible LV question for this poll/round,,47.8,49.4,2.8,"[""538-row:513"", ""538-row:514"", ""538-row:515""]"
538:2020:6284:72303:135655,538_archive,2020,NC,6284,72303,135655,72303,2020-NC-ordinary-general,2020-NC-ordinary-general,general,Class II,0,11/3/20,2020-11-03,2020-10-23,2020-10-26,LV,lv,lv,363,Swayable,false,,Source flags; not independent nonpartisan verification,https://www.swayable.com/polls/2020-10-28.html,2,"[{""candidate_id"": ""13468"", ""candidate_name"": ""Cal Cunningham"", ""party"": ""DEM"", ""answer"": ""Cunningham"", ""pct"": ""49.7""}, {""candidate_id"": ""13461"", ""candidate_name"": ""Thomas Roland Tillis"", ""party"": ""REP"", ""answer"": ""Tillis"", ""pct"": ""50.3""}]",false,selected,,Only eligible LV question for this poll/round,,49.7,50.3,0,"[""538-row:518"", ""538-row:519""]"
538:2020:6296:72309:135657,538_archive,2020,VA,6296,72309,135657,72309,2020-VA-ordinary-general,2020-VA-ordinary-general,general,Class II,2,11/3/20,2020-11-03,2020-10-23,2020-10-26,LV,lv,lv,332,Swayable,false,,Source flags; not independent nonpartisan verification,https://www.swayable.com/polls/2020-10-28.html,2,"[{""candidate_id"": ""14760"", ""candidate_name"": ""Mark R. Warner"", ""party"": ""DEM"", ""answer"": ""Warner"", ""pct"": ""59.7""}, {""candidate_id"": ""15688"", ""candidate_name"": ""Daniel M. Gade"", ""party"": ""REP"", ""answer"": ""Gade"", ""pct"": ""40.3""}]",true,selected,,Only eligible LV question for this poll/round,,59.7,40.3,0,"[""538-row:524"", ""538-row:525""]"
538:2020:6284:72207:135452,538_archive,2020,NC,6284,72207,135452,72207,2020-NC-ordinary-general,2020-NC-ordinary-general,general,Class II,0,11/3/20,2020-11-03,2020-10-20,2020-10-26,LV,lv,lv,911,U. Massachusetts - Lowell,false,,Source flags; not independent nonpartisan verification,https://www.uml.edu/docs/2020-NC-Oct-Topline_tcm18-331629.pdf,2,"[{""candidate_id"": ""13468"", ""candidate_name"": ""Cal Cunningham"", ""party"": ""DEM"", ""answer"": ""Cunningham"", ""pct"": ""49.0""}, {""candidate_id"": ""13461"", ""candidate_name"": ""Thomas Roland Tillis"", ""party"": ""REP"", ""answer"": ""Tillis"", ""pct"": ""45.0""}]",false,selected,,Only eligible LV question for this poll/round,,49.0,45.0,0,"[""538-row:530"", ""538-row:531""]"
538:2020:6286:72208:135453,538_archive,2020,NH,6286,72208,135453,72208,2020-NH-ordinary-general,2020-NH-ordinary-general,general,Class II,0,11/3/20,2020-11-03,2020-10-16,2020-10-26,LV,lv,lv,757,U. Massachusetts - Lowell,false,,Source flags; not independent nonpartisan verification,https://www.uml.edu/docs/2020-NH-Oct-Topline_tcm18-331636.pdf,2,"[{""candidate_id"": ""13448"", ""candidate_name"": ""Jeanne Shaheen"", ""party"": ""DEM"", ""answer"": ""Shaheen"", ""pct"": ""57.0""}, {""candidate_id"": ""14492"", ""candidate_name"": ""Bryant Messner"", ""party"": ""REP"", ""answer"": ""Messner"", ""pct"": ""38.0""}]",false,selected,,Only eligible LV question for this poll/round,,57.0,38.0,0,"[""538-row:532"", ""538-row:533""]"
538:2020:6292:72157:135317,538_archive,2020,SC,6292,72157,135317,72157,2020-SC-ordinary-general,2020-SC-ordinary-general,general,Class II,0,11/3/20,2020-11-03,2020-10-24,2020-10-25,LV,lv,lv,763,East Carolina University,false,,Source flags; not independent nonpartisan verification,https://surveyresearch-ecu.reportablenews.com/pr/ecu-poll-of-south-carolina-graham-with-a-narrow-lead-over-harrison-among-likely-voters-trump-ahead-of-biden-as-election-day-nears,2,"[{""candidate_id"": ""13457"", ""candidate_name"": ""Jaime Harrison"", ""party"": ""DEM"", ""answer"": ""Harrison"", ""pct"": ""47.44""}, {""candidate_id"": ""13458"", ""candidate_name"": ""Lindsey Graham"", ""party"": ""REP"", ""answer"": ""Graham"", ""pct"": ""49.28""}]",false,selected,,Only eligible LV question for this poll/round,,47.44,49.28,0,"[""538-row:534"", ""538-row:535""]"
538:2020:6268:72055:135086,538_archive,2020,AZ,6268,72055,135086,72055,2020-AZ-special-general,2020-AZ-special-general,general,Class III,2,11/3/20,2020-11-03,2020-10-22,2020-10-25,LV,lv,lv,716,OH Predictive Insights / MBQF,false,,Source flags; not independent nonpartisan verification,https://ohpredictive.com/press-releases/poll-biden-maintains-small-lead-in-arizona/,2,"[{""candidate_id"": ""13445"", ""candidate_name"": ""Mark Kelly"", ""party"": ""DEM"", ""answer"": ""Kelly"", ""pct"": ""50.0""}, {""candidate_id"": ""13446"", ""candidate_name"": ""Martha McSally"", ""party"": ""REP"", ""answer"": ""McSally"", ""pct"": ""45.0""}]",true,selected,,Only eligible LV question for this poll/round,,50.0,45.0,0,"[""538-row:542"", ""538-row:543""]"
538:2020:6284:72139:135269,538_archive,2020,NC,6284,72139,135269,72139,2020-NC-ordinary-general,2020-NC-ordinary-general,general,Class II,0,11/3/20,2020-11-03,2020-10-22,2020-10-25,LV,lv,lv,504,Harper Polling,false,,Source flags; not independent nonpartisan verification,https://www.nccivitas.org/polling/biden-razor-thin-lead-trump/,4,"[{""candidate_id"": ""13468"", ""candidate_name"": ""Cal Cunningham"", ""party"": ""DEM"", ""answer"": ""Cunningham"", ""pct"": ""46.0""}, {""candidate_id"": ""13461"", ""candidate_name"": ""Thomas Roland Tillis"", ""party"": ""REP"", ""answer"": ""Tillis"", ""pct"": ""43.0""}, {""candidate_id"": ""14557"", ""candidate_name"": ""Shannon W. Bray"", ""party"": ""LIB"", ""answer"": ""Bray"", ""pct"": ""2.0""}, {""candidate_id"": ""14558"", ""candidate_name"": ""Kevin Eugene Hayes"", ""party"": ""CON"", ""answer"": ""Hayes"", ""pct"": ""1.0""}]",true,selected,,Only eligible LV question for this poll/round,,46.0,43.0,3.0,"[""538-row:544"", ""538-row:545"", ""538-row:546"", ""538-row:547""]"
538:2020:6279:72076:135130,538_archive,2020,ME,6279,72076,135130,72076,2020-ME-ordinary-general,2020-ME-ordinary-general,general,Class II,2,11/3/20,2020-11-03,2020-10-21,2020-10-25,LV,lv,lv,879,Colby College,false,,Source flags; not independent nonpartisan verification,https://docs.google.com/spreadsheets/d/1JcpvID4F9MyFxovFcWd_Mm8oP4W4OKi-w2kGyCxZaVU/edit#gid=892296324,4,"[{""candidate_id"": ""13455"", ""candidate_name"": ""Sara I. Gideon"", ""party"": ""DEM"", ""answer"": ""Gideon"", ""pct"": ""46.6""}, {""candidate_id"": ""13456"", ""candidate_name"": ""Susan M. Collins"", ""party"": ""REP"", ""answer"": ""Collins"", ""pct"": ""43.4""}, {""candidate_id"": ""14691"", ""candidate_name"": ""Max Linn"", ""party"": ""IND"", ""answer"": ""Linn"", ""pct"": ""1.7""}, {""candidate_id"": ""14690"", ""candidate_name"": ""Lisa Savage"", ""party"": ""IND"", ""answer"": ""Savage"", ""pct"": ""4.7""}]",true,selected,,Only eligible LV question for this poll/round,,46.6,43.4,6.4,"[""538-row:550"", ""538-row:551"", ""538-row:552"", ""538-row:553""]"
538:2020:6272:72063:135343,538_archive,2020,IA,6272,72063,135343,72063,2020-IA-ordinary-general,2020-IA-ordinary-general,general,Class II,0,11/3/20,2020-11-03,2020-10-21,2020-10-24,LV,lv,lv,693,RABA Research,false,,Source flags; not independent nonpartisan verification,https://www.iowa.media/2020/10/28/theresa-greenfield-leads-ernst-by-six-points-in-new-iowa-poll/,2,"[{""candidate_id"": ""13466"", ""candidate_name"": ""Theresa Greenfield"", ""party"": ""DEM"", ""answer"": ""Greenfield"", ""pct"": ""51.0""}, {""candidate_id"": ""13467"", ""candidate_name"": ""Joni K. Ernst"", ""party"": ""REP"", ""answer"": ""Ernst"", ""pct"": ""45.0""}]",false,selected,,Only eligible LV question for this poll/round,,51.0,45.0,0,"[""538-row:567"", ""538-row:568""]"
538:2020:6283:72162:135340,538_archive,2020,MT,6283,72162,135340,72162,2020-MT-ordinary-general,2020-MT-ordinary-general,general,Class II,2,11/3/20,2020-11-03,2020-10-19,2020-10-24,LV,lv,lv,546,MSU - Billings,false,,Source flags; not independent nonpartisan verification,http://www.msubillings.edu/class/nams/polls/2020-mountain-states-poll-report.pdf,2,"[{""candidate_id"": ""14517"", ""candidate_name"": ""Steve Bullock"", ""party"": ""DEM"", ""answer"": ""Bullock"", ""pct"": ""48.0""}, {""candidate_id"": ""14518"", ""candidate_name"": ""Steve Daines"", ""party"": ""REP"", ""answer"": ""Daines"", ""pct"": ""47.0""}]",true,selected,,Only eligible LV question for this poll/round,,48.0,47.0,0,"[""538-row:571"", ""538-row:572""]"
538:2020:6268:72412:135871,538_archive,2020,AZ,6268,72412,135871,72412,2020-AZ-special-general,2020-AZ-special-general,general,Class III,2,11/3/20,2020-11-03,2020-10-15,2020-10-24,LV,lv,lv,700,Y2 Analytics,false,,Source flags; not independent nonpartisan verification,https://www.sltrib.com/news/politics/2020/10/31/trump-up-over-biden-new/,2,"[{""candidate_id"": ""13445"", ""candidate_name"": ""Mark Kelly"", ""party"": ""DEM"", ""answer"": ""Kelly"", ""pct"": ""51.0""}, {""candidate_id"": ""13446"", ""candidate_name"": ""Martha McSally"", ""party"": ""REP"", ""answer"": ""McSally"", ""pct"": ""47.0""}]",true,selected,,Only eligible LV question for this poll/round,,51.0,47.0,0,"[""538-row:577"", ""538-row:578""]"
538:2020:6271:71888:134751,538_archive,2020,GA,6271,71888,134751,71888,2020-GA-ordinary-general,2020-GA-ordinary-general,general,Class II,0,11/3/20,2020-11-03,2020-10-20,2020-10-23,LV,lv,lv,1090,YouGov,false,,Source flags; not independent nonpartisan verification,https://drive.google.com/file/d/1jZ9sY9pNj52MdJPsN9MW4KHKvDsjNC9c/view,2,"[{""candidate_id"": ""14567"", ""candidate_name"": ""Jon Ossoff"", ""party"": ""DEM"", ""answer"": ""Ossoff"", ""pct"": ""46.0""}, {""candidate_id"": ""14568"", ""candidate_name"": ""David A. Perdue"", ""party"": ""REP"", ""answer"": ""Perdue"", ""pct"": ""47.0""}]",false,selected,,Only eligible LV question for this poll/round,,46.0,47.0,0,"[""538-row:581"", ""538-row:582""]"
538:2020:6284:71889:134750,538_archive,2020,NC,6284,71889,134750,71889,2020-NC-ordinary-general,2020-NC-ordinary-general,general,Class II,0,11/3/20,2020-11-03,2020-10-20,2020-10-23,LV,lv,lv,1022,YouGov,false,,Source flags; not independent nonpartisan verification,https://drive.google.com/file/d/120niJzXNDssyJDgqzt-EgHEqarQgnY_8/view,2,"[{""candidate_id"": ""13468"", ""candidate_name"": ""Cal Cunningham"", ""party"": ""DEM"", ""answer"": ""Cunningham"", ""pct"": ""49.0""}, {""candidate_id"": ""13461"", ""candidate_name"": ""Thomas Roland Tillis"", ""party"": ""REP"", ""answer"": ""Tillis"", ""pct"": ""43.0""}]",false,selected,,Only eligible LV question for this poll/round,,49.0,43.0,0,"[""538-row:583"", ""538-row:584""]"
538:2020:6271:71944:134859,538_archive,2020,GA,6271,71944,134859,71944,2020-GA-ordinary-general,2020-GA-ordinary-general,general,Class II,0,11/3/20,2020-11-03,2020-10-14,2020-10-23,LV,lv,lv,1145,U. Georgia SPIA,false,,Source flags; not independent nonpartisan verification,https://www.ajc.com/politics/ajc-poll-shows-deadlocked-races-for-president-senate-seats-in-georgia/4MTSM6V3CFALJFQCYWF3X2TAHA/,3,"[{""candidate_id"": ""14567"", ""candidate_name"": ""Jon Ossoff"", ""party"": ""DEM"", ""answer"": ""Ossoff"", ""pct"": ""46.3""}, {""candidate_id"": ""14568"", ""candidate_name"": ""David A. Perdue"", ""party"": ""REP"", ""answer"": ""Perdue"", ""pct"": ""45.2""}, {""candidate_id"": ""14572"", ""candidate_name"": ""Shane Hazel"", ""party"": ""LIB"", ""answer"": ""Hazel"", ""pct"": ""3.8""}]",true,selected,,Only eligible LV question for this poll/round,,46.3,45.2,3.8,"[""538-row:585"", ""538-row:586"", ""538-row:587""]"
538:2020:7780:71944:134860,538_archive,2020,GA,7780,71944,134860,71944,2020-GA-special-first,2020-GA-special-first,jungle primary,Class III,2,11/3/20,2020-11-03,2020-10-14,2020-10-23,LV,lv,lv,1145,U. Georgia SPIA,false,,Source flags; not independent nonpartisan verification,https://www.ajc.com/politics/ajc-poll-shows-deadlocked-races-for-president-senate-seats-in-georgia/4MTSM6V3CFALJFQCYWF3X2TAHA/,6,"[{""candidate_id"": ""14489"", ""candidate_name"": ""Raphael Warnock"", ""party"": ""DEM"", ""answer"": ""Warnock"", ""pct"": ""34.4""}, {""candidate_id"": ""13671"", ""candidate_name"": ""Kelly Loeffler"", ""party"": ""REP"", ""answer"": ""Loeffler"", ""pct"": ""20.1""}, {""candidate_id"": ""13669"", ""candidate_name"": ""Doug Collins"", ""party"": ""REP"", ""answer"": ""Collins"", ""pct"": ""20.6""}, {""candidate_id"": ""13670"", ""candidate_name"": ""Matt Lieberman"", ""party"": ""DEM"", ""answer"": ""Lieberman"", ""pct"": ""3.9""}, {""candidate_id"": ""14490"", ""candidate_name"": ""Ed Tarver"", ""party"": ""DEM"", ""answer"": ""Tarver"", ""pct"": ""1.2""}, {""candidate_id"": ""14549"", ""candidate_name"": ""Brian Richard Slowinski"", ""party"": ""LIB"", ""answer"": ""Slowinski"", ""pct"": ""3.4""}]",false,selected,,Only eligible LV question for this poll/round,,39.5,40.7,3.4,"[""538-row:588"", ""538-row:589"", ""538-row:590"", ""538-row:591"", ""538-row:592"", ""538-row:593""]"
538:2020:6268:71750:134440,538_archive,2020,AZ,6268,71750,134440,71750,2020-AZ-special-general,2020-AZ-special-general,general,Class III,2,11/3/20,2020-11-03,2020-10-19,2020-10-22,LV,lv,lv,500,Susquehanna,false,,Source flags; not independent nonpartisan verification,https://overland.amgreatness.com/app/uploads/2020/10/Toplines-ArizonaStatewide-CFAG-Oct2020.pdf,2,"[{""candidate_id"": ""13445"", ""candidate_name"": ""Mark Kelly"", ""party"": ""DEM"", ""answer"": ""Kelly"", ""pct"": ""47.0""}, {""candidate_id"": ""13446"", ""candidate_name"": ""Martha McSally"", ""party"": ""REP"", ""answer"": ""McSally"", ""pct"": ""50.0""}]",true,selected,,Only eligible LV question for this poll/round,,47.0,50.0,0,"[""538-row:602"", ""538-row:603""]"
538:2020:6296:72189:135407,538_archive,2020,VA,6296,72189,135407,72189,2020-VA-ordinary-general,2020-VA-ordinary-general,general,Class II,2,11/3/20,2020-11-03,2020-10-13,2020-10-22,LV,lv,lv,709,Virginia Commonwealth U.,false,,Source flags; not independent nonpartisan verification,https://drive.google.com/file/d/1uFY4YGN2Wq01Lue3qQEfvv6LSe87RIjz/view,2,"[{""candidate_id"": ""14760"", ""candidate_name"": ""Mark R. Warner"", ""party"": ""DEM"", ""answer"": ""Warner"", ""pct"": ""55.0""}, {""candidate_id"": ""15688"", ""candidate_name"": ""Daniel M. Gade"", ""party"": ""REP"", ""answer"": ""Gade"", ""pct"": ""38.0""}]",true,selected,,Only eligible LV question for this poll/round,,55.0,38.0,0,"[""538-row:604"", ""538-row:605""]"
538:2020:6271:71763:134486,538_archive,2020,GA,6271,71763,134486,71763,2020-GA-ordinary-general,2020-GA-ordinary-general,general,Class II,0,11/3/20,2020-11-03,2020-10-21,2020-10-21,LV,lv,lv,500,Landmark Communications,false,,Source flags; not independent nonpartisan verification,https://www.wsbtv.com/news/local/atlanta/president-trump-widens-lead-over-joe-biden-latest-exclusive-channel-2-poll/7R643PFTRVDFHGNWHJFBVHKUCY/,2,"[{""candidate_id"": ""14567"", ""candidate_name"": ""Jon Ossoff"", ""party"": ""DEM"", ""answer"": ""Ossoff"", ""pct"": ""44.6""}, {""candidate_id"": ""14568"", ""candidate_name"": ""David A. Perdue"", ""party"": ""REP"", ""answer"": ""Perdue"", ""pct"": ""50.2""}]",false,selected,,Only eligible LV question for this poll/round,,44.6,50.2,0,"[""538-row:606"", ""538-row:607""]"
538:2020:7780:71763:134487,538_archive,2020,GA,7780,71763,134487,71763,2020-GA-special-first,2020-GA-special-first,jungle primary,Class III,2,11/3/20,2020-11-03,2020-10-21,2020-10-21,LV,lv,lv,500,Landmark Communications,false,,Source flags; not independent nonpartisan verification,https://www.wsbtv.com/news/local/atlanta/president-trump-widens-lead-over-joe-biden-latest-exclusive-channel-2-poll/7R643PFTRVDFHGNWHJFBVHKUCY/,3,"[{""candidate_id"": ""14489"", ""candidate_name"": ""Raphael Warnock"", ""party"": ""DEM"", ""answer"": ""Warnock"", ""pct"": ""32.8""}, {""candidate_id"": ""13669"", ""candidate_name"": ""Doug Collins"", ""party"": ""REP"", ""answer"": ""Collins"", ""pct"": ""27.3""}, {""candidate_id"": ""13671"", ""candidate_name"": ""Kelly Loeffler"", ""party"": ""REP"", ""answer"": ""Loeffler"", ""pct"": ""23.6""}]",false,selected,,Only eligible LV question for this poll/round,,32.8,50.9,0,"[""538-row:608"", ""538-row:609"", ""538-row:610""]"
538:2020:6284:71662:134422,538_archive,2020,NC,6284,71662,134422,71662,2020-NC-ordinary-general,2020-NC-ordinary-general,general,Class II,0,11/3/20,2020-11-03,2020-10-20,2020-10-21,LV,lv,lv,800,Rasmussen (Pulse Opinion Research),false,,Source flags; not independent nonpartisan verification,https://www.rasmussenreports.com/public_content/politics/elections/election_2020/north_carolina_senate_tillis_r_45_cunningham_d_45,2,"[{""candidate_id"": ""13468"", ""candidate_name"": ""Cal Cunningham"", ""party"": ""DEM"", ""answer"": ""Cunningham"", ""pct"": ""45.0""}, {""candidate_id"": ""13461"", ""candidate_name"": ""Thomas Roland Tillis"", ""party"": ""REP"", ""answer"": ""Tillis"", ""pct"": ""45.0""}]",false,selected,,Only eligible LV question for this poll/round,,45.0,45.0,0,"[""538-row:611"", ""538-row:612""]"
538:2020:6272:71562:134055,538_archive,2020,IA,6272,71562,134055,71562,2020-IA-ordinary-general,2020-IA-ordinary-general,general,Class II,0,11/3/20,2020-11-03,2020-10-19,2020-10-21,LV,lv,lv,435,Emerson College Polling Society,false,,Source flags; not independent nonpartisan verification,https://emersonpolling.reportablenews.com/pr/iowa-2020-trump-holds-narrow-lead-over-biden,2,"[{""candidate_id"": ""13466"", ""candidate_name"": ""Theresa Greenfield"", ""party"": ""DEM"", ""answer"": ""Greenfield"", ""pct"": ""46.36""}, {""candidate_id"": ""13467"", ""candidate_name"": ""Joni K. Ernst"", ""party"": ""REP"", ""answer"": ""Ernst"", ""pct"": ""50.44""}]",false,selected,,Only eligible LV question for this poll/round,,46.36,50.44,0,"[""538-row:613"", ""538-row:614""]"
538:2020:6272:71733:134423,538_archive,2020,IA,6272,71733,134423,71733,2020-IA-ordinary-general,2020-IA-ordinary-general,general,Class II,0,11/3/20,2020-11-03,2020-10-15,2020-10-21,LV,lv,lv,800,RMG Research,false,,Source flags; not independent nonpartisan verification,http://politicaliq.com/2020/10/23/ia-senate-race-greenfield-d-46-ernst-r-43/,3,"[{""candidate_id"": ""13466"", ""candidate_name"": ""Theresa Greenfield"", ""party"": ""DEM"", ""answer"": ""Greenfield"", ""pct"": ""46.0""}, {""candidate_id"": ""13467"", ""candidate_name"": ""Joni K. Ernst"", ""party"": ""REP"", ""answer"": ""Ernst"", ""pct"": ""43.0""}, {""candidate_id"": ""15614"", ""candidate_name"": ""Rick Stewart"", ""party"": ""LIB"", ""answer"": ""Stewart"", ""pct"": ""2.0""}]",false,selected,,Only eligible LV question for this poll/round,,46.0,43.0,2.0,"[""538-row:618"", ""538-row:619"", ""538-row:620""]"
538:2020:6268:71621:134175,538_archive,2020,AZ,6268,71621,134175,71621,2020-AZ-special-general,2020-AZ-special-general,general,Class III,2,11/3/20,2020-11-03,2020-10-14,2020-10-21,LV,lv,lv,658,Ipsos,false,,Source flags; not independent nonpartisan verification,https://www.ipsos.com/sites/default/files/ct/news/documents/2020-10/topline_reuters_arizona_state_poll_w4_10_21_2020.pdf,2,"[{""candidate_id"": ""13445"", ""candidate_name"": ""Mark Kelly"", ""party"": ""DEM"", ""answer"": ""Kelly"", ""pct"": ""51.0""}, {""candidate_id"": ""13446"", ""candidate_name"": ""Martha McSally"", ""party"": ""REP"", ""answer"": ""McSally"", ""pct"": ""43.0""}]",true,selected,,Only eligible LV question for this poll/round,,51.0,43.0,0,"[""538-row:621"", ""538-row:622""]"
538:2020:6272:71553:134041,538_archive,2020,IA,6272,71553,134041,71553,2020-IA-ordinary-general,2020-IA-ordinary-general,general,Class II,0,11/3/20,2020-11-03,2020-10-18,2020-10-20,LV,lv,lv,753,Siena College/NYT Upshot,false,,Source flags; not independent nonpartisan verification,https://int.nyt.com/data/documenttools/ia101820-crosstabs/1eff04c308f3dcb1/full.pdf,4,"[{""candidate_id"": ""13466"", ""candidate_name"": ""Theresa Greenfield"", ""party"": ""DEM"", ""answer"": ""Greenfield"", ""pct"": ""44.0""}, {""candidate_id"": ""13467"", ""candidate_name"": ""Joni K. Ernst"", ""party"": ""REP"", ""answer"": ""Ernst"", ""pct"": ""45.0""}, {""candidate_id"": ""15614"", ""candidate_name"": ""Rick Stewart"", ""party"": ""LIB"", ""answer"": ""Stewart"", ""pct"": ""2.0""}, {""candidate_id"": ""15642"", ""candidate_name"": ""Suzanne Herzog"", ""party"": ""IND"", ""answer"": ""Herzog"", ""pct"": ""2.0""}]",true,selected,,Only eligible LV question for this poll/round,,44.0,45.0,4.0,"[""538-row:639"", ""538-row:640"", ""538-row:641"", ""538-row:642""]"
538:2020:6275:71673:134272,538_archive,2020,KS,6275,71673,134272,71673,2020-KS-ordinary-general,2020-KS-ordinary-general,general,Class II,0,11/3/20,2020-11-03,2020-10-18,2020-10-20,LV,lv,lv,755,Siena College/NYT Upshot,false,,Source flags; not independent nonpartisan verification,https://int.nyt.com/data/documenttools/ks101820-crosstabs/fcc9a5346866c517/full.pdf,3,"[{""candidate_id"": ""13698"", ""candidate_name"": ""Barbara Goolsbee Bollier"", ""party"": ""DEM"", ""answer"": ""Bollier"", ""pct"": ""42.0""}, {""candidate_id"": ""14604"", ""candidate_name"": ""Roger Marshall"", ""party"": ""REP"", ""answer"": ""Marshall"", ""pct"": ""46.0""}, {""candidate_id"": ""15647"", ""candidate_name"": ""Jason Buckley"", ""party"": ""LIB"", ""answer"": ""Buckley"", ""pct"": ""4.0""}]",true,selected,,Only eligible LV question for this poll/round,,42.0,46.0,4.0,"[""538-row:643"", ""538-row:644"", ""538-row:645""]"
538:2020:6283:71747:134431,538_archive,2020,MT,6283,71747,134431,71747,2020-MT-ordinary-general,2020-MT-ordinary-general,general,Class II,2,11/3/20,2020-11-03,2020-10-18,2020-10-20,LV,lv,lv,758,Siena College/NYT Upshot,false,,Source flags; not independent nonpartisan verification,https://int.nyt.com/data/documenttools/mt101820-crosstabs/1bf52689f78606b4/full.pdf,2,"[{""candidate_id"": ""14517"", ""candidate_name"": ""Steve Bullock"", ""party"": ""DEM"", ""answer"": ""Bullock"", ""pct"": ""46.0""}, {""candidate_id"": ""14518"", ""candidate_name"": ""Steve Daines"", ""party"": ""REP"", ""answer"": ""Daines"", ""pct"": ""49.0""}]",true,selected,,Only eligible LV question for this poll/round,,46.0,49.0,0,"[""538-row:646"", ""538-row:647""]"
538:2020:6281:71539:134000,538_archive,2020,MN,6281,71539,134000,71539,2020-MN-ordinary-general,2020-MN-ordinary-general,general,Class II,2,11/3/20,2020-11-03,2020-10-17,2020-10-20,LV,lv,lv,840,Civiqs,false,,Source flags; not independent nonpartisan verification,https://civiqs.com/documents/Civiqs_DailyKos_MN_banner_book_2020_10_d859f5.pdf,4,"[{""candidate_id"": ""15691"", ""candidate_name"": ""Tina Smith"", ""party"": ""DEM"", ""answer"": ""Smith"", ""pct"": ""54.0""}, {""candidate_id"": ""15692"", ""candidate_name"": ""Jason Lewis"", ""party"": ""REP"", ""answer"": ""Lewis"", ""pct"": ""43.0""}, {""candidate_id"": ""15658"", ""candidate_name"": ""Oliver Steinberg"", ""party"": ""OTH"", ""answer"": ""Steinberg"", ""pct"": ""1.0""}, {""candidate_id"": ""15661"", ""candidate_name"": ""Kevin O'Connor"", ""party"": ""OTH"", ""answer"": ""O'Connor"", ""pct"": ""1.0""}]",true,selected,,Only eligible LV question for this poll/round,,54.0,43.0,2.0,"[""538-row:648"", ""538-row:649"", ""538-row:650"", ""538-row:651""]"
538:2020:6271:72181:135397,538_archive,2020,GA,6271,72181,135397,72181,2020-GA-ordinary-general,2020-GA-ordinary-general,general,Class II,0,11/3/20,2020-11-03,2020-10-17,2020-10-20,LV,lv,lv,1000,Citizen Data,false,,Source flags; not independent nonpartisan verification,https://github.com/GetCitizenData/VoteByMail/blob/master/VoteByMail-Georgia/Modeling/October/Georgia%20VBM%20Toplines%2010_23_2020.pdf,2,"[{""candidate_id"": ""14567"", ""candidate_name"": ""Jon Ossoff"", ""party"": ""DEM"", ""answer"": ""Ossoff"", ""pct"": ""47.3""}, {""candidate_id"": ""14568"", ""candidate_name"": ""David A. Perdue"", ""party"": ""REP"", ""answer"": ""Perdue"", ""pct"": ""40.44""}]",false,selected,,Only eligible LV question for this poll/round,,47.3,40.44,0,"[""538-row:656"", ""538-row:657""]"
538:2020:7780:72181:135398,538_archive,2020,GA,7780,72181,135398,72181,2020-GA-special-first,2020-GA-special-first,jungle primary,Class III,2,11/3/20,2020-11-03,2020-10-17,2020-10-20,LV,lv,lv,1000,Citizen Data,false,,Source flags; not independent nonpartisan verification,https://github.com/GetCitizenData/VoteByMail/blob/master/VoteByMail-Georgia/Modeling/October/Georgia%20VBM%20Toplines%2010_23_2020.pdf,5,"[{""candidate_id"": ""13670"", ""candidate_name"": ""Matt Lieberman"", ""party"": ""DEM"", ""answer"": ""Lieberman"", ""pct"": ""3.7""}, {""candidate_id"": ""13671"", ""candidate_name"": ""Kelly Loeffler"", ""party"": ""REP"", ""answer"": ""Loeffler"", ""pct"": ""23.02""}, {""candidate_id"": ""13669"", ""candidate_name"": ""Doug Collins"", ""party"": ""REP"", ""answer"": ""Collins"", ""pct"": ""19.03""}, {""candidate_id"": ""14490"", ""candidate_name"": ""Ed Tarver"", ""party"": ""DEM"", ""answer"": ""Tarver"", ""pct"": ""0.84""}, {""candidate_id"": ""14489"", ""candidate_name"": ""Raphael Warnock"", ""party"": ""DEM"", ""answer"": ""Warnock"", ""pct"": ""40.61""}]",false,selected,,Only eligible LV question for this poll/round,,45.15,42.05,0,"[""538-row:658"", ""538-row:659"", ""538-row:660"", ""538-row:661"", ""538-row:662""]"
538:2020:6284:72183:135400,538_archive,2020,NC,6284,72183,135400,72183,2020-NC-ordinary-general,2020-NC-ordinary-general,general,Class II,0,11/3/20,2020-11-03,2020-10-17,2020-10-20,LV,lv,lv,1000,Citizen Data,false,,Source flags; not independent nonpartisan verification,https://github.com/GetCitizenData/VoteByMail/blob/master/VoteByMail-North%20Carolina/Modeling/October/North%20Carolina%20VBM%20Toplines%2010_23_2020.pdf,2,"[{""candidate_id"": ""13468"", ""candidate_name"": ""Cal Cunningham"", ""party"": ""DEM"", ""answer"": ""Cunningham"", ""pct"": ""48.39""}, {""candidate_id"": ""13461"", ""candidate_name"": ""Thomas Roland Tillis"", ""party"": ""REP"", ""answer"": ""Tillis"", ""pct"": ""42.27""}]",false,selected,,Only eligible LV question for this poll/round,,48.39,42.27,0,"[""538-row:665"", ""538-row:666""]"
538:2020:6281:71632:134199,538_archive,2020,MN,6281,71632,134199,71632,2020-MN-ordinary-general,2020-MN-ordinary-general,general,Class II,2,11/3/20,2020-11-03,2020-10-16,2020-10-20,LV,lv,lv,625,SurveyUSA,false,,Source flags; not independent nonpartisan verification,https://kstp.com/politics/kstpsurveyusa-smith-lewis-senate-race-now-a-dead-heat-october-21-2020/5901843/,2,"[{""candidate_id"": ""15691"", ""candidate_name"": ""Tina Smith"", ""party"": ""DEM"", ""answer"": ""Smith"", ""pct"": ""43.0""}, {""candidate_id"": ""15692"", ""candidate_name"": ""Jason Lewis"", ""party"": ""REP"", ""answer"": ""Lewis"", ""pct"": ""42.0""}]",false,selected,,Only eligible LV question for this poll/round,,43.0,42.0,0,"[""538-row:669"", ""538-row:670""]"
538:2020:6289:71629:134193,538_archive,2020,OK,6289,71629,134193,71629,2020-OK-ordinary-general,2020-OK-ordinary-general,general,Class II,0,11/3/20,2020-11-03,2020-10-15,2020-10-20,LV,lv,lv,5466,SoonerPoll.com,false,,Source flags; not independent nonpartisan verification,https://www.news9.com/story/5f90b311788f4939f00759e5/news-9news-on-6-exclusive-poll:-inhofe-leads-broyles-by-20-points-in-us-senate-race,5,"[{""candidate_id"": ""14510"", ""candidate_name"": ""Abby Broyles"", ""party"": ""DEM"", ""answer"": ""Broyles"", ""pct"": ""36.9""}, {""candidate_id"": ""14511"", ""candidate_name"": ""James M. Inhofe"", ""party"": ""REP"", ""answer"": ""Inhofe"", ""pct"": ""56.4""}, {""candidate_id"": ""15609"", ""candidate_name"": ""Robert Murphy"", ""party"": ""LIB"", ""answer"": ""Murphy"", ""pct"": ""1.3""}, {""candidate_id"": ""15612"", ""candidate_name"": ""Joan E. Farr"", ""party"": ""IND"", ""answer"": ""Farr"", ""pct"": ""0.6""}, {""candidate_id"": ""15668"", ""candidate_name"": ""A. D. Nesbit"", ""party"": ""IND"", ""answer"": ""Nesbit"", ""pct"": ""0.5""}]",true,selected,,Only eligible LV question for this poll/round,,36.9,56.4,2.4,"[""538-row:671"", ""538-row:672"", ""538-row:673"", ""538-row:674"", ""538-row:675""]"
538:2020:6283:71677:134283,538_archive,2020,MT,6283,71677,134283,71677,2020-MT-ordinary-general,2020-MT-ordinary-general,general,Class II,2,11/3/20,2020-11-03,2020-10-15,2020-10-20,LV,lv,lv,500,Strategies 360,false,,Source flags; not independent nonpartisan verification,https://www.scribd.com/document/481195217/20-700-Montana-Elections-Survey-Toplines1-pdf,2,"[{""candidate_id"": ""14517"", ""candidate_name"": ""Steve Bullock"", ""party"": ""DEM"", ""answer"": ""Bullock"", ""pct"": ""47.0""}, {""candidate_id"": ""14518"", ""candidate_name"": ""Steve Daines"", ""party"": ""REP"", ""answer"": ""Daines"", ""pct"": ""48.0""}]",true,selected,,Only eligible LV question for this poll/round,,47.0,48.0,0,"[""538-row:676"", ""538-row:677""]"
538:2020:6284:71463:133847,538_archive,2020,NC,6284,71463,133847,71463,2020-NC-ordinary-general,2020-NC-ordinary-general,general,Class II,0,11/3/20,2020-11-03,2020-10-14,2020-10-20,LV,lv,lv,660,Ipsos,false,,Source flags; not independent nonpartisan verification,https://www.ipsos.com/sites/default/files/ct/news/documents/2020-10/topline_reuters_north_carolina_state_poll_w4_10_20_20.pdf,2,"[{""candidate_id"": ""13468"", ""candidate_name"": ""Cal Cunningham"", ""party"": ""DEM"", ""answer"": ""Cunningham"", ""pct"": ""47.0""}, {""candidate_id"": ""13461"", ""candidate_name"": ""Thomas Roland Tillis"", ""party"": ""REP"", ""answer"": ""Tillis"", ""pct"": ""47.0""}]",false,selected,,Only eligible LV question for this poll/round,,47.0,47.0,0,"[""538-row:680"", ""538-row:681""]"
538:2020:6268:71637:134226,538_archive,2020,AZ,6268,71637,134226,71637,2020-AZ-special-general,2020-AZ-special-general,general,Class III,2,11/3/20,2020-11-03,2020-10-11,2020-10-20,LV,lv,lv,1066,Morning Consult,false,,Source flags; not independent nonpartisan verification,https://morningconsult.com/form/2020-u-s-election-tracker/,2,"[{""candidate_id"": ""13445"", ""candidate_name"": ""Mark Kelly"", ""party"": ""DEM"", ""answer"": ""Kelly"", ""pct"": ""48.0""}, {""candidate_id"": ""13446"", ""candidate_name"": ""Martha McSally"", ""party"": ""REP"", ""answer"": ""McSally"", ""pct"": ""44.0""}]",true,selected,,Only eligible LV question for this poll/round,,48.0,44.0,0,"[""538-row:694"", ""538-row:695""]"
538:2020:6269:71638:134227,538_archive,2020,CO,6269,71638,134227,71638,2020-CO-ordinary-general,2020-CO-ordinary-general,general,Class II,0,11/3/20,2020-11-03,2020-10-11,2020-10-20,LV,lv,lv,788,Morning Consult,false,,Source flags; not independent nonpartisan verification,https://morningconsult.com/form/2020-u-s-election-tracker/,2,"[{""candidate_id"": ""13474"", ""candidate_name"": ""John Wright Hickenlooper"", ""party"": ""DEM"", ""answer"": ""Hickenlooper"", ""pct"": ""50.0""}, {""candidate_id"": ""13475"", ""candidate_name"": ""Cory Gardner"", ""party"": ""REP"", ""answer"": ""Gardner"", ""pct"": ""42.0""}]",false,selected,,Only eligible LV question for this poll/round,,50.0,42.0,0,"[""538-row:696"", ""538-row:697""]"
538:2020:6271:71640:134228,538_archive,2020,GA,6271,71640,134228,71640,2020-GA-ordinary-general,2020-GA-ordinary-general,general,Class II,0,11/3/20,2020-11-03,2020-10-11,2020-10-20,LV,lv,lv,1672,Morning Consult,false,,Source flags; not independent nonpartisan verification,https://morningconsult.com/form/2020-u-s-election-tracker/,2,"[{""candidate_id"": ""14567"", ""candidate_name"": ""Jon Ossoff"", ""party"": ""DEM"", ""answer"": ""Ossoff"", ""pct"": ""44.0""}, {""candidate_id"": ""14568"", ""candidate_name"": ""David A. Perdue"", ""party"": ""REP"", ""answer"": ""Perdue"", ""pct"": ""46.0""}]",false,selected,,Only eligible LV question for this poll/round,,44.0,46.0,0,"[""538-row:698"", ""538-row:699""]"
538:2020:6284:71643:134230,538_archive,2020,NC,6284,71643,134230,71643,2020-NC-ordinary-general,2020-NC-ordinary-general,general,Class II,0,11/3/20,2020-11-03,2020-10-11,2020-10-20,LV,lv,lv,1904,Morning Consult,false,,Source flags; not independent nonpartisan verification,https://morningconsult.com/form/2020-u-s-election-tracker/,2,"[{""candidate_id"": ""13468"", ""candidate_name"": ""Cal Cunningham"", ""party"": ""DEM"", ""answer"": ""Cunningham"", ""pct"": ""48.0""}, {""candidate_id"": ""13461"", ""candidate_name"": ""Thomas Roland Tillis"", ""party"": ""REP"", ""answer"": ""Tillis"", ""pct"": ""42.0""}]",false,selected,,Only eligible LV question for this poll/round,,48.0,42.0,0,"[""538-row:702"", ""538-row:703""]"
538:2020:6292:71646:134231,538_archive,2020,SC,6292,71646,134231,71646,2020-SC-ordinary-general,2020-SC-ordinary-general,general,Class II,0,11/3/20,2020-11-03,2020-10-11,2020-10-20,LV,lv,lv,926,Morning Consult,false,,Source flags; not independent nonpartisan verification,https://morningconsult.com/form/2020-u-s-election-tracker/,2,"[{""candidate_id"": ""13457"", ""candidate_name"": ""Jaime Harrison"", ""party"": ""DEM"", ""answer"": ""Harrison"", ""pct"": ""47.0""}, {""candidate_id"": ""13458"", ""candidate_name"": ""Lindsey Graham"", ""party"": ""REP"", ""answer"": ""Graham"", ""pct"": ""45.0""}]",false,selected,,Only eligible LV question for this poll/round,,47.0,45.0,0,"[""538-row:704"", ""538-row:705""]"
538:2020:6272:71465:133851,538_archive,2020,IA,6272,71465,133851,71465,2020-IA-ordinary-general,2020-IA-ordinary-general,general,Class II,0,11/3/20,2020-11-03,2020-10-18,2020-10-19,LV,lv,lv,400,InsiderAdvantage,false,,Source flags; not independent nonpartisan verification,https://overland.amgreatness.com/app/uploads/2020/10/IOWA-POLL-.pdf,4,"[{""candidate_id"": ""13466"", ""candidate_name"": ""Theresa Greenfield"", ""party"": ""DEM"", ""answer"": ""Greenfield"", ""pct"": ""48.1""}, {""candidate_id"": ""13467"", ""candidate_name"": ""Joni K. Ernst"", ""party"": ""REP"", ""answer"": ""Ernst"", ""pct"": ""43.4""}, {""candidate_id"": ""15614"", ""candidate_name"": ""Rick Stewart"", ""party"": ""LIB"", ""answer"": ""Stewart"", ""pct"": ""5.1""}, {""candidate_id"": ""15642"", ""candidate_name"": ""Suzanne Herzog"", ""party"": ""IND"", ""answer"": ""Herzog"", ""pct"": ""0.0""}]",true,selected,,Only eligible LV question for this poll/round,,48.1,43.4,5.1,"[""538-row:712"", ""538-row:713"", ""538-row:714"", ""538-row:715""]"
538:2020:6268:71546:134034,538_archive,2020,AZ,6268,71546,134034,71546,2020-AZ-special-general,2020-AZ-special-general,general,Class III,2,11/3/20,2020-11-03,2020-10-18,2020-10-19,LV,lv,lv,800,Rasmussen (Pulse Opinion Research),false,,Source flags; not independent nonpartisan verification,https://www.rasmussenreports.com/public_content/politics/elections/election_2020/arizona_senate_kelly_d_46_mcsally_r_44,2,"[{""candidate_id"": ""13445"", ""candidate_name"": ""Mark Kelly"", ""party"": ""DEM"", ""answer"": ""Kelly"", ""pct"": ""46.0""}, {""candidate_id"": ""13446"", ""candidate_name"": ""Martha McSally"", ""party"": ""REP"", ""answer"": ""McSally"", ""pct"": ""44.0""}]",true,selected,,Only eligible LV question for this poll/round,,46.0,44.0,0,"[""538-row:716"", ""538-row:717""]"
538:2020:6271:71435:133778,538_archive,2020,GA,6271,71435,133778,71435,2020-GA-ordinary-general,2020-GA-ordinary-general,general,Class II,0,11/3/20,2020-11-03,2020-10-17,2020-10-19,LV,lv,lv,506,Emerson College Polling Society,false,,Source flags; not independent nonpartisan verification,https://emersonpolling.reportablenews.com/pr/georgia-2020-showdown-in-presidential-and-us-senate-races,2,"[{""candidate_id"": ""14567"", ""candidate_name"": ""Jon Ossoff"", ""party"": ""DEM"", ""answer"": ""Ossoff"", ""pct"": ""44.5""}, {""candidate_id"": ""14568"", ""candidate_name"": ""David A. Perdue"", ""party"": ""REP"", ""answer"": ""Perdue"", ""pct"": ""46.1""}]",false,selected,,Only eligible LV question for this poll/round,,44.5,46.1,0,"[""538-row:718"", ""538-row:719""]"
538:2020:7780:71435:133779,538_archive,2020,GA,7780,71435,133779,71435,2020-GA-special-first,2020-GA-special-first,jungle primary,Class III,2,11/3/20,2020-11-03,2020-10-17,2020-10-19,LV,lv,lv,506,Emerson College Polling Society,false,,Source flags; not independent nonpartisan verification,https://emersonpolling.reportablenews.com/pr/georgia-2020-showdown-in-presidential-and-us-senate-races,5,"[{""candidate_id"": ""14489"", ""candidate_name"": ""Raphael Warnock"", ""party"": ""DEM"", ""answer"": ""Warnock"", ""pct"": ""26.5""}, {""candidate_id"": ""13669"", ""candidate_name"": ""Doug Collins"", ""party"": ""REP"", ""answer"": ""Collins"", ""pct"": ""26.5""}, {""candidate_id"": ""13671"", ""candidate_name"": ""Kelly Loeffler"", ""party"": ""REP"", ""answer"": ""Loeffler"", ""pct"": ""19.9""}, {""candidate_id"": ""13670"", ""candidate_name"": ""Matt Lieberman"", ""party"": ""DEM"", ""answer"": ""Lieberman"", ""pct"": ""12.1""}, {""candidate_id"": ""14490"", ""candidate_name"": ""Ed Tarver"", ""party"": ""DEM"", ""answer"": ""Tarver"", ""pct"": ""1.8""}]",false,selected,,Only eligible LV question for this poll/round,,40.4,46.4,0,"[""538-row:720"", ""538-row:721"", ""538-row:722"", ""538-row:723"", ""538-row:724""]"
538:2020:6268:71519:133963,538_archive,2020,AZ,6268,71519,133963,71519,2020-AZ-special-general,2020-AZ-special-general,general,Class III,2,11/3/20,2020-11-03,2020-10-16,2020-10-19,LV,lv,lv,232,Change Research,false,,Source flags; not independent nonpartisan verification,https://www.cnbc.com/2020/10/20/voters-want-senate-to-choose-coronavirus-stimulus-over-supreme-court.html,2,"[{""candidate_id"": ""13445"", ""candidate_name"": ""Mark Kelly"", ""party"": ""DEM"", ""answer"": ""Kelly"", ""pct"": ""54.0""}, {""candidate_id"": ""13446"", ""candidate_name"": ""Martha McSally"", ""party"": ""REP"", ""answer"": ""McSally"", ""pct"": ""43.0""}]",true,selected,,Only eligible LV question for this poll/round,,54.0,43.0,0,"[""538-row:729"", ""538-row:730""]"
538:2020:6284:71522:133965,538_archive,2020,NC,6284,71522,133965,71522,2020-NC-ordinary-general,2020-NC-ordinary-general,general,Class II,0,11/3/20,2020-11-03,2020-10-16,2020-10-19,LV,lv,lv,521,Change Research,false,,Source flags; not independent nonpartisan verification,https://www.cnbc.com/2020/10/20/voters-want-senate-to-choose-coronavirus-stimulus-over-supreme-court.html,2,"[{""candidate_id"": ""13468"", ""candidate_name"": ""Cal Cunningham"", ""party"": ""DEM"", ""answer"": ""Cunningham"", ""pct"": ""51.0""}, {""candidate_id"": ""13461"", ""candidate_name"": ""Thomas Roland Tillis"", ""party"": ""REP"", ""answer"": ""Tillis"", ""pct"": ""45.0""}]",false,selected,,Only eligible LV question for this poll/round,,51.0,45.0,0,"[""538-row:733"", ""538-row:734""]"
538:2020:6284:71746:134428,538_archive,2020,NC,6284,71746,134428,71746,2020-NC-ordinary-general,2020-NC-ordinary-general,general,Class II,0,11/3/20,2020-11-03,2020-10-16,2020-10-19,LV,lv,lv,732,Meredith College,false,,Source flags; not independent nonpartisan verification,https://www.meredith.edu/assets/images/content/Meredith_College_Poll_Report_October_2020.pdf,4,"[{""candidate_id"": ""13468"", ""candidate_name"": ""Cal Cunningham"", ""party"": ""DEM"", ""answer"": ""Cunningham"", ""pct"": ""43.3""}, {""candidate_id"": ""13461"", ""candidate_name"": ""Thomas Roland Tillis"", ""party"": ""REP"", ""answer"": ""Tillis"", ""pct"": ""38.2""}, {""candidate_id"": ""14557"", ""candidate_name"": ""Shannon W. Bray"", ""party"": ""LIB"", ""answer"": ""Bray"", ""pct"": ""3.8""}, {""candidate_id"": ""14558"", ""candidate_name"": ""Kevin Eugene Hayes"", ""party"": ""CON"", ""answer"": ""Hayes"", ""pct"": ""0.6""}]",true,selected,,Only eligible LV question for this poll/round,,43.3,38.2,4.4,"[""538-row:740"", ""538-row:741"", ""538-row:742"", ""538-row:743""]"
538:2020:6268:71461:134023,538_archive,2020,AZ,6268,71461,134023,71461,2020-AZ-special-general,2020-AZ-special-general,general,Class III,2,11/3/20,2020-11-03,2020-10-14,2020-10-19,LV,lv,lv,800,RMG Research,false,,Source flags; not independent nonpartisan verification,http://politicaliq.com/2020/10/21/az-senate-race-kelly-d-46-mcsally-r-39/,2,"[{""candidate_id"": ""13445"", ""candidate_name"": ""Mark Kelly"", ""party"": ""DEM"", ""answer"": ""Kelly"", ""pct"": ""46.0""}, {""candidate_id"": ""13446"", ""candidate_name"": ""Martha McSally"", ""party"": ""REP"", ""answer"": ""McSally"", ""pct"": ""39.0""}]",true,selected,,Only eligible LV question for this poll/round,,46.0,39.0,0,"[""538-row:754"", ""538-row:755""]"
538:2020:6271:71454:133827,538_archive,2020,GA,6271,71454,133827,71454,2020-GA-ordinary-general,2020-GA-ordinary-general,general,Class II,0,11/3/20,2020-11-03,2020-10-13,2020-10-19,LV,lv,lv,759,Siena College/NYT Upshot,false,,Source flags; not independent nonpartisan verification,https://int.nyt.com/data/documenttools/ga101320-crosstabs/96723fae2a9846ed/full.pdf,3,"[{""candidate_id"": ""14567"", ""candidate_name"": ""Jon Ossoff"", ""party"": ""DEM"", ""answer"": ""Ossoff"", ""pct"": ""43.0""}, {""candidate_id"": ""14568"", ""candidate_name"": ""David A. Perdue"", ""party"": ""REP"", ""answer"": ""Perdue"", ""pct"": ""43.0""}, {""candidate_id"": ""14572"", ""candidate_name"": ""Shane Hazel"", ""party"": ""LIB"", ""answer"": ""Hazel"", ""pct"": ""4.0""}]",true,selected,,Only eligible LV question for this poll/round,,43.0,43.0,4.0,"[""538-row:756"", ""538-row:757"", ""538-row:758""]"
538:2020:7780:71454:133828,538_archive,2020,GA,7780,71454,133828,71454,2020-GA-special-first,2020-GA-special-first,jungle primary,Class III,2,11/3/20,2020-11-03,2020-10-13,2020-10-19,LV,lv,lv,759,Siena College/NYT Upshot,false,,Source flags; not independent nonpartisan verification,https://int.nyt.com/data/documenttools/ga101320-crosstabs/96723fae2a9846ed/full.pdf,5,"[{""candidate_id"": ""14489"", ""candidate_name"": ""Raphael Warnock"", ""party"": ""DEM"", ""answer"": ""Warnock"", ""pct"": ""32.0""}, {""candidate_id"": ""13671"", ""candidate_name"": ""Kelly Loeffler"", ""party"": ""REP"", ""answer"": ""Loeffler"", ""pct"": ""23.0""}, {""candidate_id"": ""13669"", ""candidate_name"": ""Doug Collins"", ""party"": ""REP"", ""answer"": ""Collins"", ""pct"": ""17.0""}, {""candidate_id"": ""13670"", ""candidate_name"": ""Matt Lieberman"", ""party"": ""DEM"", ""answer"": ""Lieberman"", ""pct"": ""7.0""}, {""candidate_id"": ""14490"", ""candidate_name"": ""Ed Tarver"", ""party"": ""DEM"", ""answer"": ""Tarver"", ""pct"": ""2.0""}]",false,selected,,Only eligible LV question for this poll/round,,41.0,40.0,0,"[""538-row:759"", ""538-row:760"", ""538-row:761"", ""538-row:762"", ""538-row:763""]"
538:2020:6296:71659:134246,538_archive,2020,VA,6296,71659,134246,71659,2020-VA-ordinary-general,2020-VA-ordinary-general,general,Class II,2,11/3/20,2020-11-03,2020-10-13,2020-10-19,LV,lv,lv,908,Washington Post/George Mason,false,,Source flags; not independent nonpartisan verification,https://www.washingtonpost.com/context/oct-13-19-2020-washington-post-schar-school-poll-of-virginia-voters/2be60bb5-dff2-4440-a7c4-af4e42a86c88/?tid=a_inl_manual,2,"[{""candidate_id"": ""14760"", ""candidate_name"": ""Mark R. Warner"", ""party"": ""DEM"", ""answer"": ""Warner"", ""pct"": ""57.0""}, {""candidate_id"": ""15688"", ""candidate_name"": ""Daniel M. Gade"", ""party"": ""REP"", ""answer"": ""Gade"", ""pct"": ""39.0""}]",true,selected,,Only eligible LV question for this poll/round,,57.0,39.0,0,"[""538-row:768"", ""538-row:769""]"
538:2020:6268:71451:133818,538_archive,2020,AZ,6268,71451,133818,71451,2020-AZ-special-general,2020-AZ-special-general,general,Class III,2,11/3/20,2020-11-03,2020-10-16,2020-10-18,LV,lv,lv,550,Data Orbital,false,,Source flags; not independent nonpartisan verification,https://www.dataorbital.com/the-blog/breaking-in-arizona-presidential-and-us-races-still-tight-two-weeks-out-from-election-day,2,"[{""candidate_id"": ""13445"", ""candidate_name"": ""Mark Kelly"", ""party"": ""DEM"", ""answer"": ""Kelly"", ""pct"": ""48.1""}, {""candidate_id"": ""13446"", ""candidate_name"": ""Martha McSally"", ""party"": ""REP"", ""answer"": ""McSally"", ""pct"": ""41.9""}]",true,selected,,Only eligible LV question for this poll/round,,48.1,41.9,0,"[""538-row:772"", ""538-row:773""]"
538:2020:6283:71363:133637,538_archive,2020,MT,6283,71363,133637,71363,2020-MT-ordinary-general,2020-MT-ordinary-general,general,Class II,2,11/3/20,2020-11-03,2020-10-15,2020-10-18,LV,lv,lv,800,RMG Research,false,,Source flags; not independent nonpartisan verification,http://politicaliq.com/2020/10/19/montana-senate-race-daines-r-49-bullock-d-47/,2,"[{""candidate_id"": ""14517"", ""candidate_name"": ""Steve Bullock"", ""party"": ""DEM"", ""answer"": ""Bullock"", ""pct"": ""47.0""}, {""candidate_id"": ""14518"", ""candidate_name"": ""Steve Daines"", ""party"": ""REP"", ""answer"": ""Daines"", ""pct"": ""49.0""}]",true,selected,,Only eligible LV question for this poll/round,,47.0,49.0,0,"[""538-row:774"", ""538-row:775""]"
538:2020:6284:71452:133824,538_archive,2020,NC,6284,71452,133824,71452,2020-NC-ordinary-general,2020-NC-ordinary-general,general,Class II,0,11/3/20,2020-11-03,2020-10-15,2020-10-18,LV,lv,lv,1155,East Carolina University,false,,Source flags; not independent nonpartisan verification,https://surveyresearch-ecu.reportablenews.com/pr/ecu-poll-biden-leads-trump-by-three-points-among-likely-voters-in-north-carolina-senate-election-remains-a-toss-up-cooper-ahead-of-forest-by-nine-points-other-statewide-contests-show-small-leads-for-robinson-stein-and-folwell,2,"[{""candidate_id"": ""13468"", ""candidate_name"": ""Cal Cunningham"", ""party"": ""DEM"", ""answer"": ""Cunningham"", ""pct"": ""48.6""}, {""candidate_id"": ""13461"", ""candidate_name"": ""Thomas Roland Tillis"", ""party"": ""REP"", ""answer"": ""Tillis"", ""pct"": ""47.2""}]",false,selected,,Only eligible LV question for this poll/round,,48.6,47.2,0,"[""538-row:780"", ""538-row:781""]"
538:2020:6284:71441:133802,538_archive,2020,NC,6284,71441,133802,71441,2020-NC-ordinary-general,2020-NC-ordinary-general,general,Class II,0,11/3/20,2020-11-03,2020-10-12,2020-10-17,LV,lv,lv,646,ABC/Washington Post,false,,Source flags; not independent nonpartisan verification,https://www.washingtonpost.com/context/oct-12-17-2020-post-abc-poll-north-carolina/5bed58ac-8dc1-4018-857b-ab7aedeb3d2e/?tid=a_inl_manual&tidloc=8,2,"[{""candidate_id"": ""13468"", ""candidate_name"": ""Cal Cunningham"", ""party"": ""DEM"", ""answer"": ""Cunningham"", ""pct"": ""49.0""}, {""candidate_id"": ""13461"", ""candidate_name"": ""Thomas Roland Tillis"", ""party"": ""REP"", ""answer"": ""Tillis"", ""pct"": ""47.0""}]",false,selected,,Only eligible LV question for this poll/round,,49.0,47.0,0,"[""538-row:797"", ""538-row:798""]"
538:2020:6268:71295:133502,538_archive,2020,AZ,6268,71295,133502,71295,2020-AZ-special-general,2020-AZ-special-general,general,Class III,2,11/3/20,2020-11-03,2020-10-13,2020-10-16,LV,lv,lv,1065,YouGov,false,,Source flags; not independent nonpartisan verification,https://drive.google.com/file/d/1j9uJnxfT1x8spYhW2QmAq6OkSMd06wJG/view,2,"[{""candidate_id"": ""13445"", ""candidate_name"": ""Mark Kelly"", ""party"": ""DEM"", ""answer"": ""Kelly"", ""pct"": ""52.0""}, {""candidate_id"": ""13446"", ""candidate_name"": ""Martha McSally"", ""party"": ""REP"", ""answer"": ""McSally"", ""pct"": ""41.0""}]",true,selected,,Only eligible LV question for this poll/round,,52.0,41.0,0,"[""538-row:799"", ""538-row:800""]"
538:2020:6281:71455:133836,538_archive,2020,MN,6281,71455,133836,71455,2020-MN-ordinary-general,2020-MN-ordinary-general,general,Class II,2,11/3/20,2020-11-03,2020-10-12,2020-10-15,LV,lv,lv,1021,Change Research,false,,Source flags; not independent nonpartisan verification,https://docs.google.com/spreadsheets/d/1nyeMirjcRslmU8Bz4sMcxebaGGLKAuBkvyNCWSfRIPw/edit#gid=237221557,4,"[{""candidate_id"": ""15691"", ""candidate_name"": ""Tina Smith"", ""party"": ""DEM"", ""answer"": ""Smith"", ""pct"": ""48.0""}, {""candidate_id"": ""15692"", ""candidate_name"": ""Jason Lewis"", ""party"": ""REP"", ""answer"": ""Lewis"", ""pct"": ""44.0""}, {""candidate_id"": ""15661"", ""candidate_name"": ""Kevin O'Connor"", ""party"": ""OTH"", ""answer"": ""O'Connor"", ""pct"": ""3.0""}, {""candidate_id"": ""15658"", ""candidate_name"": ""Oliver Steinberg"", ""party"": ""OTH"", ""answer"": ""Steinberg"", ""pct"": ""1.0""}]",true,selected,,Only eligible LV question for this poll/round,,48.0,44.0,4.0,"[""538-row:815"", ""538-row:816"", ""538-row:817"", ""538-row:818""]"
538:2020:6269:71449:133840,538_archive,2020,CO,6269,71449,133840,71449,2020-CO-ordinary-general,2020-CO-ordinary-general,general,Class II,0,11/3/20,2020-11-03,2020-10-09,2020-10-15,LV,lv,lv,800,RMG Research,false,,Source flags; not independent nonpartisan verification,http://politicaliq.com/2020/10/20/colorado-senate-race-hickenlooper-d-51-gardner-r-42/,2,"[{""candidate_id"": ""13474"", ""candidate_name"": ""John Wright Hickenlooper"", ""party"": ""DEM"", ""answer"": ""Hickenlooper"", ""pct"": ""51.0""}, {""candidate_id"": ""13475"", ""candidate_name"": ""Cory Gardner"", ""party"": ""REP"", ""answer"": ""Gardner"", ""pct"": ""42.0""}]",false,selected,,Only eligible LV question for this poll/round,,51.0,42.0,0,"[""538-row:832"", ""538-row:833""]"
538:2020:6284:71161:133225,538_archive,2020,NC,6284,71161,133225,71161,2020-NC-ordinary-general,2020-NC-ordinary-general,general,Class II,0,11/3/20,2020-11-03,2020-10-13,2020-10-14,LV,lv,lv,721,Emerson College Polling Society,false,,Source flags; not independent nonpartisan verification,https://emersonpolling.reportablenews.com/pr/north-carolina-2020-biden-and-trump-neck-and-neck-as-republicans-close-gap-in-u-s-senate-and-governor-races,2,"[{""candidate_id"": ""13468"", ""candidate_name"": ""Cal Cunningham"", ""party"": ""DEM"", ""answer"": ""Cunningham"", ""pct"": ""44.6""}, {""candidate_id"": ""13461"", ""candidate_name"": ""Thomas Roland Tillis"", ""party"": ""REP"", ""answer"": ""Tillis"", ""pct"": ""43.5""}]",false,selected,,Only eligible LV question for this poll/round,,44.6,43.5,0,"[""538-row:834"", ""538-row:835""]"
538:2020:6296:71068:133034,538_archive,2020,VA,6296,71068,133034,71068,2020-VA-ordinary-general,2020-VA-ordinary-general,general,Class II,2,11/3/20,2020-11-03,2020-10-11,2020-10-14,LV,lv,lv,1231,Civiqs,false,,Source flags; not independent nonpartisan verification,https://civiqs.com/documents/Civiqs_DailyKos_VA_banner_book_2020_10_48z9k2.pdf,2,"[{""candidate_id"": ""14760"", ""candidate_name"": ""Mark R. Warner"", ""party"": ""DEM"", ""answer"": ""Warner"", ""pct"": ""54.0""}, {""candidate_id"": ""15688"", ""candidate_name"": ""Daniel M. Gade"", ""party"": ""REP"", ""answer"": ""Gade"", ""pct"": ""43.0""}]",true,selected,,Only eligible LV question for this poll/round,,54.0,43.0,0,"[""538-row:836"", ""538-row:837""]"
538:2020:6284:71070:133036,538_archive,2020,NC,6284,71070,133036,71070,2020-NC-ordinary-general,2020-NC-ordinary-general,general,Class II,0,11/3/20,2020-11-03,2020-10-11,2020-10-14,LV,lv,lv,1211,Civiqs,false,,Source flags; not independent nonpartisan verification,https://civiqs.com/documents/Civiqs_DailyKos_NC_banner_book_2020_10_g32na7.pdf,4,"[{""candidate_id"": ""13468"", ""candidate_name"": ""Cal Cunningham"", ""party"": ""DEM"", ""answer"": ""Cunningham"", ""pct"": ""51.0""}, {""candidate_id"": ""13461"", ""candidate_name"": ""Thomas Roland Tillis"", ""party"": ""REP"", ""answer"": ""Tillis"", ""pct"": ""45.0""}, {""candidate_id"": ""14557"", ""candidate_name"": ""Shannon W. Bray"", ""party"": ""LIB"", ""answer"": ""Bray"", ""pct"": ""2.0""}, {""candidate_id"": ""14558"", ""candidate_name"": ""Kevin Eugene Hayes"", ""party"": ""CON"", ""answer"": ""Hayes"", ""pct"": ""1.0""}]",true,selected,,Only eligible LV question for this poll/round,,51.0,45.0,3.0,"[""538-row:843"", ""538-row:844"", ""538-row:845"", ""538-row:846""]"
538:2020:6292:71096:133087,538_archive,2020,SC,6292,71096,133087,71096,2020-SC-ordinary-general,2020-SC-ordinary-general,general,Class II,0,11/3/20,2020-11-03,2020-10-09,2020-10-14,LV,lv,lv,605,Siena College/NYT Upshot,false,,Source flags; not independent nonpartisan verification,https://int.nyt.com/data/documenttools/sc100920-crosstabs/7b3ac01b2be42e57/full.pdf,3,"[{""candidate_id"": ""13457"", ""candidate_name"": ""Jaime Harrison"", ""party"": ""DEM"", ""answer"": ""Harrison"", ""pct"": ""40.0""}, {""candidate_id"": ""13458"", ""candidate_name"": ""Lindsey Graham"", ""party"": ""REP"", ""answer"": ""Graham"", ""pct"": ""46.0""}, {""candidate_id"": ""14749"", ""candidate_name"": ""Bill Bledsoe"", ""party"": ""CON"", ""answer"": ""Bledsoe"", ""pct"": ""4.0""}]",true,selected,,Only eligible LV question for this poll/round,,40.0,46.0,4.0,"[""538-row:856"", ""538-row:857"", ""538-row:858""]"
538:2020:6265:71173:133252,538_archive,2020,AK,6265,71173,133252,71173,2020-AK-ordinary-general,2020-AK-ordinary-general,general,Class II,0,11/3/20,2020-11-03,2020-10-09,2020-10-14,LV,lv,lv,423,Siena College/NYT Upshot,false,,Source flags; not independent nonpartisan verification,https://int.nyt.com/data/documenttools/ak100920-crosstabs1/722c27f1f660cf21/full.pdf,3,"[{""candidate_id"": ""14697"", ""candidate_name"": ""Al Gross"", ""party"": ""DEM"", ""answer"": ""Gross"", ""pct"": ""37.0""}, {""candidate_id"": ""13462"", ""candidate_name"": ""Dan Sullivan"", ""party"": ""REP"", ""answer"": ""Sullivan"", ""pct"": ""45.0""}, {""candidate_id"": ""16040"", ""candidate_name"": ""John Wayne Howe"", ""party"": ""AKI"", ""answer"": ""Howe"", ""pct"": ""10.0""}]",true,selected,,Only eligible LV question for this poll/round,,37.0,45.0,10.0,"[""538-row:859"", ""538-row:860"", ""538-row:861""]"
538:2020:6268:71007:132885,538_archive,2020,AZ,6268,71007,132885,71007,2020-AZ-special-general,2020-AZ-special-general,general,Class III,2,11/3/20,2020-11-03,2020-10-07,2020-10-14,LV,lv,lv,667,Ipsos,false,,Source flags; not independent nonpartisan verification,https://www.ipsos.com/sites/default/files/ct/news/documents/2020-10/topline_reuters_arizona_state_poll_w3_10_14_2020_1.pdf,2,"[{""candidate_id"": ""13445"", ""candidate_name"": ""Mark Kelly"", ""party"": ""DEM"", ""answer"": ""Kelly"", ""pct"": ""52.0""}, {""candidate_id"": ""13446"", ""candidate_name"": ""Martha McSally"", ""party"": ""REP"", ""answer"": ""McSally"", ""pct"": ""41.0""}]",true,selected,,Only eligible LV question for this poll/round,,52.0,41.0,0,"[""538-row:862"", ""538-row:863""]"
538:2020:6284:70998:132863,538_archive,2020,NC,6284,70998,132863,70998,2020-NC-ordinary-general,2020-NC-ordinary-general,general,Class II,0,11/3/20,2020-11-03,2020-10-09,2020-10-13,LV,lv,lv,627,Siena College/NYT Upshot,false,,Source flags; not independent nonpartisan verification,https://int.nyt.com/data/documenttools/nc100920-crosstabs/3bf558d7ca17e9de/full.pdf,4,"[{""candidate_id"": ""13468"", ""candidate_name"": ""Cal Cunningham"", ""party"": ""DEM"", ""answer"": ""Cunningham"", ""pct"": ""41.0""}, {""candidate_id"": ""13461"", ""candidate_name"": ""Thomas Roland Tillis"", ""party"": ""REP"", ""answer"": ""Tillis"", ""pct"": ""37.0""}, {""candidate_id"": ""14557"", ""candidate_name"": ""Shannon W. Bray"", ""party"": ""LIB"", ""answer"": ""Bray"", ""pct"": ""4.0""}, {""candidate_id"": ""14558"", ""candidate_name"": ""Kevin Eugene Hayes"", ""party"": ""CON"", ""answer"": ""Hayes"", ""pct"": ""3.0""}]",true,selected,,Only eligible LV question for this poll/round,,41.0,37.0,7.0,"[""538-row:868"", ""538-row:869"", ""538-row:870"", ""538-row:871""]"
538:2020:6269:71098:133094,538_archive,2020,CO,6269,71098,133094,71098,2020-CO-ordinary-general,2020-CO-ordinary-general,general,Class II,0,11/3/20,2020-11-03,2020-10-08,2020-10-13,LV,lv,lv,519,Keating Research/OnSight Public Affairs/Melanson,false,,Source flags; not independent nonpartisan verification,https://www.thedenverchannel.com/news/election-2020/recent-polling-shows-leads-for-hickenlooper-biden-in-colorado-as-voters-cast-ballots,2,"[{""candidate_id"": ""13474"", ""candidate_name"": ""John Wright Hickenlooper"", ""party"": ""DEM"", ""answer"": ""Hickenlooper"", ""pct"": ""51.0""}, {""candidate_id"": ""13475"", ""candidate_name"": ""Cory Gardner"", ""party"": ""REP"", ""answer"": ""Gardner"", ""pct"": ""41.0""}]",false,selected,,Only eligible LV question for this poll/round,,51.0,41.0,0,"[""538-row:878"", ""538-row:879""]"
538:2020:6284:70786:132437,538_archive,2020,NC,6284,70786,132437,70786,2020-NC-ordinary-general,2020-NC-ordinary-general,general,Class II,0,11/3/20,2020-11-03,2020-10-07,2020-10-13,LV,lv,lv,660,Ipsos,false,,Source flags; not independent nonpartisan verification,https://www.ipsos.com/sites/default/files/ct/news/documents/2020-10/topline_reuters_north_carolina_state_poll_w3_10_13_20.pdf,2,"[{""candidate_id"": ""13468"", ""candidate_name"": ""Cal Cunningham"", ""party"": ""DEM"", ""answer"": ""Cunningham"", ""pct"": ""46.0""}, {""candidate_id"": ""13461"", ""candidate_name"": ""Thomas Roland Tillis"", ""party"": ""REP"", ""answer"": ""Tillis"", ""pct"": ""42.0""}]",false,selected,,Only eligible LV question for this poll/round,,46.0,42.0,0,"[""538-row:882"", ""538-row:883""]"
538:2020:6286:70787:133096,538_archive,2020,NH,6286,70787,133096,70787,2020-NH-ordinary-general,2020-NH-ordinary-general,general,Class II,0,11/3/20,2020-11-03,2020-10-09,2020-10-12,LV,lv,lv,899,U. New Hampshire,false,,Source flags; not independent nonpartisan verification,https://scholars.unh.edu/survey_center_polls/620/,3,"[{""candidate_id"": ""13448"", ""candidate_name"": ""Jeanne Shaheen"", ""party"": ""DEM"", ""answer"": ""Shaheen"", ""pct"": ""55.0""}, {""candidate_id"": ""14492"", ""candidate_name"": ""Bryant Messner"", ""party"": ""REP"", ""answer"": ""Messner"", ""pct"": ""40.0""}, {""candidate_id"": ""15620"", ""candidate_name"": ""Justin F. O'Donnell"", ""party"": ""LIB"", ""answer"": ""O'Donnell"", ""pct"": ""2.0""}]",true,selected,,Only eligible LV question for this poll/round,,55.0,40.0,2.0,"[""538-row:886"", ""538-row:887"", ""538-row:888""]"
538:2020:6286:70978:132812,538_archive,2020,NH,6286,70978,132812,70978,2020-NH-ordinary-general,2020-NH-ordinary-general,general,Class II,0,11/3/20,2020-11-03,2020-10-08,2020-10-12,LV,lv,lv,500,Suffolk,false,,Source flags; not independent nonpartisan verification,https://www.suffolk.edu/-/media/suffolk/documents/academics/research-at-suffolk/suprc/polls/new-hampshire/2020/10_14_2020_tables_pdftxt.pdf?la=en&hash=A14911E2705329E0118A8C1B19ECE20CFECB35CA,3,"[{""candidate_id"": ""13448"", ""candidate_name"": ""Jeanne Shaheen"", ""party"": ""DEM"", ""answer"": ""Shaheen"", ""pct"": ""50.8""}, {""candidate_id"": ""14492"", ""candidate_name"": ""Bryant Messner"", ""party"": ""REP"", ""answer"": ""Messner"", ""pct"": ""36.4""}, {""candidate_id"": ""15620"", ""candidate_name"": ""Justin F. O'Donnell"", ""party"": ""LIB"", ""answer"": ""O'Donnell"", ""pct"": ""2.2""}]",true,selected,,Only eligible LV question for this poll/round,,50.8,36.4,2.2,"[""538-row:889"", ""538-row:890"", ""538-row:891""]"
538:2020:6271:70982:132827,538_archive,2020,GA,6271,70982,132827,70982,2020-GA-ordinary-general,2020-GA-ordinary-general,general,Class II,0,11/3/20,2020-11-03,2020-10-08,2020-10-12,LV,lv,lv,677,SurveyUSA,false,,Source flags; not independent nonpartisan verification,http://www.surveyusa.com/client/PollReport.aspx?g=b396b793-781d-4382-9ada-fc4cc50dacb6,2,"[{""candidate_id"": ""14567"", ""candidate_name"": ""Jon Ossoff"", ""party"": ""DEM"", ""answer"": ""Ossoff"", ""pct"": ""43.0""}, {""candidate_id"": ""14568"", ""candidate_name"": ""David A. Perdue"", ""party"": ""REP"", ""answer"": ""Perdue"", ""pct"": ""46.0""}]",false,selected,,Only eligible LV question for this poll/round,,43.0,46.0,0,"[""538-row:894"", ""538-row:895""]"
538:2020:7780:70982:132828,538_archive,2020,GA,7780,70982,132828,70982,2020-GA-special-first,2020-GA-special-first,jungle primary,Class III,2,11/3/20,2020-11-03,2020-10-08,2020-10-12,LV,lv,lv,677,SurveyUSA,false,,Source flags; not independent nonpartisan verification,http://www.surveyusa.com/client/PollReport.aspx?g=b396b793-781d-4382-9ada-fc4cc50dacb6,5,"[{""candidate_id"": ""14489"", ""candidate_name"": ""Raphael Warnock"", ""party"": ""DEM"", ""answer"": ""Warnock"", ""pct"": ""30.0""}, {""candidate_id"": ""13671"", ""candidate_name"": ""Kelly Loeffler"", ""party"": ""REP"", ""answer"": ""Loeffler"", ""pct"": ""26.0""}, {""candidate_id"": ""13669"", ""candidate_name"": ""Doug Collins"", ""party"": ""REP"", ""answer"": ""Collins"", ""pct"": ""20.0""}, {""candidate_id"": ""13670"", ""candidate_name"": ""Matt Lieberman"", ""party"": ""DEM"", ""answer"": ""Lieberman"", ""pct"": ""8.0""}, {""candidate_id"": ""14490"", ""candidate_name"": ""Ed Tarver"", ""party"": ""DEM"", ""answer"": ""Tarver"", ""pct"": ""3.0""}]",false,selected,,Only eligible LV question for this poll/round,,41.0,46.0,0,"[""538-row:896"", ""538-row:897"", ""538-row:898"", ""538-row:899"", ""538-row:900""]"
538:2020:6271:71000:132868,538_archive,2020,GA,6271,71000,132868,71000,2020-GA-ordinary-general,2020-GA-ordinary-general,general,Class II,0,11/3/20,2020-11-03,2020-10-08,2020-10-12,LV,lv,lv,1160,Quinnipiac,false,,Source flags; not independent nonpartisan verification,https://poll.qu.edu/Poll-Release?releaseid=3801,2,"[{""candidate_id"": ""14567"", ""candidate_name"": ""Jon Ossoff"", ""party"": ""DEM"", ""answer"": ""Ossoff"", ""pct"": ""51.0""}, {""candidate_id"": ""14568"", ""candidate_name"": ""David A. Perdue"", ""party"": ""REP"", ""answer"": ""Perdue"", ""pct"": ""45.0""}]",false,selected,,Only eligible LV question for this poll/round,,51.0,45.0,0,"[""538-row:901"", ""538-row:902""]"
538:2020:7780:71000:132869,538_archive,2020,GA,7780,71000,132869,71000,2020-GA-special-first,2020-GA-special-first,jungle primary,Class III,2,11/3/20,2020-11-03,2020-10-08,2020-10-12,LV,lv,lv,1160,Quinnipiac,false,,Source flags; not independent nonpartisan verification,https://poll.qu.edu/Poll-Release?releaseid=3801,5,"[{""candidate_id"": ""14489"", ""candidate_name"": ""Raphael Warnock"", ""party"": ""DEM"", ""answer"": ""Warnock"", ""pct"": ""41.0""}, {""candidate_id"": ""13671"", ""candidate_name"": ""Kelly Loeffler"", ""party"": ""REP"", ""answer"": ""Loeffler"", ""pct"": ""20.0""}, {""candidate_id"": ""13669"", ""candidate_name"": ""Doug Collins"", ""party"": ""REP"", ""answer"": ""Collins"", ""pct"": ""22.0""}, {""candidate_id"": ""13670"", ""candidate_name"": ""Matt Lieberman"", ""party"": ""DEM"", ""answer"": ""Lieberman"", ""pct"": ""5.0""}, {""candidate_id"": ""14490"", ""candidate_name"": ""Ed Tarver"", ""party"": ""DEM"", ""answer"": ""Tarver"", ""pct"": ""2.0""}]",false,selected,,Only eligible LV question for this poll/round,,48.0,42.0,0,"[""538-row:903"", ""538-row:904"", ""538-row:905"", ""538-row:906"", ""538-row:907""]"
538:2020:6296:71071:133038,538_archive,2020,VA,6296,71071,133038,71071,2020-VA-ordinary-general,2020-VA-ordinary-general,general,Class II,2,11/3/20,2020-11-03,2020-09-30,2020-10-12,LV,lv,lv,602,Reconnect Research/Roanoke College,false,,Source flags; not independent nonpartisan verification,https://www.roanoke.edu/about/news/reconnect_research_roanoke_college_va_poll,2,"[{""candidate_id"": ""14760"", ""candidate_name"": ""Mark R. Warner"", ""party"": ""DEM"", ""answer"": ""Warner"", ""pct"": ""55.0""}, {""candidate_id"": ""15688"", ""candidate_name"": ""Daniel M. Gade"", ""party"": ""REP"", ""answer"": ""Gade"", ""pct"": ""38.0""}]",true,selected,,Only eligible LV question for this poll/round,,55.0,38.0,0,"[""538-row:912"", ""538-row:913""]"
538:2020:6284:70743:132341,538_archive,2020,NC,6284,70743,132341,70743,2020-NC-ordinary-general,2020-NC-ordinary-general,general,Class II,0,11/3/20,2020-11-03,2020-10-08,2020-10-11,LV,lv,lv,669,SurveyUSA,false,,Source flags; not independent nonpartisan verification,https://wwwcache.wral.com/asset/news/state/nccapitol/2020/10/12/19332468/PollPrint-DMID1-5ohw9o5y4.pdf,2,"[{""candidate_id"": ""13468"", ""candidate_name"": ""Cal Cunningham"", ""party"": ""DEM"", ""answer"": ""Cunningham"", ""pct"": ""49.0""}, {""candidate_id"": ""13461"", ""candidate_name"": ""Thomas Roland Tillis"", ""party"": ""REP"", ""answer"": ""Tillis"", ""pct"": ""39.0""}]",false,selected,,Only eligible LV question for this poll/round,,49.0,39.0,0,"[""538-row:916"", ""538-row:917""]"
538:2020:6284:70797:132451,538_archive,2020,NC,6284,70797,132451,70797,2020-NC-ordinary-general,2020-NC-ordinary-general,general,Class II,0,11/3/20,2020-11-03,2020-10-07,2020-10-11,LV,lv,lv,800,RMG Research,false,,Source flags; not independent nonpartisan verification,http://politicaliq.com/2020/10/13/north-carolina-biden-47-trump-45/,3,"[{""candidate_id"": ""13468"", ""candidate_name"": ""Cal Cunningham"", ""party"": ""DEM"", ""answer"": ""Cunningham"", ""pct"": ""46.0""}, {""candidate_id"": ""13461"", ""candidate_name"": ""Thomas Roland Tillis"", ""party"": ""REP"", ""answer"": ""Tillis"", ""pct"": ""36.0""}, {""candidate_id"": ""14557"", ""candidate_name"": ""Shannon W. Bray"", ""party"": ""LIB"", ""answer"": ""Bray"", ""pct"": ""4.0""}]",false,selected,,Only eligible LV question for this poll/round,,46.0,36.0,4.0,"[""538-row:944"", ""538-row:945"", ""538-row:946""]"
538:2020:6284:70990:132848,538_archive,2020,NC,6284,70990,132848,70990,2020-NC-ordinary-general,2020-NC-ordinary-general,general,Class II,0,11/3/20,2020-11-03,2020-10-07,2020-10-11,LV,lv,lv,500,Susquehanna,false,,Source flags; not independent nonpartisan verification,https://amgreatness.com/2020/10/14/north-carolina-race-tightens-according-to-new-poll/,2,"[{""candidate_id"": ""13468"", ""candidate_name"": ""Cal Cunningham"", ""party"": ""DEM"", ""answer"": ""Cunningham"", ""pct"": ""46.0""}, {""candidate_id"": ""13461"", ""candidate_name"": ""Thomas Roland Tillis"", ""party"": ""REP"", ""answer"": ""Tillis"", ""pct"": ""44.0""}]",false,selected,,Only eligible LV question for this poll/round,,46.0,44.0,0,"[""538-row:947"", ""538-row:948""]"
538:2020:6268:70752:132376,538_archive,2020,AZ,6268,70752,132376,70752,2020-AZ-special-general,2020-AZ-special-general,general,Class III,2,11/3/20,2020-11-03,2020-10-02,2020-10-11,LV,lv,lv,1144,Morning Consult,false,,Source flags; not independent nonpartisan verification,https://morningconsult.com/form/2020-u-s-election-tracker/,2,"[{""candidate_id"": ""13445"", ""candidate_name"": ""Mark Kelly"", ""party"": ""DEM"", ""answer"": ""Kelly"", ""pct"": ""49.0""}, {""candidate_id"": ""13446"", ""candidate_name"": ""Martha McSally"", ""party"": ""REP"", ""answer"": ""McSally"", ""pct"": ""41.0""}]",true,selected,,Only eligible LV question for this poll/round,,49.0,41.0,0,"[""538-row:954"", ""538-row:955""]"
538:2020:6269:70753:132377,538_archive,2020,CO,6269,70753,132377,70753,2020-CO-ordinary-general,2020-CO-ordinary-general,general,Class II,0,11/3/20,2020-11-03,2020-10-02,2020-10-11,LV,lv,lv,837,Morning Consult,false,,Source flags; not independent nonpartisan verification,https://morningconsult.com/form/2020-u-s-election-tracker/,2,"[{""candidate_id"": ""13474"", ""candidate_name"": ""John Wright Hickenlooper"", ""party"": ""DEM"", ""answer"": ""Hickenlooper"", ""pct"": ""50.0""}, {""candidate_id"": ""13475"", ""candidate_name"": ""Cory Gardner"", ""party"": ""REP"", ""answer"": ""Gardner"", ""pct"": ""40.0""}]",false,selected,,Only eligible LV question for this poll/round,,50.0,40.0,0,"[""538-row:956"", ""538-row:957""]"
538:2020:6271:70755:132378,538_archive,2020,GA,6271,70755,132378,70755,2020-GA-ordinary-general,2020-GA-ordinary-general,general,Class II,0,11/3/20,2020-11-03,2020-10-02,2020-10-11,LV,lv,lv,1837,Morning Consult,false,,Source flags; not independent nonpartisan verification,https://morningconsult.com/form/2020-u-s-election-tracker/,2,"[{""candidate_id"": ""14567"", ""candidate_name"": ""Jon Ossoff"", ""party"": ""DEM"", ""answer"": ""Ossoff"", ""pct"": ""42.0""}, {""candidate_id"": ""14568"", ""candidate_name"": ""David A. Perdue"", ""party"": ""REP"", ""answer"": ""Perdue"", ""pct"": ""46.0""}]",false,selected,,Only eligible LV question for this poll/round,,42.0,46.0,0,"[""538-row:958"", ""538-row:959""]"
538:2020:6284:70758:132380,538_archive,2020,NC,6284,70758,132380,70758,2020-NC-ordinary-general,2020-NC-ordinary-general,general,Class II,0,11/3/20,2020-11-03,2020-10-02,2020-10-11,LV,lv,lv,1993,Morning Consult,false,,Source flags; not independent nonpartisan verification,https://morningconsult.com/form/2020-u-s-election-tracker/,2,"[{""candidate_id"": ""13468"", ""candidate_name"": ""Cal Cunningham"", ""party"": ""DEM"", ""answer"": ""Cunningham"", ""pct"": ""47.0""}, {""candidate_id"": ""13461"", ""candidate_name"": ""Thomas Roland Tillis"", ""party"": ""REP"", ""answer"": ""Tillis"", ""pct"": ""41.0""}]",false,selected,,Only eligible LV question for this poll/round,,47.0,41.0,0,"[""538-row:962"", ""538-row:963""]"
538:2020:6292:70761:132381,538_archive,2020,SC,6292,70761,132381,70761,2020-SC-ordinary-general,2020-SC-ordinary-general,general,Class II,0,11/3/20,2020-11-03,2020-10-02,2020-10-11,LV,lv,lv,903,Morning Consult,false,,Source flags; not independent nonpartisan verification,https://morningconsult.com/form/2020-u-s-election-tracker/,2,"[{""candidate_id"": ""13457"", ""candidate_name"": ""Jaime Harrison"", ""party"": ""DEM"", ""answer"": ""Harrison"", ""pct"": ""42.0""}, {""candidate_id"": ""13458"", ""candidate_name"": ""Lindsey Graham"", ""party"": ""REP"", ""answer"": ""Graham"", ""pct"": ""48.0""}]",false,selected,,Only eligible LV question for this poll/round,,42.0,48.0,0,"[""538-row:964"", ""538-row:965""]"
538:2020:6272:70726:132312,538_archive,2020,IA,6272,70726,132312,70726,2020-IA-ordinary-general,2020-IA-ordinary-general,general,Class II,0,11/3/20,2020-11-03,2020-10-06,2020-10-09,LV,lv,lv,1022,YouGov,false,,Source flags; not independent nonpartisan verification,https://drive.google.com/file/d/1j1ecxNthrVLwbSmV5eSUGdeuEilTgKkd/view,2,"[{""candidate_id"": ""13466"", ""candidate_name"": ""Theresa Greenfield"", ""party"": ""DEM"", ""answer"": ""Greenfield"", ""pct"": ""47.0""}, {""candidate_id"": ""13467"", ""candidate_name"": ""Joni K. Ernst"", ""party"": ""REP"", ""answer"": ""Ernst"", ""pct"": ""43.0""}]",false,selected,,Only eligible LV question for this poll/round,,47.0,43.0,0,"[""538-row:982"", ""538-row:983""]"
538:2020:6269:71368:133644,538_archive,2020,CO,6269,71368,133644,71368,2020-CO-ordinary-general,2020-CO-ordinary-general,general,Class II,0,11/3/20,2020-11-03,2020-10-05,2020-10-09,LV,lv,lv,800,YouGov,false,,Source flags; not independent nonpartisan verification,https://www.colorado.edu/lab/aprl/sites/default/files/attached-files/2020_colorado_political_climate_report_election_topline_10-19-20_.pdf,2,"[{""candidate_id"": ""13474"", ""candidate_name"": ""John Wright Hickenlooper"", ""party"": ""DEM"", ""answer"": ""Hickenlooper"", ""pct"": ""48.0""}, {""candidate_id"": ""13475"", ""candidate_name"": ""Cory Gardner"", ""party"": ""REP"", ""answer"": ""Gardner"", ""pct"": ""40.0""}]",false,selected,,Only eligible LV question for this poll/round,,48.0,40.0,0,"[""538-row:986"", ""538-row:987""]"
538:2020:6268:71067:133023,538_archive,2020,AZ,6268,71067,133023,71067,2020-AZ-special-general,2020-AZ-special-general,general,Class III,2,11/3/20,2020-11-03,2020-10-04,2020-10-08,LV,lv,lv,608,OH Predictive Insights / MBQF,false,,Source flags; not independent nonpartisan verification,https://f.hubspotusercontent40.net/hubfs/7453540/201005_AZPOP/PR_Arizona%20Public%20Opinion%20Pulse%20Toplines%20and%20Crosstabs%20(1).pdf?utm_medium=email&_hsmi=97443604&_hsenc=p2ANqtz-8YKdQGdcjhrShEJfsBc7JTFdlklT1RodoeG-nMmCGHWRDUFwNlhUCpC0Qyjh4DQGGGyPyUZaS7ikUHptXoT6cVk8q7kfO-4hRg1rAyzImJPZbVBeA&utm_content=97443604&utm_source=hs_email,2,"[{""candidate_id"": ""13445"", ""candidate_name"": ""Mark Kelly"", ""party"": ""DEM"", ""answer"": ""Kelly"", ""pct"": ""50.0""}, {""candidate_id"": ""13446"", ""candidate_name"": ""Martha McSally"", ""party"": ""REP"", ""answer"": ""McSally"", ""pct"": ""45.0""}]",true,selected,,Only eligible LV question for this poll/round,,50.0,45.0,0,"[""538-row:990"", ""538-row:991""]"
538:2020:6271:70712:132267,538_archive,2020,GA,6271,70712,132267,70712,2020-GA-ordinary-general,2020-GA-ordinary-general,general,Class II,0,11/3/20,2020-11-03,2020-10-07,2020-10-07,LV,lv,lv,600,Landmark Communications,false,,Source flags; not independent nonpartisan verification,https://assets.documentcloud.org/documents/7224570/WSB-Landmark-Senate-Poll-10-9-20.pdf,3,"[{""candidate_id"": ""14567"", ""candidate_name"": ""Jon Ossoff"", ""party"": ""DEM"", ""answer"": ""Ossoff"", ""pct"": ""45.5""}, {""candidate_id"": ""14568"", ""candidate_name"": ""David A. Perdue"", ""party"": ""REP"", ""answer"": ""Perdue"", ""pct"": ""47.0""}, {""candidate_id"": ""14572"", ""candidate_name"": ""Shane Hazel"", ""party"": ""LIB"", ""answer"": ""Hazel"", ""pct"": ""1.5""}]",true,selected,,Only eligible LV question for this poll/round,,45.5,47.0,1.5,"[""538-row:994"", ""538-row:995"", ""538-row:996""]"
538:2020:7780:70712:132268,538_archive,2020,GA,7780,70712,132268,70712,2020-GA-special-first,2020-GA-special-first,jungle primary,Class III,2,11/3/20,2020-11-03,2020-10-07,2020-10-07,LV,lv,lv,600,Landmark Communications,false,,Source flags; not independent nonpartisan verification,https://assets.documentcloud.org/documents/7224570/WSB-Landmark-Senate-Poll-10-9-20.pdf,19,"[{""candidate_id"": ""14489"", ""candidate_name"": ""Raphael Warnock"", ""party"": ""DEM"", ""answer"": ""Warnock"", ""pct"": ""36.2""}, {""candidate_id"": ""13671"", ""candidate_name"": ""Kelly Loeffler"", ""party"": ""REP"", ""answer"": ""Loeffler"", ""pct"": ""25.8""}, {""candidate_id"": ""13670"", ""candidate_name"": ""Matt Lieberman"", ""party"": ""DEM"", ""answer"": ""Lieberman"", ""pct"": ""3.1""}, {""candidate_id"": ""15634"", ""candidate_name"": ""Joy Felicia Slade"", ""party"": ""DEM"", ""answer"": ""Slade"", ""pct"": ""0.2""}, {""candidate_id"": ""15638"", ""candidate_name"": ""Valencia Stovall"", ""party"": ""IND"", ""answer"": ""Stovall"", ""pct"": ""0.4""}, {""candidate_id"": ""14490"", ""candidate_name"": ""Ed Tarver"", ""party"": ""DEM"", ""answer"": ""Tarver"", ""pct"": ""0.3""}, {""candidate_id"": ""13669"", ""candidate_name"": ""Doug Collins"", ""party"": ""REP"", ""answer"": ""Collins"", ""pct"": ""23.3""}, {""candidate_id"": ""14480"", ""candidate_name"": ""Al Bartell"", ""party"": ""IND"", ""answer"": ""Bartell"", ""pct"": ""0.4""}, {""candidate_id"": ""15636"", ""candidate_name"": ""John Fortuin"", ""party"": ""GRE"", ""answer"": ""Fortuin"", ""pct"": ""0.8""}, {""candidate_id"": ""15635"", ""candidate_name"": ""Tamara Y. Johnson-Shealey"", ""party"": ""DEM"", ""answer"": ""Johnson-Shealey"", ""pct"": ""0.5""}, {""candidate_id"": ""15632"", ""candidate_name"": ""Deborah A. Jackson"", ""party"": ""DEM"", ""answer"": ""Jackson"", ""pct"": ""0.0""}, {""candidate_id"": ""15639"", ""candidate_name"": ""Annette L. Davis Jackson"", ""party"": ""REP"", ""answer"": ""Davis Jackson"", ""pct"": ""0.0""}, {""candidate_id"": ""15637"", ""candidate_name"": ""Michael Todd Greene"", ""party"": ""IND"", ""answer"": ""Greene"", ""pct"": ""0.0""}, {""candidate_id"": ""15610"", ""candidate_name"": ""Derrick E. Grayson"", ""party"": ""REP"", ""answer"": ""Grayson"", ""pct"": ""0.0""}, {""candidate_id"": ""14762"", ""candidate_name"": ""Allen Buckley"", ""party"": ""IND"", ""answer"": ""Buckley"", ""pct"": ""0.0""}, {""candidate_id"": ""15633"", ""candidate_name"": ""Jamesia James"", ""party"": ""DEM"", ""answer"": ""James"", ""pct"": ""0.0""}, {""candidate_id"": ""14549"", ""candidate_name"": ""Brian Richard Slowinski"", ""party"": ""LIB"", ""answer"": ""Slowinski"", ""pct"": ""0.0""}, {""candidate_id"": ""15640"", ""candidate_name"": ""Kandiss Taylor"", ""party"": ""REP"", ""answer"": ""Taylor"", ""pct"": ""2.7""}, {""candidate_id"": ""14493"", ""candidate_name"": ""Richard Dien Winfield"", ""party"": ""DEM"", ""answer"": ""Winfield"", ""pct"": ""0.0""}]",false,selected,,Only eligible LV question for this poll/round,,40.3,51.8,1.6,"[""538-row:997"", ""538-row:998"", ""538-row:999"", ""538-row:1000"", ""538-row:1001"", ""538-row:1002"", ""538-row:1003"", ""538-row:1004"", ""538-row:1005"", ""538-row:1006"", ""538-row:1007"", ""538-row:1008"", ""538-row:1009"", ""538-row:1010"", ""538-row:1011"", ""538-row:1012"", ""538-row:1013"", ""538-row:1014"", ""538-row:1015""]"
538:2020:6283:70662:132137,538_archive,2020,MT,6283,70662,132137,70662,2020-MT-ordinary-general,2020-MT-ordinary-general,general,Class II,2,11/3/20,2020-11-03,2020-10-05,2020-10-07,LV,lv,lv,500,Emerson College Polling Society,false,,Source flags; not independent nonpartisan verification,https://emersonpolling.reportablenews.com/pr/montana-2020-republicans-hold-advantages-in-presidential-us-senate-and-governor-races,2,"[{""candidate_id"": ""14517"", ""candidate_name"": ""Steve Bullock"", ""party"": ""DEM"", ""answer"": ""Bullock"", ""pct"": ""42.7""}, {""candidate_id"": ""14518"", ""candidate_name"": ""Steve Daines"", ""party"": ""REP"", ""answer"": ""Daines"", ""pct"": ""51.8""}]",true,selected,,Only eligible LV question for this poll/round,,42.7,51.8,0,"[""538-row:1018"", ""538-row:1019""]"
538:2020:6268:70651:132118,538_archive,2020,AZ,6268,70651,132118,70651,2020-AZ-special-general,2020-AZ-special-general,general,Class III,2,11/3/20,2020-11-03,2020-09-29,2020-10-07,LV,lv,lv,633,Ipsos,false,,Source flags; not independent nonpartisan verification,https://www.ipsos.com/sites/default/files/ct/news/documents/2020-10/topline_reuters_arizona_state_poll_w2_10_07_2020.pdf,2,"[{""candidate_id"": ""13445"", ""candidate_name"": ""Mark Kelly"", ""party"": ""DEM"", ""answer"": ""Kelly"", ""pct"": ""51.0""}, {""candidate_id"": ""13446"", ""candidate_name"": ""Martha McSally"", ""party"": ""REP"", ""answer"": ""McSally"", ""pct"": ""41.0""}]",true,selected,,Only eligible LV question for this poll/round,,51.0,41.0,0,"[""538-row:1020"", ""538-row:1021""]"
538:2020:6272:70629:132068,538_archive,2020,IA,6272,70629,132068,70629,2020-IA-ordinary-general,2020-IA-ordinary-general,general,Class II,0,11/3/20,2020-11-03,2020-10-03,2020-10-06,LV,lv,lv,756,Civiqs,false,,Source flags; not independent nonpartisan verification,https://civiqs.com/documents/Civiqs_DailyKos_IA_banner_book_2020_10_u43b2l.pdf,4,"[{""candidate_id"": ""13466"", ""candidate_name"": ""Theresa Greenfield"", ""party"": ""DEM"", ""answer"": ""Greenfield"", ""pct"": ""49.0""}, {""candidate_id"": ""13467"", ""candidate_name"": ""Joni K. Ernst"", ""party"": ""REP"", ""answer"": ""Ernst"", ""pct"": ""46.0""}, {""candidate_id"": ""15614"", ""candidate_name"": ""Rick Stewart"", ""party"": ""LIB"", ""answer"": ""Stewart"", ""pct"": ""2.0""}, {""candidate_id"": ""15642"", ""candidate_name"": ""Suzanne Herzog"", ""party"": ""IND"", ""answer"": ""Herzog"", ""pct"": ""1.0""}]",true,selected,,Only eligible LV question for this poll/round,,49.0,46.0,3.0,"[""538-row:1024"", ""538-row:1025"", ""538-row:1026"", ""538-row:1027""]"
538:2020:6279:71085:133060,538_archive,2020,ME,6279,71085,133060,71085,2020-ME-ordinary-general,2020-ME-ordinary-general,general,Class II,2,11/3/20,2020-11-03,2020-10-02,2020-10-06,LV,lv,lv,600,Pan Atlantic/SMS,false,,Source flags; not independent nonpartisan verification,https://drive.google.com/file/d/1sI71fH_b6IKecmMtqlACiYc8ODAZ6R1P/view,4,"[{""candidate_id"": ""13455"", ""candidate_name"": ""Sara I. Gideon"", ""party"": ""DEM"", ""answer"": ""Gideon"", ""pct"": ""46.9""}, {""candidate_id"": ""13456"", ""candidate_name"": ""Susan M. Collins"", ""party"": ""REP"", ""answer"": ""Collins"", ""pct"": ""39.8""}, {""candidate_id"": ""14690"", ""candidate_name"": ""Lisa Savage"", ""party"": ""IND"", ""answer"": ""Savage"", ""pct"": ""4.9""}, {""candidate_id"": ""14691"", ""candidate_name"": ""Max Linn"", ""party"": ""IND"", ""answer"": ""Linn"", ""pct"": ""2.0""}]",true,selected,,Only eligible LV question for this poll/round,,46.9,39.8,6.9,"[""538-row:1034"", ""538-row:1035"", ""538-row:1036"", ""538-row:1037""]"
538:2020:6281:70660:132226,538_archive,2020,MN,6281,70660,132226,70660,2020-MN-ordinary-general,2020-MN-ordinary-general,general,Class II,2,11/3/20,2020-11-03,2020-10-01,2020-10-06,LV,lv,lv,929,SurveyUSA,false,,Source flags; not independent nonpartisan verification,https://www.kaaltv.com/minnesota-news/surveyusa-poll/5888415/?cat=10151,2,"[{""candidate_id"": ""15691"", ""candidate_name"": ""Tina Smith"", ""party"": ""DEM"", ""answer"": ""Smith"", ""pct"": ""44.0""}, {""candidate_id"": ""15692"", ""candidate_name"": ""Jason Lewis"", ""party"": ""REP"", ""answer"": ""Lewis"", ""pct"": ""37.0""}]",false,selected,,Only eligible LV question for this poll/round,,44.0,37.0,0,"[""538-row:1040"", ""538-row:1041""]"
538:2020:6269:70691:132227,538_archive,2020,CO,6269,70691,132227,70691,2020-CO-ordinary-general,2020-CO-ordinary-general,general,Class II,0,11/3/20,2020-11-03,2020-10-01,2020-10-06,LV,lv,lv,1021,SurveyUSA,false,,Source flags; not independent nonpartisan verification,http://www.surveyusa.com/client/PollReport.aspx?g=87d5a36a-99d7-46b1-9440-5b3115e27f57,2,"[{""candidate_id"": ""13474"", ""candidate_name"": ""John Wright Hickenlooper"", ""party"": ""DEM"", ""answer"": ""Hickenlooper"", ""pct"": ""48.0""}, {""candidate_id"": ""13475"", ""candidate_name"": ""Cory Gardner"", ""party"": ""REP"", ""answer"": ""Gardner"", ""pct"": ""39.0""}]",false,selected,,Only eligible LV question for this poll/round,,48.0,39.0,0,"[""538-row:1042"", ""538-row:1043""]"
538:2020:6297:70703:132428,538_archive,2020,WV,6297,70703,132428,70703,2020-WV-ordinary-general,2020-WV-ordinary-general,general,Class II,2,11/3/20,2020-11-03,2020-10-01,2020-10-06,LV,lv,lv,450,Research America Inc.,false,,Source flags; not independent nonpartisan verification,https://www.documentcloud.org/documents/7228688-WV-Poll-10-13-Release.html,3,"[{""candidate_id"": ""15689"", ""candidate_name"": ""Paula Jean Swearengin"", ""party"": ""DEM"", ""answer"": ""Swearengin"", ""pct"": ""33.0""}, {""candidate_id"": ""14765"", ""candidate_name"": ""Shelley Moore Capito"", ""party"": ""REP"", ""answer"": ""Capito"", ""pct"": ""53.0""}, {""candidate_id"": ""16098"", ""candidate_name"": ""David D. Moran"", ""party"": ""LIB"", ""answer"": ""Moran"", ""pct"": ""5.0""}]",true,selected,,Only eligible LV question for this poll/round,,33.0,53.0,5.0,"[""538-row:1044"", ""538-row:1045"", ""538-row:1046""]"
538:2020:6284:70616:132034,538_archive,2020,NC,6284,70616,132034,70616,2020-NC-ordinary-general,2020-NC-ordinary-general,general,Class II,0,11/3/20,2020-11-03,2020-09-29,2020-10-06,LV,lv,lv,601,Ipsos,false,,Source flags; not independent nonpartisan verification,https://www.ipsos.com/sites/default/files/ct/news/documents/2020-10/topline-reuters-north-carolina-state-poll-wave-2-100620_0.pdf,2,"[{""candidate_id"": ""13468"", ""candidate_name"": ""Cal Cunningham"", ""party"": ""DEM"", ""answer"": ""Cunningham"", ""pct"": ""47.0""}, {""candidate_id"": ""13461"", ""candidate_name"": ""Thomas Roland Tillis"", ""party"": ""REP"", ""answer"": ""Tillis"", ""pct"": ""42.0""}]",false,selected,,Only eligible LV question for this poll/round,,47.0,42.0,0,"[""538-row:1049"", ""538-row:1050""]"
538:2020:6271:70695:132238,538_archive,2020,GA,6271,70695,132238,70695,2020-GA-ordinary-general,2020-GA-ordinary-general,general,Class II,0,11/3/20,2020-11-03,2020-09-27,2020-10-06,LV,lv,lv,1106,U. Georgia SPIA,false,,Source flags; not independent nonpartisan verification,https://s.wsj.net/public/resources/documents/spia-election-survey-10-08-2020.pdf,3,"[{""candidate_id"": ""14567"", ""candidate_name"": ""Jon Ossoff"", ""party"": ""DEM"", ""answer"": ""Ossoff"", ""pct"": ""41.4""}, {""candidate_id"": ""14568"", ""candidate_name"": ""David A. Perdue"", ""party"": ""REP"", ""answer"": ""Perdue"", ""pct"": ""48.9""}, {""candidate_id"": ""14572"", ""candidate_name"": ""Shane Hazel"", ""party"": ""LIB"", ""answer"": ""Hazel"", ""pct"": ""2.5""}]",true,selected,,Only eligible LV question for this poll/round,,41.4,48.9,2.5,"[""538-row:1053"", ""538-row:1054"", ""538-row:1055""]"
538:2020:7780:70695:132239,538_archive,2020,GA,7780,70695,132239,70695,2020-GA-special-first,2020-GA-special-first,jungle primary,Class III,2,11/3/20,2020-11-03,2020-09-27,2020-10-06,LV,lv,lv,1106,U. Georgia SPIA,false,,Source flags; not independent nonpartisan verification,https://s.wsj.net/public/resources/documents/spia-election-survey-10-08-2020.pdf,6,"[{""candidate_id"": ""14489"", ""candidate_name"": ""Raphael Warnock"", ""party"": ""DEM"", ""answer"": ""Warnock"", ""pct"": ""27.7""}, {""candidate_id"": ""13671"", ""candidate_name"": ""Kelly Loeffler"", ""party"": ""REP"", ""answer"": ""Loeffler"", ""pct"": ""21.8""}, {""candidate_id"": ""13669"", ""candidate_name"": ""Doug Collins"", ""party"": ""REP"", ""answer"": ""Collins"", ""pct"": ""21.2""}, {""candidate_id"": ""13670"", ""candidate_name"": ""Matt Lieberman"", ""party"": ""DEM"", ""answer"": ""Lieberman"", ""pct"": ""3.4""}, {""candidate_id"": ""14490"", ""candidate_name"": ""Ed Tarver"", ""party"": ""DEM"", ""answer"": ""Tarver"", ""pct"": ""3.6""}, {""candidate_id"": ""14549"", ""candidate_name"": ""Brian Richard Slowinski"", ""party"": ""LIB"", ""answer"": ""Slowinski"", ""pct"": ""1.9""}]",false,selected,,Only eligible LV question for this poll/round,,34.7,43.0,1.9,"[""538-row:1056"", ""538-row:1057"", ""538-row:1058"", ""538-row:1059"", ""538-row:1060"", ""538-row:1061""]"
538:2020:6268:70639:132091,538_archive,2020,AZ,6268,70639,132091,70639,2020-AZ-special-general,2020-AZ-special-general,general,Class III,2,11/3/20,2020-11-03,2020-10-03,2020-10-05,LV,lv,lv,550,Data Orbital,false,,Source flags; not independent nonpartisan verification,https://www.dataorbital.com/the-blog/breaking-in-az-us-senate-race-tightens-and-president-trump-down-45,2,"[{""candidate_id"": ""13445"", ""candidate_name"": ""Mark Kelly"", ""party"": ""DEM"", ""answer"": ""Kelly"", ""pct"": ""49.2""}, {""candidate_id"": ""13446"", ""candidate_name"": ""Martha McSally"", ""party"": ""REP"", ""answer"": ""McSally"", ""pct"": ""43.7""}]",true,selected,,Only eligible LV question for this poll/round,,49.2,43.7,0,"[""538-row:1066"", ""538-row:1067""]"
538:2020:6272:70648:132110,538_archive,2020,IA,6272,70648,132110,70648,2020-IA-ordinary-general,2020-IA-ordinary-general,general,Class II,0,11/3/20,2020-11-03,2020-10-01,2020-10-05,LV,lv,lv,1205,Quinnipiac,false,,Source flags; not independent nonpartisan verification,https://poll.qu.edu/Poll-Release?releaseid=3743,2,"[{""candidate_id"": ""13466"", ""candidate_name"": ""Theresa Greenfield"", ""party"": ""DEM"", ""answer"": ""Greenfield"", ""pct"": ""50.0""}, {""candidate_id"": ""13467"", ""candidate_name"": ""Joni K. Ernst"", ""party"": ""REP"", ""answer"": ""Ernst"", ""pct"": ""45.0""}]",false,selected,,Only eligible LV question for this poll/round,,50.0,45.0,0,"[""538-row:1070"", ""538-row:1071""]"
538:2020:6268:70603:132096,538_archive,2020,AZ,6268,70603,132096,70603,2020-AZ-special-general,2020-AZ-special-general,general,Class III,2,11/3/20,2020-11-03,2020-09-28,2020-10-05,LV,lv,lv,400,HighGround,false,,Source flags; not independent nonpartisan verification,https://projects.fivethirtyeight.com/polls/20201007_AZ_HighGround.pdf,2,"[{""candidate_id"": ""13445"", ""candidate_name"": ""Mark Kelly"", ""party"": ""DEM"", ""answer"": ""Kelly"", ""pct"": ""50.0""}, {""candidate_id"": ""13446"", ""candidate_name"": ""Martha McSally"", ""party"": ""REP"", ""answer"": ""McSally"", ""pct"": ""43.5""}]",true,selected,,Only eligible LV question for this poll/round,,50.0,43.5,0,"[""538-row:1086"", ""538-row:1087""]"
538:2020:6268:70604:132074,538_archive,2020,AZ,6268,70604,132074,70604,2020-AZ-special-general,2020-AZ-special-general,general,Class III,2,11/3/20,2020-11-03,2020-10-02,2020-10-04,LV,lv,lv,296,Change Research,false,,Source flags; not independent nonpartisan verification,https://changeresearch.com/post/states-of-play-battleground-wave-15/,2,"[{""candidate_id"": ""13445"", ""candidate_name"": ""Mark Kelly"", ""party"": ""DEM"", ""answer"": ""Kelly"", ""pct"": ""51.0""}, {""candidate_id"": ""13446"", ""candidate_name"": ""Martha McSally"", ""party"": ""REP"", ""answer"": ""McSally"", ""pct"": ""43.0""}]",true,selected,,Only eligible LV question for this poll/round,,51.0,43.0,0,"[""538-row:1088"", ""538-row:1089""]"
538:2020:6284:70607:132076,538_archive,2020,NC,6284,70607,132076,70607,2020-NC-ordinary-general,2020-NC-ordinary-general,general,Class II,0,11/3/20,2020-11-03,2020-10-02,2020-10-04,LV,lv,lv,396,Change Research,false,,Source flags; not independent nonpartisan verification,https://changeresearch.com/post/states-of-play-battleground-wave-15/,2,"[{""candidate_id"": ""13468"", ""candidate_name"": ""Cal Cunningham"", ""party"": ""DEM"", ""answer"": ""Cunningham"", ""pct"": ""50.0""}, {""candidate_id"": ""13461"", ""candidate_name"": ""Thomas Roland Tillis"", ""party"": ""REP"", ""answer"": ""Tillis"", ""pct"": ""46.0""}]",false,selected,,Only eligible LV question for this poll/round,,50.0,46.0,0,"[""538-row:1092"", ""538-row:1093""]"
538:2020:6284:70614:132030,538_archive,2020,NC,6284,70614,132030,70614,2020-NC-ordinary-general,2020-NC-ordinary-general,general,Class II,0,11/3/20,2020-11-03,2020-10-02,2020-10-04,LV,lv,lv,1232,East Carolina University,false,,Source flags; not independent nonpartisan verification,https://surveyresearch-ecu.reportablenews.com/pr/ecu-poll-of-likely-voters-in-north-carolina-biden-leads-trump-by-four-points-tillis-leads-cunningham-by-one-cooper-leads-forest-by-thirteen-points-other-statewide-races-competitive,2,"[{""candidate_id"": ""13468"", ""candidate_name"": ""Cal Cunningham"", ""party"": ""DEM"", ""answer"": ""Cunningham"", ""pct"": ""46.4""}, {""candidate_id"": ""13461"", ""candidate_name"": ""Thomas Roland Tillis"", ""party"": ""REP"", ""answer"": ""Tillis"", ""pct"": ""46.7""}]",false,selected,,Only eligible LV question for this poll/round,,46.4,46.7,0,"[""538-row:1094"", ""538-row:1095""]"
538:2020:6286:70687:132215,538_archive,2020,NH,6286,70687,132215,70687,2020-NH-ordinary-general,2020-NH-ordinary-general,general,Class II,0,11/3/20,2020-11-03,2020-10-01,2020-10-04,LV,lv,lv,1147,St. Anselm,false,,Source flags; not independent nonpartisan verification,https://www.anselm.edu/sites/default/files/Documents/NHIOP/Polls/October%202020%20FullResults.pdf,3,"[{""candidate_id"": ""13448"", ""candidate_name"": ""Jeanne Shaheen"", ""party"": ""DEM"", ""answer"": ""Shaheen"", ""pct"": ""53.0""}, {""candidate_id"": ""14492"", ""candidate_name"": ""Bryant Messner"", ""party"": ""REP"", ""answer"": ""Messner"", ""pct"": ""39.0""}, {""candidate_id"": ""15620"", ""candidate_name"": ""Justin F. O'Donnell"", ""party"": ""LIB"", ""answer"": ""O'Donnell"", ""pct"": ""3.0""}]",true,selected,,Only eligible LV question for this poll/round,,53.0,39.0,3.0,"[""538-row:1096"", ""538-row:1097"", ""538-row:1098""]"
538:2020:6265:71298:133506,538_archive,2020,AK,6265,71298,133506,71298,2020-AK-ordinary-general,2020-AK-ordinary-general,general,Class II,0,11/3/20,2020-11-03,2020-09-30,2020-10-04,LV,lv,lv,600,Patinkin Research Strategies,false,,Source flags; not independent nonpartisan verification,https://twitter.com/Nat_Herz/status/1317942531120898048?s=20,2,"[{""candidate_id"": ""14697"", ""candidate_name"": ""Al Gross"", ""party"": ""DEM"", ""answer"": ""Gross"", ""pct"": ""47.0""}, {""candidate_id"": ""13462"", ""candidate_name"": ""Dan Sullivan"", ""party"": ""REP"", ""answer"": ""Sullivan"", ""pct"": ""46.0""}]",false,selected,,Only eligible LV question for this poll/round,,47.0,46.0,0,"[""538-row:1099"", ""538-row:1100""]"
538:2020:6279:70610:132026,538_archive,2020,ME,6279,70610,132026,70610,2020-ME-ordinary-general,2020-ME-ordinary-general,general,Class II,2,11/3/20,2020-11-03,2020-09-25,2020-10-04,LV,lv,lv,466,Critical Insights,false,,Source flags; not independent nonpartisan verification,https://drive.google.com/file/d/1rgOpdiCIcbEBjnt2pVvQO7ztkbfsNB90/view,4,"[{""candidate_id"": ""13455"", ""candidate_name"": ""Sara I. Gideon"", ""party"": ""DEM"", ""answer"": ""Gideon"", ""pct"": ""44.0""}, {""candidate_id"": ""13456"", ""candidate_name"": ""Susan M. Collins"", ""party"": ""REP"", ""answer"": ""Collins"", ""pct"": ""43.0""}, {""candidate_id"": ""14690"", ""candidate_name"": ""Lisa Savage"", ""party"": ""IND"", ""answer"": ""Savage"", ""pct"": ""2.0""}, {""candidate_id"": ""14691"", ""candidate_name"": ""Max Linn"", ""party"": ""IND"", ""answer"": ""Linn"", ""pct"": ""1.0""}]",true,selected,,Only eligible LV question for this poll/round,,44.0,43.0,3.0,"[""538-row:1105"", ""538-row:1106"", ""538-row:1107"", ""538-row:1108""]"
538:2020:6265:70622:132053,538_archive,2020,AK,6265,70622,132053,70622,2020-AK-ordinary-general,2020-AK-ordinary-general,general,Class II,0,11/3/20,2020-11-03,2020-09-25,2020-10-04,LV,lv,lv,676,Alaska Survey Research,false,,Source flags; not independent nonpartisan verification,https://twitter.com/IvanMoore1/status/1313647136257372161?s=20,2,"[{""candidate_id"": ""14697"", ""candidate_name"": ""Al Gross"", ""party"": ""DEM"", ""answer"": ""Gross"", ""pct"": ""44.0""}, {""candidate_id"": ""13462"", ""candidate_name"": ""Dan Sullivan"", ""party"": ""REP"", ""answer"": ""Sullivan"", ""pct"": ""48.0""}]",false,selected,,Only eligible LV question for this poll/round,,44.0,48.0,0,"[""538-row:1109"", ""538-row:1110""]"
538:2020:6268:70565:131639,538_archive,2020,AZ,6268,70565,131639,70565,2020-AZ-special-general,2020-AZ-special-general,general,Class III,2,11/3/20,2020-11-03,2020-10-01,2020-10-03,LV,lv,lv,655,Siena College/NYT Upshot,false,,Source flags; not independent nonpartisan verification,https://int.nyt.com/data/documenttools/az100120-crosstabs/a77605c32cd8f31e/full.pdf,2,"[{""candidate_id"": ""13445"", ""candidate_name"": ""Mark Kelly"", ""party"": ""DEM"", ""answer"": ""Kelly"", ""pct"": ""50.0""}, {""candidate_id"": ""13446"", ""candidate_name"": ""Martha McSally"", ""party"": ""REP"", ""answer"": ""McSally"", ""pct"": ""39.0""}]",true,selected,,Only eligible LV question for this poll/round,,50.0,39.0,0,"[""538-row:1114"", ""538-row:1115""]"
538:2020:6268:71159:133221,538_archive,2020,AZ,6268,71159,133221,71159,2020-AZ-special-general,2020-AZ-special-general,general,Class III,2,11/3/20,2020-11-03,2020-09-23,2020-10-02,LV,lv,lv,1045,Targoz Market Research,false,,Source flags; not independent nonpartisan verification,https://www.pollsmartmr.com/latest-polls-1/trump-kelly-lead-in-arizona,2,"[{""candidate_id"": ""13445"", ""candidate_name"": ""Mark Kelly"", ""party"": ""DEM"", ""answer"": ""Kelly"", ""pct"": ""51.0""}, {""candidate_id"": ""13446"", ""candidate_name"": ""Martha McSally"", ""party"": ""REP"", ""answer"": ""McSally"", ""pct"": ""41.0""}]",true,selected,,Only eligible LV question for this poll/round,,51.0,41.0,0,"[""538-row:1122"", ""538-row:1123""]"
538:2020:6283:70992:132853,538_archive,2020,MT,6283,70992,132853,70992,2020-MT-ordinary-general,2020-MT-ordinary-general,general,Class II,2,11/3/20,2020-11-03,2020-09-14,2020-10-02,LV,lv,lv,1615,MSU - Bozeman,false,,Source flags; not independent nonpartisan verification,https://helpslab.montana.edu/documents/treasure_state_2020_election_surveys/Senate_Overview_Final_11Oct2020.pdf,2,"[{""candidate_id"": ""14517"", ""candidate_name"": ""Steve Bullock"", ""party"": ""DEM"", ""answer"": ""Bullock"", ""pct"": ""49.0""}, {""candidate_id"": ""14518"", ""candidate_name"": ""Steve Daines"", ""party"": ""REP"", ""answer"": ""Daines"", ""pct"": ""47.0""}]",true,selected,,Only eligible LV question for this poll/round,,49.0,47.0,0,"[""538-row:1124"", ""538-row:1125""]"
538:2020:6286:70112:130625,538_archive,2020,NH,6286,70112,130625,70112,2020-NH-ordinary-general,2020-NH-ordinary-general,general,Class II,0,11/3/20,2020-11-03,2020-09-30,2020-10-01,LV,lv,lv,700,Emerson College Polling Society,false,,Source flags; not independent nonpartisan verification,https://emersonpolling.reportablenews.com/pr/new-hampshire-2020-biden-leads-trump-independents-splitting-their-ticket,2,"[{""candidate_id"": ""13448"", ""candidate_name"": ""Jeanne Shaheen"", ""party"": ""DEM"", ""answer"": ""Shaheen"", ""pct"": ""55.2""}, {""candidate_id"": ""14492"", ""candidate_name"": ""Bryant Messner"", ""party"": ""REP"", ""answer"": ""Messner"", ""pct"": ""40.1""}]",false,selected,,Only eligible LV question for this poll/round,,55.2,40.1,0,"[""538-row:1126"", ""538-row:1127""]"
538:2020:6288:70593:132094,538_archive,2020,NM,6288,70593,132094,70593,2020-NM-ordinary-general,2020-NM-ordinary-general,general,Class II,2,11/3/20,2020-11-03,2020-09-30,2020-10-01,LV,lv,lv,886,PPP,false,,Source flags; not independent nonpartisan verification,https://www.scribd.com/document/479132130/New-Mexico-PPP-poll,3,"[{""candidate_id"": ""13626"", ""candidate_name"": ""Ben Ray Luj\u00e1n"", ""party"": ""DEM"", ""answer"": ""Lujan"", ""pct"": ""51.0""}, {""candidate_id"": ""14622"", ""candidate_name"": ""Mark V. Ronchetti"", ""party"": ""REP"", ""answer"": ""Ronchetti"", ""pct"": ""41.0""}, {""candidate_id"": ""15617"", ""candidate_name"": ""Bob Walsh"", ""party"": ""LIB"", ""answer"": ""Walsh"", ""pct"": ""3.0""}]",true,selected,,Only eligible LV question for this poll/round,,51.0,41.0,3.0,"[""538-row:1131"", ""538-row:1132"", ""538-row:1133""]"
538:2020:6268:70587:131971,538_archive,2020,AZ,6268,70587,131971,70587,2020-AZ-special-general,2020-AZ-special-general,general,Class III,2,11/3/20,2020-11-03,2020-09-22,2020-10-01,LV,lv,lv,1048,Morning Consult,false,,Source flags; not independent nonpartisan verification,https://morningconsult.com/2020/10/05/arizona-senate-polling-martha-mcsally-mark-kelly/,2,"[{""candidate_id"": ""13445"", ""candidate_name"": ""Mark Kelly"", ""party"": ""DEM"", ""answer"": ""Kelly"", ""pct"": ""51.0""}, {""candidate_id"": ""13446"", ""candidate_name"": ""Martha McSally"", ""party"": ""REP"", ""answer"": ""McSally"", ""pct"": ""38.0""}]",true,selected,,Only eligible LV question for this poll/round,,51.0,38.0,0,"[""538-row:1134"", ""538-row:1135""]"
538:2020:6275:70686:132205,538_archive,2020,KS,6275,70686,132205,70686,2020-KS-ordinary-general,2020-KS-ordinary-general,general,Class II,0,11/3/20,2020-11-03,2020-09-29,2020-09-30,LV,lv,lv,3104,VCreek/AMG,false,,Source flags; not independent nonpartisan verification,https://projects.fivethirtyeight.com/polls/20201008_KS.pdf,3,"[{""candidate_id"": ""13698"", ""candidate_name"": ""Barbara Goolsbee Bollier"", ""party"": ""DEM"", ""answer"": ""Bollier"", ""pct"": ""45.39""}, {""candidate_id"": ""14604"", ""candidate_name"": ""Roger Marshall"", ""party"": ""REP"", ""answer"": ""Marshall"", ""pct"": ""41.87""}, {""candidate_id"": ""15647"", ""candidate_name"": ""Jason Buckley"", ""party"": ""LIB"", ""answer"": ""Buckley"", ""pct"": ""1.58""}]",true,selected,,Only eligible LV question for this poll/round,,45.39,41.87,1.58,"[""538-row:1136"", ""538-row:1137"", ""538-row:1138""]"
538:2020:6268:70119:130643,538_archive,2020,AZ,6268,70119,130643,70119,2020-AZ-special-general,2020-AZ-special-general,general,Class III,2,11/3/20,2020-11-03,2020-09-26,2020-09-30,LV,lv,lv,500,Suffolk,false,,Source flags; not independent nonpartisan verification,https://www.suffolk.edu/-/media/suffolk/documents/academics/research-at-suffolk/suprc/polls/other-states/2020/10_2_2020_tables_pdftxt.pdf?la=en&hash=092D976850EB75E3AD343E1F122E02FA8C57CEFC,2,"[{""candidate_id"": ""13445"", ""candidate_name"": ""Mark Kelly"", ""party"": ""DEM"", ""answer"": ""Kelly"", ""pct"": ""49.0""}, {""candidate_id"": ""13446"", ""candidate_name"": ""Martha McSally"", ""party"": ""REP"", ""answer"": ""McSally"", ""pct"": ""40.0""}]",true,selected,,Only eligible LV question for this poll/round,,49.0,40.0,0,"[""538-row:1139"", ""538-row:1140""]"
538:2020:6271:70049:130484,538_archive,2020,GA,6271,70049,130484,70049,2020-GA-ordinary-general,2020-GA-ordinary-general,general,Class II,0,11/3/20,2020-11-03,2020-09-26,2020-09-29,LV,lv,lv,969,Civiqs,false,,Source flags; not independent nonpartisan verification,https://civiqs.com/documents/Civiqs_DailyKos_GA_banner_book_2020_09_y983ce.pdf,3,"[{""candidate_id"": ""14567"", ""candidate_name"": ""Jon Ossoff"", ""party"": ""DEM"", ""answer"": ""Ossoff"", ""pct"": ""48.0""}, {""candidate_id"": ""14568"", ""candidate_name"": ""David A. Perdue"", ""party"": ""REP"", ""answer"": ""Perdue"", ""pct"": ""46.0""}, {""candidate_id"": ""14572"", ""candidate_name"": ""Shane Hazel"", ""party"": ""LIB"", ""answer"": ""Hazel"", ""pct"": ""3.0""}]",true,selected,,Only eligible LV question for this poll/round,,48.0,46.0,3.0,"[""538-row:1141"", ""538-row:1142"", ""538-row:1143""]"
538:2020:7780:70049:130485,538_archive,2020,GA,7780,70049,130485,70049,2020-GA-special-first,2020-GA-special-first,jungle primary,Class III,2,11/3/20,2020-11-03,2020-09-26,2020-09-29,LV,lv,lv,969,Civiqs,false,,Source flags; not independent nonpartisan verification,https://civiqs.com/documents/Civiqs_DailyKos_GA_banner_book_2020_09_y983ce.pdf,5,"[{""candidate_id"": ""14489"", ""candidate_name"": ""Raphael Warnock"", ""party"": ""DEM"", ""answer"": ""Warnock"", ""pct"": ""38.0""}, {""candidate_id"": ""13669"", ""candidate_name"": ""Doug Collins"", ""party"": ""REP"", ""answer"": ""Collins"", ""pct"": ""25.0""}, {""candidate_id"": ""13671"", ""candidate_name"": ""Kelly Loeffler"", ""party"": ""REP"", ""answer"": ""Loeffler"", ""pct"": ""21.0""}, {""candidate_id"": ""13670"", ""candidate_name"": ""Matt Lieberman"", ""party"": ""DEM"", ""answer"": ""Lieberman"", ""pct"": ""5.0""}, {""candidate_id"": ""14490"", ""candidate_name"": ""Ed Tarver"", ""party"": ""DEM"", ""answer"": ""Tarver"", ""pct"": ""2.0""}]",false,selected,,Only eligible LV question for this poll/round,,45.0,46.0,0,"[""538-row:1144"", ""538-row:1145"", ""538-row:1146"", ""538-row:1147"", ""538-row:1148""]"
538:2020:6275:70072:130537,538_archive,2020,KS,6275,70072,130537,70072,2020-KS-ordinary-general,2020-KS-ordinary-general,general,Class II,0,11/3/20,2020-11-03,2020-09-26,2020-09-29,LV,lv,lv,677,Civiqs,false,,Source flags; not independent nonpartisan verification,https://civiqs.com/documents/Civiqs_DailyKos_KS_banner_book_2020_09_dw29u7.pdf,2,"[{""candidate_id"": ""13698"", ""candidate_name"": ""Barbara Goolsbee Bollier"", ""party"": ""DEM"", ""answer"": ""Bollier"", ""pct"": ""43.0""}, {""candidate_id"": ""14604"", ""candidate_name"": ""Roger Marshall"", ""party"": ""REP"", ""answer"": ""Marshall"", ""pct"": ""50.0""}]",false,selected,,Only eligible LV question for this poll/round,,43.0,50.0,0,"[""538-row:1157"", ""538-row:1158""]"
538:2020:6290:70076:130550,538_archive,2020,OR,6290,70076,130550,70076,2020-OR-ordinary-general,2020-OR-ordinary-general,general,Class II,0,11/3/20,2020-11-03,2020-09-26,2020-09-29,LV,lv,lv,944,Civiqs,false,,Source flags; not independent nonpartisan verification,https://civiqs.com/documents/Civiqs_DailyKos_OR_banner_book_2020_09_7b4xvh.pdf,4,"[{""candidate_id"": ""14763"", ""candidate_name"": ""Jeff Merkley"", ""party"": ""DEM"", ""answer"": ""Merkley"", ""pct"": ""55.0""}, {""candidate_id"": ""15611"", ""candidate_name"": ""Jo Rae Perkins"", ""party"": ""REP"", ""answer"": ""Perkins"", ""pct"": ""35.0""}, {""candidate_id"": ""16084"", ""candidate_name"": ""Gary Dye"", ""party"": ""LIB"", ""answer"": ""Dye"", ""pct"": ""2.0""}, {""candidate_id"": ""15669"", ""candidate_name"": ""Ibrahim Ali Taher"", ""party"": ""PG"", ""answer"": ""Taher"", ""pct"": ""2.0""}]",true,selected,,Only eligible LV question for this poll/round,,55.0,35.0,4.0,"[""538-row:1159"", ""538-row:1160"", ""538-row:1161"", ""538-row:1162""]"
538:2020:6268:70042:130463,538_archive,2020,AZ,6268,70042,130463,70042,2020-AZ-special-general,2020-AZ-special-general,general,Class III,2,11/3/20,2020-11-03,2020-09-25,2020-09-28,LV,lv,lv,500,Susquehanna,false,,Source flags; not independent nonpartisan verification,https://amgreatness.com/2020/09/29/trump-and-biden-tied-in-new-arizona-poll/,2,"[{""candidate_id"": ""13445"", ""candidate_name"": ""Mark Kelly"", ""party"": ""DEM"", ""answer"": ""Kelly"", ""pct"": ""48.0""}, {""candidate_id"": ""13446"", ""candidate_name"": ""Martha McSally"", ""party"": ""REP"", ""answer"": ""McSally"", ""pct"": ""44.0""}]",true,selected,,Only eligible LV question for this poll/round,,48.0,44.0,0,"[""538-row:1165"", ""538-row:1166""]"
538:2020:6286:70600:132004,538_archive,2020,NH,6286,70600,132004,70600,2020-NH-ordinary-general,2020-NH-ordinary-general,general,Class II,0,11/3/20,2020-11-03,2020-09-25,2020-09-28,LV,lv,lv,600,American Research Group,false,,Source flags; not independent nonpartisan verification,https://americanresearchgroup.com/nhpoll/senate20/,3,"[{""candidate_id"": ""13448"", ""candidate_name"": ""Jeanne Shaheen"", ""party"": ""DEM"", ""answer"": ""Shaheen"", ""pct"": ""56.0""}, {""candidate_id"": ""14492"", ""candidate_name"": ""Bryant Messner"", ""party"": ""REP"", ""answer"": ""Messner"", ""pct"": ""40.0""}, {""candidate_id"": ""15620"", ""candidate_name"": ""Justin F. O'Donnell"", ""party"": ""LIB"", ""answer"": ""O'Donnell"", ""pct"": ""0.0""}]",true,selected,,Only eligible LV question for this poll/round,,56.0,40.0,0.0,"[""538-row:1167"", ""538-row:1168"", ""538-row:1169""]"
538:2020:6286:70066:130606,538_archive,2020,NH,6286,70066,130606,70066,2020-NH-ordinary-general,2020-NH-ordinary-general,general,Class II,0,11/3/20,2020-11-03,2020-09-24,2020-09-28,LV,lv,lv,972,U. New Hampshire,false,,Source flags; not independent nonpartisan verification,https://scholars.unh.edu/cgi/viewcontent.cgi?article=1612&context=survey_center_polls,3,"[{""candidate_id"": ""13448"", ""candidate_name"": ""Jeanne Shaheen"", ""party"": ""DEM"", ""answer"": ""Shaheen"", ""pct"": ""54.0""}, {""candidate_id"": ""14492"", ""candidate_name"": ""Bryant Messner"", ""party"": ""REP"", ""answer"": ""Messner"", ""pct"": ""41.0""}, {""candidate_id"": ""15620"", ""candidate_name"": ""Justin F. O'Donnell"", ""party"": ""LIB"", ""answer"": ""O'Donnell"", ""pct"": ""3.0""}]",true,selected,,Only eligible LV question for this poll/round,,54.0,41.0,3.0,"[""538-row:1170"", ""538-row:1171"", ""538-row:1172""]"
538:2020:6271:70047:130478,538_archive,2020,GA,6271,70047,130478,70047,2020-GA-ordinary-general,2020-GA-ordinary-general,general,Class II,0,11/3/20,2020-11-03,2020-09-23,2020-09-27,LV,lv,lv,1125,Quinnipiac,false,,Source flags; not independent nonpartisan verification,https://poll.qu.edu/Poll-Release?releaseid=3794,2,"[{""candidate_id"": ""14567"", ""candidate_name"": ""Jon Ossoff"", ""party"": ""DEM"", ""answer"": ""Ossoff"", ""pct"": ""49.0""}, {""candidate_id"": ""14568"", ""candidate_name"": ""David A. Perdue"", ""party"": ""REP"", ""answer"": ""Perdue"", ""pct"": ""48.0""}]",false,selected,,Only eligible LV question for this poll/round,,49.0,48.0,0,"[""538-row:1211"", ""538-row:1212""]"
538:2020:7780:70047:130479,538_archive,2020,GA,7780,70047,130479,70047,2020-GA-special-first,2020-GA-special-first,jungle primary,Class III,2,11/3/20,2020-11-03,2020-09-23,2020-09-27,LV,lv,lv,1125,Quinnipiac,false,,Source flags; not independent nonpartisan verification,https://poll.qu.edu/Poll-Release?releaseid=3794,5,"[{""candidate_id"": ""14489"", ""candidate_name"": ""Raphael Warnock"", ""party"": ""DEM"", ""answer"": ""Warnock"", ""pct"": ""31.0""}, {""candidate_id"": ""13671"", ""candidate_name"": ""Kelly Loeffler"", ""party"": ""REP"", ""answer"": ""Loeffler"", ""pct"": ""23.0""}, {""candidate_id"": ""13669"", ""candidate_name"": ""Doug Collins"", ""party"": ""REP"", ""answer"": ""Collins"", ""pct"": ""22.0""}, {""candidate_id"": ""13670"", ""candidate_name"": ""Matt Lieberman"", ""party"": ""DEM"", ""answer"": ""Lieberman"", ""pct"": ""9.0""}, {""candidate_id"": ""14490"", ""candidate_name"": ""Ed Tarver"", ""party"": ""DEM"", ""answer"": ""Tarver"", ""pct"": ""4.0""}]",false,selected,,Only eligible LV question for this poll/round,,44.0,45.0,0,"[""538-row:1213"", ""538-row:1214"", ""538-row:1215"", ""538-row:1216"", ""538-row:1217""]"
538:2020:6292:70070:130527,538_archive,2020,SC,6292,70070,130527,70070,2020-SC-ordinary-general,2020-SC-ordinary-general,general,Class II,0,11/3/20,2020-11-03,2020-09-23,2020-09-27,LV,lv,lv,1123,Quinnipiac,false,,Source flags; not independent nonpartisan verification,https://poll.qu.edu/Poll-Release?releaseid=3800,2,"[{""candidate_id"": ""13457"", ""candidate_name"": ""Jaime Harrison"", ""party"": ""DEM"", ""answer"": ""Harrison"", ""pct"": ""48.0""}, {""candidate_id"": ""13458"", ""candidate_name"": ""Lindsey Graham"", ""party"": ""REP"", ""answer"": ""Graham"", ""pct"": ""48.0""}]",false,selected,,Only eligible LV question for this poll/round,,48.0,48.0,0,"[""538-row:1218"", ""538-row:1219""]"
538:2020:6270:70561:131633,538_archive,2020,DE,6270,70561,131633,70561,2020-DE-ordinary-general,2020-DE-ordinary-general,general,Class II,2,11/3/20,2020-11-03,2020-09-21,2020-09-27,LV,lv,lv,847,University of Delaware,false,,Source flags; not independent nonpartisan verification,https://www.udel.edu/udaily/2020/october/poll--democrats-lead-by-big-margins-in-delaware/,4,"[{""candidate_id"": ""14761"", ""candidate_name"": ""Christopher A. Coons"", ""party"": ""DEM"", ""answer"": ""Coons"", ""pct"": ""57.0""}, {""candidate_id"": ""16064"", ""candidate_name"": ""Lauren E. Witzke"", ""party"": ""REP"", ""answer"": ""Witzke"", ""pct"": ""27.0""}, {""candidate_id"": ""15619"", ""candidate_name"": ""Nadine M. Frost"", ""party"": ""LIB"", ""answer"": ""Frost"", ""pct"": ""2.0""}, {""candidate_id"": ""15631"", ""candidate_name"": ""Mark W. Turley"", ""party"": ""IP"", ""answer"": ""Turley"", ""pct"": ""4.0""}]",true,selected,,Only eligible LV question for this poll/round,,57.0,27.0,6.0,"[""538-row:1220"", ""538-row:1221"", ""538-row:1222"", ""538-row:1223""]"
538:2020:6272:70073:130605,538_archive,2020,IA,6272,70073,130605,70073,2020-IA-ordinary-general,2020-IA-ordinary-general,general,Class II,0,11/3/20,2020-11-03,2020-09-23,2020-09-26,LV,lv,lv,780,RABA Research,false,,Source flags; not independent nonpartisan verification,https://who13.com/news/theresa-greenfield-leads-joni-ernst-by-12-points-in-new-poll-of-iowa-voters/,2,"[{""candidate_id"": ""13466"", ""candidate_name"": ""Theresa Greenfield"", ""party"": ""DEM"", ""answer"": ""Greenfield"", ""pct"": ""51.0""}, {""candidate_id"": ""13467"", ""candidate_name"": ""Joni K. Ernst"", ""party"": ""REP"", ""answer"": ""Ernst"", ""pct"": ""39.0""}]",false,selected,,Only eligible LV question for this poll/round,,51.0,39.0,0,"[""538-row:1224"", ""538-row:1225""]"
538:2020:6271:70137:130672,538_archive,2020,GA,6271,70137,130672,70137,2020-GA-ordinary-general,2020-GA-ordinary-general,general,Class II,0,11/3/20,2020-11-03,2020-09-23,2020-09-26,LV,lv,lv,789,Redfield & Wilton Strategies,false,,Source flags; not independent nonpartisan verification,https://redfieldandwiltonstrategies.com/latest-georgia-voting-intention-23-26-september/,2,"[{""candidate_id"": ""14567"", ""candidate_name"": ""Jon Ossoff"", ""party"": ""DEM"", ""answer"": ""Ossoff"", ""pct"": ""47.0""}, {""candidate_id"": ""14568"", ""candidate_name"": ""David A. Perdue"", ""party"": ""REP"", ""answer"": ""Perdue"", ""pct"": ""42.0""}]",false,selected,,Only eligible LV question for this poll/round,,47.0,42.0,0,"[""538-row:1226"", ""538-row:1227""]"
538:2020:7780:70137:130674,538_archive,2020,GA,7780,70137,130674,70137,2020-GA-special-first,2020-GA-special-first,jungle primary,Class III,2,11/3/20,2020-11-03,2020-09-23,2020-09-26,LV,lv,lv,789,Redfield & Wilton Strategies,false,,Source flags; not independent nonpartisan verification,https://redfieldandwiltonstrategies.com/latest-georgia-voting-intention-23-26-september/,4,"[{""candidate_id"": ""14489"", ""candidate_name"": ""Raphael Warnock"", ""party"": ""DEM"", ""answer"": ""Warnock"", ""pct"": ""26.0""}, {""candidate_id"": ""13671"", ""candidate_name"": ""Kelly Loeffler"", ""party"": ""REP"", ""answer"": ""Loeffler"", ""pct"": ""25.0""}, {""candidate_id"": ""13669"", ""candidate_name"": ""Doug Collins"", ""party"": ""REP"", ""answer"": ""Collins"", ""pct"": ""16.0""}, {""candidate_id"": ""13670"", ""candidate_name"": ""Matt Lieberman"", ""party"": ""DEM"", ""answer"": ""Lieberman"", ""pct"": ""16.0""}]",false,selected,,Only eligible LV question for this poll/round,,42.0,41.0,0,"[""538-row:1228"", ""538-row:1229"", ""538-row:1230"", ""538-row:1231""]"
538:2020:6271:69991:130362,538_archive,2020,GA,6271,69991,130362,69991,2020-GA-ordinary-general,2020-GA-ordinary-general,general,Class II,0,11/3/20,2020-11-03,2020-09-22,2020-09-25,LV,lv,lv,1164,YouGov,false,,Source flags; not independent nonpartisan verification,https://www.cbsnews.com/news/trump-biden-opinion-poll-georgia-north-carolina-supreme-court-09-27-2020/,2,"[{""candidate_id"": ""14567"", ""candidate_name"": ""Jon Ossoff"", ""party"": ""DEM"", ""answer"": ""Ossoff"", ""pct"": ""42.0""}, {""candidate_id"": ""14568"", ""candidate_name"": ""David A. Perdue"", ""party"": ""REP"", ""answer"": ""Perdue"", ""pct"": ""47.0""}]",false,selected,,Only eligible LV question for this poll/round,,42.0,47.0,0,"[""538-row:1234"", ""538-row:1235""]"
538:2020:6284:69992:130363,538_archive,2020,NC,6284,69992,130363,69992,2020-NC-ordinary-general,2020-NC-ordinary-general,general,Class II,0,11/3/20,2020-11-03,2020-09-22,2020-09-25,LV,lv,lv,1213,YouGov,false,,Source flags; not independent nonpartisan verification,https://www.cbsnews.com/news/trump-biden-opinion-poll-georgia-north-carolina-supreme-court-09-27-2020/,2,"[{""candidate_id"": ""13468"", ""candidate_name"": ""Cal Cunningham"", ""party"": ""DEM"", ""answer"": ""Cunningham"", ""pct"": ""48.0""}, {""candidate_id"": ""13461"", ""candidate_name"": ""Thomas Roland Tillis"", ""party"": ""REP"", ""answer"": ""Tillis"", ""pct"": ""38.0""}]",false,selected,,Only eligible LV question for this poll/round,,48.0,38.0,0,"[""538-row:1236"", ""538-row:1237""]"
538:2020:6292:69993:130364,538_archive,2020,SC,6292,69993,130364,69993,2020-SC-ordinary-general,2020-SC-ordinary-general,general,Class II,0,11/3/20,2020-11-03,2020-09-22,2020-09-25,LV,lv,lv,1080,YouGov,false,,Source flags; not independent nonpartisan verification,https://www.cbsnews.com/news/trump-biden-opinion-poll-georgia-north-carolina-supreme-court-09-27-2020/,2,"[{""candidate_id"": ""13457"", ""candidate_name"": ""Jaime Harrison"", ""party"": ""DEM"", ""answer"": ""Harrison"", ""pct"": ""44.0""}, {""candidate_id"": ""13458"", ""candidate_name"": ""Lindsey Graham"", ""party"": ""REP"", ""answer"": ""Graham"", ""pct"": ""45.0""}]",false,selected,,Only eligible LV question for this poll/round,,44.0,45.0,0,"[""538-row:1238"", ""538-row:1239""]"
538:2020:6284:70044:130474,538_archive,2020,NC,6284,70044,130474,70044,2020-NC-ordinary-general,2020-NC-ordinary-general,general,Class II,0,11/3/20,2020-11-03,2020-09-18,2020-09-25,LV,lv,lv,921,U. Massachusetts - Lowell,false,,Source flags; not independent nonpartisan verification,https://www.uml.edu/docs/2020-NC-Sept-Topline_tcm18-330590.pdf,2,"[{""candidate_id"": ""13468"", ""candidate_name"": ""Cal Cunningham"", ""party"": ""DEM"", ""answer"": ""Cunningham"", ""pct"": ""49.0""}, {""candidate_id"": ""13461"", ""candidate_name"": ""Thomas Roland Tillis"", ""party"": ""REP"", ""answer"": ""Tillis"", ""pct"": ""43.0""}]",false,selected,,Only eligible LV question for this poll/round,,49.0,43.0,0,"[""538-row:1242"", ""538-row:1243""]"
538:2020:6286:70045:130475,538_archive,2020,NH,6286,70045,130475,70045,2020-NH-ordinary-general,2020-NH-ordinary-general,general,Class II,0,11/3/20,2020-11-03,2020-09-17,2020-09-25,LV,lv,lv,657,U. Massachusetts - Lowell,false,,Source flags; not independent nonpartisan verification,https://www.uml.edu/docs/2020-NH-Sept-Topline_tcm18-330589.pdf,2,"[{""candidate_id"": ""13448"", ""candidate_name"": ""Jeanne Shaheen"", ""party"": ""DEM"", ""answer"": ""Shaheen"", ""pct"": ""56.0""}, {""candidate_id"": ""14492"", ""candidate_name"": ""Bryant Messner"", ""party"": ""REP"", ""answer"": ""Messner"", ""pct"": ""37.0""}]",false,selected,,Only eligible LV question for this poll/round,,56.0,37.0,0,"[""538-row:1246"", ""538-row:1247""]"
538:2020:6281:69978:130318,538_archive,2020,MN,6281,69978,130318,69978,2020-MN-ordinary-general,2020-MN-ordinary-general,general,Class II,2,11/3/20,2020-11-03,2020-09-20,2020-09-24,LV,lv,lv,500,Suffolk,false,,Source flags; not independent nonpartisan verification,https://www.suffolk.edu/-/media/suffolk/documents/academics/research-at-suffolk/suprc/polls/other-states/2020/9_25_2020_marginals_pdftxt.pdf?la=en&hash=EA09FFF4A22FBF2A04A6A5776C86103A990C9C6A,4,"[{""candidate_id"": ""15691"", ""candidate_name"": ""Tina Smith"", ""party"": ""DEM"", ""answer"": ""Smith"", ""pct"": ""44.8""}, {""candidate_id"": ""15692"", ""candidate_name"": ""Jason Lewis"", ""party"": ""REP"", ""answer"": ""Lewis"", ""pct"": ""34.8""}, {""candidate_id"": ""15661"", ""candidate_name"": ""Kevin O'Connor"", ""party"": ""OTH"", ""answer"": ""O'Connor"", ""pct"": ""2.2""}, {""candidate_id"": ""15658"", ""candidate_name"": ""Oliver Steinberg"", ""party"": ""OTH"", ""answer"": ""Steinberg"", ""pct"": ""1.4""}]",true,selected,,Only eligible LV question for this poll/round,,44.8,34.8,3.6,"[""538-row:1251"", ""538-row:1252"", ""538-row:1253"", ""538-row:1254""]"
538:2020:6281:69988:130415,538_archive,2020,MN,6281,69988,130415,69988,2020-MN-ordinary-general,2020-MN-ordinary-general,general,Class II,2,11/3/20,2020-11-03,2020-09-21,2020-09-23,LV,lv,lv,800,Mason-Dixon,false,,Source flags; not independent nonpartisan verification,https://www.startribune.com/minnesota-poll-us-senate-tina-smith-jason-lewis-supreme-court-scotus-trump-ruth-bader-ginsburg-rbg-merrick-garland-amy-coney-barrett/572533201/,2,"[{""candidate_id"": ""15691"", ""candidate_name"": ""Tina Smith"", ""party"": ""DEM"", ""answer"": ""Smith"", ""pct"": ""49.0""}, {""candidate_id"": ""15692"", ""candidate_name"": ""Jason Lewis"", ""party"": ""REP"", ""answer"": ""Lewis"", ""pct"": ""41.0""}]",false,selected,,Only eligible LV question for this poll/round,,49.0,41.0,0,"[""538-row:1255"", ""538-row:1256""]"
538:2020:6279:69967:130302,538_archive,2020,ME,6279,69967,130302,69967,2020-ME-ordinary-general,2020-ME-ordinary-general,general,Class II,2,11/3/20,2020-11-03,2020-09-17,2020-09-23,LV,lv,lv,847,Colby College,false,,Source flags; not independent nonpartisan verification,http://www.colby.edu/government/2020-polling/,4,"[{""candidate_id"": ""13455"", ""candidate_name"": ""Sara I. Gideon"", ""party"": ""DEM"", ""answer"": ""Gideon"", ""pct"": ""45.0""}, {""candidate_id"": ""13456"", ""candidate_name"": ""Susan M. Collins"", ""party"": ""REP"", ""answer"": ""Collins"", ""pct"": ""41.0""}, {""candidate_id"": ""14691"", ""candidate_name"": ""Max Linn"", ""party"": ""IND"", ""answer"": ""Linn"", ""pct"": ""5.0""}, {""candidate_id"": ""14690"", ""candidate_name"": ""Lisa Savage"", ""party"": ""IND"", ""answer"": ""Savage"", ""pct"": ""3.0""}]",true,selected,,Only eligible LV question for this poll/round,,45.0,41.0,8.0,"[""538-row:1263"", ""538-row:1264"", ""538-row:1265"", ""538-row:1266""]"
538:2020:6272:69710:129985,538_archive,2020,IA,6272,69710,129985,69710,2020-IA-ordinary-general,2020-IA-ordinary-general,general,Class II,0,11/3/20,2020-11-03,2020-09-16,2020-09-22,LV,lv,lv,501,Siena College/NYT Upshot,false,,Source flags; not independent nonpartisan verification,https://int.nyt.com/data/documenttools/ga-ia-tx-crosstabs/ca61e64eaef883ac/full.pdf,4,"[{""candidate_id"": ""13466"", ""candidate_name"": ""Theresa Greenfield"", ""party"": ""DEM"", ""answer"": ""Greenfield"", ""pct"": ""42.0""}, {""candidate_id"": ""13467"", ""candidate_name"": ""Joni K. Ernst"", ""party"": ""REP"", ""answer"": ""Ernst"", ""pct"": ""40.0""}, {""candidate_id"": ""15614"", ""candidate_name"": ""Rick Stewart"", ""party"": ""LIB"", ""answer"": ""Stewart"", ""pct"": ""2.0""}, {""candidate_id"": ""15642"", ""candidate_name"": ""Suzanne Herzog"", ""party"": ""IND"", ""answer"": ""Herzog"", ""pct"": ""2.0""}]",true,selected,,Only eligible LV question for this poll/round,,42.0,40.0,4.0,"[""538-row:1285"", ""538-row:1286"", ""538-row:1287"", ""538-row:1288""]"
538:2020:6268:69973:130314,538_archive,2020,AZ,6268,69973,130314,69973,2020-AZ-special-general,2020-AZ-special-general,general,Class III,2,11/3/20,2020-11-03,2020-09-15,2020-09-22,LV,lv,lv,481,Data for Progress,false,,Source flags; not independent nonpartisan verification,https://filesforprogress.org/memos/student-debt-project-electoral.pdf,2,"[{""candidate_id"": ""13445"", ""candidate_name"": ""Mark Kelly"", ""party"": ""DEM"", ""answer"": ""Kelly"", ""pct"": ""47.0""}, {""candidate_id"": ""13446"", ""candidate_name"": ""Martha McSally"", ""party"": ""REP"", ""answer"": ""McSally"", ""pct"": ""38.0""}]",true,selected,,Only eligible LV question for this poll/round,,47.0,38.0,0,"[""538-row:1292"", ""538-row:1293""]"
538:2020:6271:69709:129983,538_archive,2020,GA,6271,69709,129983,69709,2020-GA-ordinary-general,2020-GA-ordinary-general,general,Class II,0,11/3/20,2020-11-03,2020-09-16,2020-09-21,LV,lv,lv,523,Siena College/NYT Upshot,false,,Source flags; not independent nonpartisan verification,https://int.nyt.com/data/documenttools/ga-ia-tx-crosstabs/ca61e64eaef883ac/full.pdf,3,"[{""candidate_id"": ""14567"", ""candidate_name"": ""Jon Ossoff"", ""party"": ""DEM"", ""answer"": ""Ossoff"", ""pct"": ""38.0""}, {""candidate_id"": ""14568"", ""candidate_name"": ""David A. Perdue"", ""party"": ""REP"", ""answer"": ""Perdue"", ""pct"": ""41.0""}, {""candidate_id"": ""14572"", ""candidate_name"": ""Shane Hazel"", ""party"": ""LIB"", ""answer"": ""Hazel"", ""pct"": ""5.0""}]",true,selected,,Only eligible LV question for this poll/round,,38.0,41.0,5.0,"[""538-row:1327"", ""538-row:1328"", ""538-row:1329""]"
538:2020:7780:69709:129984,538_archive,2020,GA,7780,69709,129984,69709,2020-GA-special-first,2020-GA-special-first,jungle primary,Class III,2,11/3/20,2020-11-03,2020-09-16,2020-09-21,LV,lv,lv,523,Siena College/NYT Upshot,false,,Source flags; not independent nonpartisan verification,https://int.nyt.com/data/documenttools/ga-ia-tx-crosstabs/ca61e64eaef883ac/full.pdf,5,"[{""candidate_id"": ""14489"", ""candidate_name"": ""Raphael Warnock"", ""party"": ""DEM"", ""answer"": ""Warnock"", ""pct"": ""19.0""}, {""candidate_id"": ""13671"", ""candidate_name"": ""Kelly Loeffler"", ""party"": ""REP"", ""answer"": ""Loeffler"", ""pct"": ""23.0""}, {""candidate_id"": ""13669"", ""candidate_name"": ""Doug Collins"", ""party"": ""REP"", ""answer"": ""Collins"", ""pct"": ""19.0""}, {""candidate_id"": ""13670"", ""candidate_name"": ""Matt Lieberman"", ""party"": ""DEM"", ""answer"": ""Lieberman"", ""pct"": ""7.0""}, {""candidate_id"": ""14490"", ""candidate_name"": ""Ed Tarver"", ""party"": ""DEM"", ""answer"": ""Tarver"", ""pct"": ""4.0""}]",false,selected,,Only eligible LV question for this poll/round,,30.0,42.0,0,"[""538-row:1330"", ""538-row:1331"", ""538-row:1332"", ""538-row:1333"", ""538-row:1334""]"
538:2020:6296:69713:130001,538_archive,2020,VA,6296,69713,130001,69713,2020-VA-ordinary-general,2020-VA-ordinary-general,general,Class II,2,11/3/20,2020-11-03,2020-09-09,2020-09-21,LV,lv,lv,796,Christopher Newport U.,false,,Source flags; not independent nonpartisan verification,https://cnu.edu/wasoncenter/surveys/2020-09-24/,2,"[{""candidate_id"": ""14760"", ""candidate_name"": ""Mark R. Warner"", ""party"": ""DEM"", ""answer"": ""Warner"", ""pct"": ""52.0""}, {""candidate_id"": ""15688"", ""candidate_name"": ""Daniel M. Gade"", ""party"": ""REP"", ""answer"": ""Gade"", ""pct"": ""39.0""}]",true,selected,,Only eligible LV question for this poll/round,,52.0,39.0,0,"[""538-row:1335"", ""538-row:1336""]"
538:2020:6268:69681:129909,538_archive,2020,AZ,6268,69681,129909,69681,2020-AZ-special-general,2020-AZ-special-general,general,Class III,2,11/3/20,2020-11-03,2020-09-18,2020-09-20,LV,lv,lv,262,Change Research,false,,Source flags; not independent nonpartisan verification,https://changeresearch.com/post/states-of-play-battleground-wave-14/,2,"[{""candidate_id"": ""13445"", ""candidate_name"": ""Mark Kelly"", ""party"": ""DEM"", ""answer"": ""Kelly"", ""pct"": ""51.0""}, {""candidate_id"": ""13446"", ""candidate_name"": ""Martha McSally"", ""party"": ""REP"", ""answer"": ""McSally"", ""pct"": ""43.0""}]",true,selected,,Only eligible LV question for this poll/round,,51.0,43.0,0,"[""538-row:1337"", ""538-row:1338""]"
538:2020:6284:69684:129911,538_archive,2020,NC,6284,69684,129911,69684,2020-NC-ordinary-general,2020-NC-ordinary-general,general,Class II,0,11/3/20,2020-11-03,2020-09-18,2020-09-20,LV,lv,lv,579,Change Research,false,,Source flags; not independent nonpartisan verification,https://changeresearch.com/post/states-of-play-battleground-wave-14/,2,"[{""candidate_id"": ""13468"", ""candidate_name"": ""Cal Cunningham"", ""party"": ""DEM"", ""answer"": ""Cunningham"", ""pct"": ""48.0""}, {""candidate_id"": ""13461"", ""candidate_name"": ""Thomas Roland Tillis"", ""party"": ""REP"", ""answer"": ""Tillis"", ""pct"": ""43.0""}]",false,selected,,Only eligible LV question for this poll/round,,48.0,43.0,0,"[""538-row:1341"", ""538-row:1342""]"
538:2020:6284:69650:129853,538_archive,2020,NC,6284,69650,129853,69650,2020-NC-ordinary-general,2020-NC-ordinary-general,general,Class II,0,11/3/20,2020-11-03,2020-09-17,2020-09-20,LV,lv,lv,612,Harper Polling,false,,Source flags; not independent nonpartisan verification,https://www.nccivitas.org/polling/cunninghams-lead-tillis-grows-election-nears/,4,"[{""candidate_id"": ""13468"", ""candidate_name"": ""Cal Cunningham"", ""party"": ""DEM"", ""answer"": ""Cunningham"", ""pct"": ""44.0""}, {""candidate_id"": ""13461"", ""candidate_name"": ""Thomas Roland Tillis"", ""party"": ""REP"", ""answer"": ""Tillis"", ""pct"": ""38.0""}, {""candidate_id"": ""14557"", ""candidate_name"": ""Shannon W. Bray"", ""party"": ""LIB"", ""answer"": ""Bray"", ""pct"": ""2.0""}, {""candidate_id"": ""14558"", ""candidate_name"": ""Kevin Eugene Hayes"", ""party"": ""CON"", ""answer"": ""Hayes"", ""pct"": ""3.0""}]",true,selected,,Only eligible LV question for this poll/round,,44.0,38.0,5.0,"[""538-row:1351"", ""538-row:1352"", ""538-row:1353"", ""538-row:1354""]"
538:2020:6289:69956:130278,538_archive,2020,OK,6289,69956,130278,69956,2020-OK-ordinary-general,2020-OK-ordinary-general,general,Class II,0,11/3/20,2020-11-03,2020-09-17,2020-09-20,LV,lv,lv,500,Amber Integrated,false,,Source flags; not independent nonpartisan verification,https://projects.fivethirtyeight.com/polls/20200924_OK.pdf,5,"[{""candidate_id"": ""14510"", ""candidate_name"": ""Abby Broyles"", ""party"": ""DEM"", ""answer"": ""Broyles"", ""pct"": ""30.0""}, {""candidate_id"": ""14511"", ""candidate_name"": ""James M. Inhofe"", ""party"": ""REP"", ""answer"": ""Inhofe"", ""pct"": ""46.0""}, {""candidate_id"": ""15609"", ""candidate_name"": ""Robert Murphy"", ""party"": ""LIB"", ""answer"": ""Murphy"", ""pct"": ""2.0""}, {""candidate_id"": ""15612"", ""candidate_name"": ""Joan E. Farr"", ""party"": ""IND"", ""answer"": ""Farr"", ""pct"": ""1.0""}, {""candidate_id"": ""15668"", ""candidate_name"": ""A. D. Nesbit"", ""party"": ""IND"", ""answer"": ""Nesbit"", ""pct"": ""2.0""}]",true,selected,,Only eligible LV question for this poll/round,,30.0,46.0,5.0,"[""538-row:1355"", ""538-row:1356"", ""538-row:1357"", ""538-row:1358"", ""538-row:1359""]"
538:2020:6268:69675:129896,538_archive,2020,AZ,6268,69675,129896,69675,2020-AZ-special-general,2020-AZ-special-general,general,Class III,2,11/3/20,2020-11-03,2020-09-15,2020-09-20,LV,lv,lv,579,ABC News,false,,Source flags; not independent nonpartisan verification,https://www.washingtonpost.com/context/sept-15-20-2020-florida-and-arizona-washington-post-abc-news-polls/48276797-3b93-4ab2-835b-ed2fcdc8581e/,2,"[{""candidate_id"": ""13445"", ""candidate_name"": ""Mark Kelly"", ""party"": ""DEM"", ""answer"": ""Kelly"", ""pct"": ""49.0""}, {""candidate_id"": ""13446"", ""candidate_name"": ""Martha McSally"", ""party"": ""REP"", ""answer"": ""McSally"", ""pct"": ""48.0""}]",true,selected,,Only eligible LV question for this poll/round,,49.0,48.0,0,"[""538-row:1362"", ""538-row:1363""]"
538:2020:6292:69637:129832,538_archive,2020,SC,6292,69637,129832,69637,2020-SC-ordinary-general,2020-SC-ordinary-general,general,Class II,0,11/3/20,2020-11-03,2020-09-11,2020-09-20,LV,lv,lv,764,Morning Consult,false,,Source flags; not independent nonpartisan verification,https://morningconsult.com/2020/09/22/majority-makers-south-carolina-senate-harrison-graham/,2,"[{""candidate_id"": ""13457"", ""candidate_name"": ""Jaime Harrison"", ""party"": ""DEM"", ""answer"": ""Harrison"", ""pct"": ""45.0""}, {""candidate_id"": ""13458"", ""candidate_name"": ""Lindsey Graham"", ""party"": ""REP"", ""answer"": ""Graham"", ""pct"": ""46.0""}]",false,selected,,Only eligible LV question for this poll/round,,45.0,46.0,0,"[""538-row:1364"", ""538-row:1365""]"
538:2020:6284:69638:129830,538_archive,2020,NC,6284,69638,129830,69638,2020-NC-ordinary-general,2020-NC-ordinary-general,general,Class II,0,11/3/20,2020-11-03,2020-09-11,2020-09-20,LV,lv,lv,1604,Morning Consult,false,,Source flags; not independent nonpartisan verification,https://morningconsult.com/2020/09/22/majority-makers-south-carolina-senate-harrison-graham/,2,"[{""candidate_id"": ""13468"", ""candidate_name"": ""Cal Cunningham"", ""party"": ""DEM"", ""answer"": ""Cunningham"", ""pct"": ""47.0""}, {""candidate_id"": ""13461"", ""candidate_name"": ""Thomas Roland Tillis"", ""party"": ""REP"", ""answer"": ""Tillis"", ""pct"": ""38.0""}]",false,selected,,Only eligible LV question for this poll/round,,47.0,38.0,0,"[""538-row:1366"", ""538-row:1367""]"
538:2020:6268:69639:129831,538_archive,2020,AZ,6268,69639,129831,69639,2020-AZ-special-general,2020-AZ-special-general,general,Class III,2,11/3/20,2020-11-03,2020-09-11,2020-09-20,LV,lv,lv,907,Morning Consult,false,,Source flags; not independent nonpartisan verification,https://morningconsult.com/2020/09/22/majority-makers-south-carolina-senate-harrison-graham/,2,"[{""candidate_id"": ""13445"", ""candidate_name"": ""Mark Kelly"", ""party"": ""DEM"", ""answer"": ""Kelly"", ""pct"": ""49.0""}, {""candidate_id"": ""13446"", ""candidate_name"": ""Martha McSally"", ""party"": ""REP"", ""answer"": ""McSally"", ""pct"": ""40.0""}]",true,selected,,Only eligible LV question for this poll/round,,49.0,40.0,0,"[""538-row:1368"", ""538-row:1369""]"
538:2020:6266:69643:129836,538_archive,2020,AL,6266,69643,129836,69643,2020-AL-ordinary-general,2020-AL-ordinary-general,general,Class II,0,11/3/20,2020-11-03,2020-09-11,2020-09-20,LV,lv,lv,658,Morning Consult,false,,Source flags; not independent nonpartisan verification,https://morningconsult.com/2020/09/22/majority-makers-south-carolina-senate-harrison-graham/,2,"[{""candidate_id"": ""13612"", ""candidate_name"": ""Gordon Douglas Jones"", ""party"": ""DEM"", ""answer"": ""Jones"", ""pct"": ""34.0""}, {""candidate_id"": ""13614"", ""candidate_name"": ""Tommy Tuberville"", ""party"": ""REP"", ""answer"": ""Tuberville"", ""pct"": ""52.0""}]",true,selected,,Only eligible LV question for this poll/round,,34.0,52.0,0,"[""538-row:1376"", ""538-row:1377""]"
538:2020:6271:69644:129837,538_archive,2020,GA,6271,69644,129837,69644,2020-GA-ordinary-general,2020-GA-ordinary-general,general,Class II,0,11/3/20,2020-11-03,2020-09-11,2020-09-20,LV,lv,lv,1406,Morning Consult,false,,Source flags; not independent nonpartisan verification,https://morningconsult.com/2020/09/22/majority-makers-south-carolina-senate-harrison-graham/,2,"[{""candidate_id"": ""14567"", ""candidate_name"": ""Jon Ossoff"", ""party"": ""DEM"", ""answer"": ""Ossoff"", ""pct"": ""44.0""}, {""candidate_id"": ""14568"", ""candidate_name"": ""David A. Perdue"", ""party"": ""REP"", ""answer"": ""Perdue"", ""pct"": ""43.0""}]",false,selected,,Only eligible LV question for this poll/round,,44.0,43.0,0,"[""538-row:1378"", ""538-row:1379""]"
538:2020:6269:69645:129838,538_archive,2020,CO,6269,69645,129838,69645,2020-CO-ordinary-general,2020-CO-ordinary-general,general,Class II,0,11/3/20,2020-11-03,2020-09-11,2020-09-20,LV,lv,lv,613,Morning Consult,false,,Source flags; not independent nonpartisan verification,https://morningconsult.com/2020/09/22/majority-makers-south-carolina-senate-harrison-graham/,2,"[{""candidate_id"": ""13474"", ""candidate_name"": ""John Wright Hickenlooper"", ""party"": ""DEM"", ""answer"": ""Hickenlooper"", ""pct"": ""49.0""}, {""candidate_id"": ""13475"", ""candidate_name"": ""Cory Gardner"", ""party"": ""REP"", ""answer"": ""Gardner"", ""pct"": ""42.0""}]",false,selected,,Only eligible LV question for this poll/round,,49.0,42.0,0,"[""538-row:1380"", ""538-row:1381""]"
538:2020:6271:69646:129840,538_archive,2020,GA,6271,69646,129840,69646,2020-GA-ordinary-general,2020-GA-ordinary-general,general,Class II,0,11/3/20,2020-11-03,2020-09-11,2020-09-20,LV,lv,lv,1150,U. Georgia SPIA,false,,Source flags; not independent nonpartisan verification,https://www.ajc.com/politics/ajc-poll-race-for-president-senate-contests-in-georgia-too-close-to-call/FCIZO2M5ZNH2XAQBRMAXJLFQVE/,3,"[{""candidate_id"": ""14567"", ""candidate_name"": ""Jon Ossoff"", ""party"": ""DEM"", ""answer"": ""Ossoff"", ""pct"": ""44.6""}, {""candidate_id"": ""14568"", ""candidate_name"": ""David A. Perdue"", ""party"": ""REP"", ""answer"": ""Perdue"", ""pct"": ""47.0""}, {""candidate_id"": ""14572"", ""candidate_name"": ""Shane Hazel"", ""party"": ""LIB"", ""answer"": ""Hazel"", ""pct"": ""3.6""}]",true,selected,,Only eligible LV question for this poll/round,,44.6,47.0,3.6,"[""538-row:1382"", ""538-row:1383"", ""538-row:1384""]"
538:2020:7780:69646:129841,538_archive,2020,GA,7780,69646,129841,69646,2020-GA-special-first,2020-GA-special-first,jungle primary,Class III,2,11/3/20,2020-11-03,2020-09-11,2020-09-20,LV,lv,lv,1150,U. Georgia SPIA,false,,Source flags; not independent nonpartisan verification,https://www.ajc.com/politics/ajc-poll-race-for-president-senate-contests-in-georgia-too-close-to-call/FCIZO2M5ZNH2XAQBRMAXJLFQVE/,6,"[{""candidate_id"": ""14489"", ""candidate_name"": ""Raphael Warnock"", ""party"": ""DEM"", ""answer"": ""Warnock"", ""pct"": ""20.3""}, {""candidate_id"": ""13671"", ""candidate_name"": ""Kelly Loeffler"", ""party"": ""REP"", ""answer"": ""Loeffler"", ""pct"": ""23.5""}, {""candidate_id"": ""13669"", ""candidate_name"": ""Doug Collins"", ""party"": ""REP"", ""answer"": ""Collins"", ""pct"": ""20.5""}, {""candidate_id"": ""13670"", ""candidate_name"": ""Matt Lieberman"", ""party"": ""DEM"", ""answer"": ""Lieberman"", ""pct"": ""10.6""}, {""candidate_id"": ""14490"", ""candidate_name"": ""Ed Tarver"", ""party"": ""DEM"", ""answer"": ""Tarver"", ""pct"": ""4.6""}, {""candidate_id"": ""14549"", ""candidate_name"": ""Brian Richard Slowinski"", ""party"": ""LIB"", ""answer"": ""Slowinski"", ""pct"": ""2.9""}]",false,selected,,Only eligible LV question for this poll/round,,35.5,44.0,2.9,"[""538-row:1385"", ""538-row:1386"", ""538-row:1387"", ""538-row:1388"", ""538-row:1389"", ""538-row:1390""]"
538:2020:6284:69570:129809,538_archive,2020,NC,6284,69570,129809,69570,2020-NC-ordinary-general,2020-NC-ordinary-general,general,Class II,0,11/3/20,2020-11-03,2020-09-16,2020-09-18,LV,lv,lv,717,Emerson College Polling Society,false,,Source flags; not independent nonpartisan verification,https://emersonpolling.reportablenews.com/pr/north-carolina-2020-biden-and-trump-in-dead-heat,2,"[{""candidate_id"": ""13468"", ""candidate_name"": ""Cal Cunningham"", ""party"": ""DEM"", ""answer"": ""Cunningham"", ""pct"": ""48.93""}, {""candidate_id"": ""13461"", ""candidate_name"": ""Thomas Roland Tillis"", ""party"": ""REP"", ""answer"": ""Tillis"", ""pct"": ""42.97""}]",false,selected,,Only eligible LV question for this poll/round,,48.93,42.97,0,"[""538-row:1418"", ""538-row:1419""]"
538:2020:6272:69560:129593,538_archive,2020,IA,6272,69560,129593,69560,2020-IA-ordinary-general,2020-IA-ordinary-general,general,Class II,0,11/3/20,2020-11-03,2020-09-14,2020-09-17,LV,lv,lv,658,Selzer,false,,Source flags; not independent nonpartisan verification,https://assets.documentcloud.org/documents/7213769/Senate-Story-2224-Iowa-Poll-Sep-2020-Methodology.pdf,2,"[{""candidate_id"": ""13466"", ""candidate_name"": ""Theresa Greenfield"", ""party"": ""DEM"", ""answer"": ""Greenfield"", ""pct"": ""45.0""}, {""candidate_id"": ""13467"", ""candidate_name"": ""Joni K. Ernst"", ""party"": ""REP"", ""answer"": ""Ernst"", ""pct"": ""42.0""}]",false,selected,,Only eligible LV question for this poll/round,,45.0,42.0,0,"[""538-row:1424"", ""538-row:1425""]"
538:2020:6281:69567:129613,538_archive,2020,MN,6281,69567,129613,69567,2020-MN-ordinary-general,2020-MN-ordinary-general,general,Class II,2,11/3/20,2020-11-03,2020-09-12,2020-09-17,LV,lv,lv,718,Redfield & Wilton Strategies,false,,Source flags; not independent nonpartisan verification,https://redfieldandwiltonstrategies.com/latest-georgia-and-minnesota-voting-intention-12-17-september/,2,"[{""candidate_id"": ""15691"", ""candidate_name"": ""Tina Smith"", ""party"": ""DEM"", ""answer"": ""Smith"", ""pct"": ""51.0""}, {""candidate_id"": ""15692"", ""candidate_name"": ""Jason Lewis"", ""party"": ""REP"", ""answer"": ""Lewis"", ""pct"": ""36.0""}]",false,selected,,Only eligible LV question for this poll/round,,51.0,36.0,0,"[""538-row:1426"", ""538-row:1427""]"
538:2020:6268:70764:132383,538_archive,2020,AZ,6268,70764,132383,70764,2020-AZ-special-general,2020-AZ-special-general,general,Class III,2,11/3/20,2020-11-03,2020-09-08,2020-09-17,LV,lv,lv,900,Morning Consult,false,,Source flags; not independent nonpartisan verification,https://morningconsult.com/2020/10/13/senate-graham-harrison-supreme-court-polling/,2,"[{""candidate_id"": ""13445"", ""candidate_name"": ""Mark Kelly"", ""party"": ""DEM"", ""answer"": ""Kelly"", ""pct"": ""48.15""}, {""candidate_id"": ""13446"", ""candidate_name"": ""Martha McSally"", ""party"": ""REP"", ""answer"": ""McSally"", ""pct"": ""40.9""}]",true,selected,,Only eligible LV question for this poll/round,,48.15,40.9,0,"[""538-row:1428"", ""538-row:1429""]"
538:2020:6269:70765:132384,538_archive,2020,CO,6269,70765,132384,70765,2020-CO-ordinary-general,2020-CO-ordinary-general,general,Class II,0,11/3/20,2020-11-03,2020-09-08,2020-09-17,LV,lv,lv,599,Morning Consult,false,,Source flags; not independent nonpartisan verification,https://morningconsult.com/2020/10/13/senate-graham-harrison-supreme-court-polling/,2,"[{""candidate_id"": ""13474"", ""candidate_name"": ""John Wright Hickenlooper"", ""party"": ""DEM"", ""answer"": ""Hickenlooper"", ""pct"": ""45.82""}, {""candidate_id"": ""13475"", ""candidate_name"": ""Cory Gardner"", ""party"": ""REP"", ""answer"": ""Gardner"", ""pct"": ""43.61""}]",false,selected,,Only eligible LV question for this poll/round,,45.82,43.61,0,"[""538-row:1430"", ""538-row:1431""]"
538:2020:6271:70766:132385,538_archive,2020,GA,6271,70766,132385,70766,2020-GA-ordinary-general,2020-GA-ordinary-general,general,Class II,0,11/3/20,2020-11-03,2020-09-08,2020-09-17,LV,lv,lv,1402,Morning Consult,false,,Source flags; not independent nonpartisan verification,https://morningconsult.com/2020/10/13/senate-graham-harrison-supreme-court-polling/,2,"[{""candidate_id"": ""14567"", ""candidate_name"": ""Jon Ossoff"", ""party"": ""DEM"", ""answer"": ""Ossoff"", ""pct"": ""42.63""}, {""candidate_id"": ""14568"", ""candidate_name"": ""David A. Perdue"", ""party"": ""REP"", ""answer"": ""Perdue"", ""pct"": ""43.15""}]",false,selected,,Only eligible LV question for this poll/round,,42.63,43.15,0,"[""538-row:1432"", ""538-row:1433""]"
538:2020:6284:70768:132387,538_archive,2020,NC,6284,70768,132387,70768,2020-NC-ordinary-general,2020-NC-ordinary-general,general,Class II,0,11/3/20,2020-11-03,2020-09-08,2020-09-17,LV,lv,lv,1664,Morning Consult,false,,Source flags; not independent nonpartisan verification,https://morningconsult.com/2020/10/13/senate-graham-harrison-supreme-court-polling/,2,"[{""candidate_id"": ""13468"", ""candidate_name"": ""Cal Cunningham"", ""party"": ""DEM"", ""answer"": ""Cunningham"", ""pct"": ""45.56""}, {""candidate_id"": ""13461"", ""candidate_name"": ""Thomas Roland Tillis"", ""party"": ""REP"", ""answer"": ""Tillis"", ""pct"": ""39.11""}]",false,selected,,Only eligible LV question for this poll/round,,45.56,39.11,0,"[""538-row:1436"", ""538-row:1437""]"
538:2020:6292:70769:132388,538_archive,2020,SC,6292,70769,132388,70769,2020-SC-ordinary-general,2020-SC-ordinary-general,general,Class II,0,11/3/20,2020-11-03,2020-09-08,2020-09-17,LV,lv,lv,782,Morning Consult,false,,Source flags; not independent nonpartisan verification,https://morningconsult.com/2020/10/13/senate-graham-harrison-supreme-court-polling/,2,"[{""candidate_id"": ""13457"", ""candidate_name"": ""Jaime Harrison"", ""party"": ""DEM"", ""answer"": ""Harrison"", ""pct"": ""45.59""}, {""candidate_id"": ""13458"", ""candidate_name"": ""Lindsey Graham"", ""party"": ""REP"", ""answer"": ""Graham"", ""pct"": ""44.9""}]",false,selected,,Only eligible LV question for this poll/round,,45.59,44.9,0,"[""538-row:1438"", ""538-row:1439""]"
538:2020:6268:69542:129567,538_archive,2020,AZ,6268,69542,129567,69542,2020-AZ-special-general,2020-AZ-special-general,general,Class III,2,11/3/20,2020-11-03,2020-09-12,2020-09-16,LV,lv,lv,855,Redfield & Wilton Strategies,false,,Source flags; not independent nonpartisan verification,https://redfieldandwiltonstrategies.com/latest-usa-swing-state-senate-and-governor-voting-intention-12-16-september/,2,"[{""candidate_id"": ""13445"", ""candidate_name"": ""Mark Kelly"", ""party"": ""DEM"", ""answer"": ""Kelly"", ""pct"": ""52.0""}, {""candidate_id"": ""13446"", ""candidate_name"": ""Martha McSally"", ""party"": ""REP"", ""answer"": ""McSally"", ""pct"": ""35.0""}]",true,selected,,Only eligible LV question for this poll/round,,52.0,35.0,0,"[""538-row:1457"", ""538-row:1458""]"
538:2020:6271:69566:129611,538_archive,2020,GA,6271,69566,129611,69566,2020-GA-ordinary-general,2020-GA-ordinary-general,general,Class II,0,11/3/20,2020-11-03,2020-09-12,2020-09-16,LV,lv,lv,800,Redfield & Wilton Strategies,false,,Source flags; not independent nonpartisan verification,https://redfieldandwiltonstrategies.com/latest-georgia-and-minnesota-voting-intention-12-17-september/,2,"[{""candidate_id"": ""14567"", ""candidate_name"": ""Jon Ossoff"", ""party"": ""DEM"", ""answer"": ""Ossoff"", ""pct"": ""43.0""}, {""candidate_id"": ""14568"", ""candidate_name"": ""David A. Perdue"", ""party"": ""REP"", ""answer"": ""Perdue"", ""pct"": ""43.0""}]",false,selected,,Only eligible LV question for this poll/round,,43.0,43.0,0,"[""538-row:1459"", ""538-row:1460""]"
538:2020:7780:69566:129612,538_archive,2020,GA,7780,69566,129612,69566,2020-GA-special-first,2020-GA-special-first,jungle primary,Class III,2,11/3/20,2020-11-03,2020-09-12,2020-09-16,LV,lv,lv,800,Redfield & Wilton Strategies,false,,Source flags; not independent nonpartisan verification,https://redfieldandwiltonstrategies.com/latest-georgia-and-minnesota-voting-intention-12-17-september/,4,"[{""candidate_id"": ""14489"", ""candidate_name"": ""Raphael Warnock"", ""party"": ""DEM"", ""answer"": ""Warnock"", ""pct"": ""21.0""}, {""candidate_id"": ""13671"", ""candidate_name"": ""Kelly Loeffler"", ""party"": ""REP"", ""answer"": ""Loeffler"", ""pct"": ""26.0""}, {""candidate_id"": ""13669"", ""candidate_name"": ""Doug Collins"", ""party"": ""REP"", ""answer"": ""Collins"", ""pct"": ""19.0""}, {""candidate_id"": ""13670"", ""candidate_name"": ""Matt Lieberman"", ""party"": ""DEM"", ""answer"": ""Lieberman"", ""pct"": ""15.0""}]",false,selected,,Only eligible LV question for this poll/round,,36.0,45.0,0,"[""538-row:1461"", ""538-row:1462"", ""538-row:1463"", ""538-row:1464""]"
538:2020:6279:69524:129534,538_archive,2020,ME,6279,69524,129534,69524,2020-ME-ordinary-general,2020-ME-ordinary-general,general,Class II,2,11/3/20,2020-11-03,2020-09-11,2020-09-16,LV,lv,lv,663,Siena College/NYT Upshot,false,,Source flags; not independent nonpartisan verification,https://twitter.com/Nate_Cohn/status/1306901222843187200,4,"[{""candidate_id"": ""13455"", ""candidate_name"": ""Sara I. Gideon"", ""party"": ""DEM"", ""answer"": ""Gideon"", ""pct"": ""44.0""}, {""candidate_id"": ""13456"", ""candidate_name"": ""Susan M. Collins"", ""party"": ""REP"", ""answer"": ""Collins"", ""pct"": ""40.0""}, {""candidate_id"": ""14691"", ""candidate_name"": ""Max Linn"", ""party"": ""IND"", ""answer"": ""Linn"", ""pct"": ""2.0""}, {""candidate_id"": ""14690"", ""candidate_name"": ""Lisa Savage"", ""party"": ""IND"", ""answer"": ""Savage"", ""pct"": ""2.0""}]",true,selected,,Unique full-ballot LV question (Decision 013),,44.0,40.0,4.0,"[""538-row:1467"", ""538-row:1468"", ""538-row:1469"", ""538-row:1470""]"
538:2020:6284:69525:129512,538_archive,2020,NC,6284,69525,129512,69525,2020-NC-ordinary-general,2020-NC-ordinary-general,general,Class II,0,11/3/20,2020-11-03,2020-09-11,2020-09-16,LV,lv,lv,653,Siena College/NYT Upshot,false,,Source flags; not independent nonpartisan verification,https://int.nyt.com/data/documenttools/az-me-nc-0920-crosstabs/72d074246b272695/full.pdf,4,"[{""candidate_id"": ""13468"", ""candidate_name"": ""Cal Cunningham"", ""party"": ""DEM"", ""answer"": ""Cunningham"", ""pct"": ""42.0""}, {""candidate_id"": ""13461"", ""candidate_name"": ""Thomas Roland Tillis"", ""party"": ""REP"", ""answer"": ""Tillis"", ""pct"": ""37.0""}, {""candidate_id"": ""14557"", ""candidate_name"": ""Shannon W. Bray"", ""party"": ""LIB"", ""answer"": ""Bray"", ""pct"": ""2.0""}, {""candidate_id"": ""14558"", ""candidate_name"": ""Kevin Eugene Hayes"", ""party"": ""CON"", ""answer"": ""Hayes"", ""pct"": ""1.0""}]",true,selected,,Only eligible LV question for this poll/round,,42.0,37.0,3.0,"[""538-row:1471"", ""538-row:1472"", ""538-row:1473"", ""538-row:1474""]"
538:2020:6284:69662:129869,538_archive,2020,NC,6284,69662,129869,69662,2020-NC-ordinary-general,2020-NC-ordinary-general,general,Class II,0,11/3/20,2020-11-03,2020-09-11,2020-09-16,LV,lv,lv,586,Ipsos,false,,Source flags; not independent nonpartisan verification,https://www.ipsos.com/sites/default/files/ct/news/documents/2020-09/topline_reuters_north_carolina_state_poll_w1_09_22_2020.pdf,2,"[{""candidate_id"": ""13468"", ""candidate_name"": ""Cal Cunningham"", ""party"": ""DEM"", ""answer"": ""Cunningham"", ""pct"": ""48.0""}, {""candidate_id"": ""13461"", ""candidate_name"": ""Thomas Roland Tillis"", ""party"": ""REP"", ""answer"": ""Tillis"", ""pct"": ""44.0""}]",false,selected,,Only eligible LV question for this poll/round,,48.0,44.0,0,"[""538-row:1477"", ""538-row:1478""]"
538:2020:6268:69698:129957,538_archive,2020,AZ,6268,69698,129957,69698,2020-AZ-special-general,2020-AZ-special-general,general,Class III,2,11/3/20,2020-11-03,2020-09-11,2020-09-16,LV,lv,lv,565,Ipsos,false,,Source flags; not independent nonpartisan verification,https://www.ipsos.com/sites/default/files/ct/news/documents/2020-09/topline_reuters_arizona_state_poll_w1_09_23_2020.pdf,2,"[{""candidate_id"": ""13445"", ""candidate_name"": ""Mark Kelly"", ""party"": ""DEM"", ""answer"": ""Kelly"", ""pct"": ""50.0""}, {""candidate_id"": ""13446"", ""candidate_name"": ""Martha McSally"", ""party"": ""REP"", ""answer"": ""McSally"", ""pct"": ""41.0""}]",true,selected,,Only eligible LV question for this poll/round,,50.0,41.0,0,"[""538-row:1479"", ""538-row:1480""]"
538:2020:6284:69545:129569,538_archive,2020,NC,6284,69545,129569,69545,2020-NC-ordinary-general,2020-NC-ordinary-general,general,Class II,0,11/3/20,2020-11-03,2020-09-12,2020-09-15,LV,lv,lv,1092,Redfield & Wilton Strategies,false,,Source flags; not independent nonpartisan verification,https://redfieldandwiltonstrategies.com/latest-usa-swing-state-senate-and-governor-voting-intention-12-16-september/,2,"[{""candidate_id"": ""13468"", ""candidate_name"": ""Cal Cunningham"", ""party"": ""DEM"", ""answer"": ""Cunningham"", ""pct"": ""49.0""}, {""candidate_id"": ""13461"", ""candidate_name"": ""Thomas Roland Tillis"", ""party"": ""REP"", ""answer"": ""Tillis"", ""pct"": ""38.0""}]",false,selected,,Only eligible LV question for this poll/round,,49.0,38.0,0,"[""538-row:1481"", ""538-row:1482""]"
538:2020:6268:69523:129510,538_archive,2020,AZ,6268,69523,129510,69523,2020-AZ-special-general,2020-AZ-special-general,general,Class III,2,11/3/20,2020-11-03,2020-09-10,2020-09-15,LV,lv,lv,653,Siena College/NYT Upshot,false,,Source flags; not independent nonpartisan verification,https://int.nyt.com/data/documenttools/az-me-nc-0920-crosstabs/72d074246b272695/full.pdf,2,"[{""candidate_id"": ""13445"", ""candidate_name"": ""Mark Kelly"", ""party"": ""DEM"", ""answer"": ""Kelly"", ""pct"": ""50.0""}, {""candidate_id"": ""13446"", ""candidate_name"": ""Martha McSally"", ""party"": ""REP"", ""answer"": ""McSally"", ""pct"": ""42.0""}]",true,selected,,Only eligible LV question for this poll/round,,50.0,42.0,0,"[""538-row:1489"", ""538-row:1490""]"
538:2020:6284:69504:129475,538_archive,2020,NC,6284,69504,129475,69504,2020-NC-ordinary-general,2020-NC-ordinary-general,general,Class II,0,11/3/20,2020-11-03,2020-09-11,2020-09-14,LV,lv,lv,500,Suffolk,false,,Source flags; not independent nonpartisan verification,https://www.suffolk.edu/-/media/suffolk/documents/academics/research-at-suffolk/suprc/polls/other-states/2020/9_17_2020_final_marginals_pdftxt.pdf,4,"[{""candidate_id"": ""13468"", ""candidate_name"": ""Cal Cunningham"", ""party"": ""DEM"", ""answer"": ""Cunningham"", ""pct"": ""41.6""}, {""candidate_id"": ""13461"", ""candidate_name"": ""Thomas Roland Tillis"", ""party"": ""REP"", ""answer"": ""Tillis"", ""pct"": ""37.8""}, {""candidate_id"": ""14557"", ""candidate_name"": ""Shannon W. Bray"", ""party"": ""LIB"", ""answer"": ""Bray"", ""pct"": ""5.8""}, {""candidate_id"": ""14558"", ""candidate_name"": ""Kevin Eugene Hayes"", ""party"": ""CON"", ""answer"": ""Hayes"", ""pct"": ""1.6""}]",true,selected,,Only eligible LV question for this poll/round,,41.6,37.8,7.4,"[""538-row:1495"", ""538-row:1496"", ""538-row:1497"", ""538-row:1498""]"
538:2020:6279:69488:129449,538_archive,2020,ME,6279,69488,129449,69488,2020-ME-ordinary-general,2020-ME-ordinary-general,general,Class II,2,11/3/20,2020-11-03,2020-09-10,2020-09-14,LV,lv,lv,1183,Quinnipiac,false,,Source flags; not independent nonpartisan verification,https://poll.qu.edu/Poll-Release?releaseid=3798,2,"[{""candidate_id"": ""13455"", ""candidate_name"": ""Sara I. Gideon"", ""party"": ""DEM"", ""answer"": ""Gideon"", ""pct"": ""54.0""}, {""candidate_id"": ""13456"", ""candidate_name"": ""Susan M. Collins"", ""party"": ""REP"", ""answer"": ""Collins"", ""pct"": ""42.0""}]",false,selected,,Only eligible LV question for this poll/round,,54.0,42.0,0,"[""538-row:1501"", ""538-row:1502""]"
538:2020:6292:69491:129450,538_archive,2020,SC,6292,69491,129450,69491,2020-SC-ordinary-general,2020-SC-ordinary-general,general,Class II,0,11/3/20,2020-11-03,2020-09-10,2020-09-14,LV,lv,lv,969,Quinnipiac,false,,Source flags; not independent nonpartisan verification,https://poll.qu.edu/Poll-Release?releaseid=3798,2,"[{""candidate_id"": ""13457"", ""candidate_name"": ""Jaime Harrison"", ""party"": ""DEM"", ""answer"": ""Harrison"", ""pct"": ""48.0""}, {""candidate_id"": ""13458"", ""candidate_name"": ""Lindsey Graham"", ""party"": ""REP"", ""answer"": ""Graham"", ""pct"": ""48.0""}]",false,selected,,Only eligible LV question for this poll/round,,48.0,48.0,0,"[""538-row:1503"", ""538-row:1504""]"
538:2020:6284:69444:129339,538_archive,2020,NC,6284,69444,129339,69444,2020-NC-ordinary-general,2020-NC-ordinary-general,general,Class II,0,11/3/20,2020-11-03,2020-09-10,2020-09-13,LV,lv,lv,596,SurveyUSA,false,,Source flags; not independent nonpartisan verification,http://www.surveyusa.com/client/PollReport.aspx?g=a2f5b7cf-37da-40e4-9dad-921d655242b8,2,"[{""candidate_id"": ""13468"", ""candidate_name"": ""Cal Cunningham"", ""party"": ""DEM"", ""answer"": ""Cunningham"", ""pct"": ""47.0""}, {""candidate_id"": ""13461"", ""candidate_name"": ""Thomas Roland Tillis"", ""party"": ""REP"", ""answer"": ""Tillis"", ""pct"": ""40.0""}]",false,selected,,Only eligible LV question for this poll/round,,47.0,40.0,0,"[""538-row:1505"", ""538-row:1506""]"
538:2020:6284:69462:129374,538_archive,2020,NC,6284,69462,129374,69462,2020-NC-ordinary-general,2020-NC-ordinary-general,general,Class II,0,11/3/20,2020-11-03,2020-09-09,2020-09-13,LV,lv,lv,787,SSRS,false,,Source flags; not independent nonpartisan verification,https://cdn.cnn.com/cnn/2020/images/09/15/rel1_nc.pdf,4,"[{""candidate_id"": ""13468"", ""candidate_name"": ""Cal Cunningham"", ""party"": ""DEM"", ""answer"": ""Cunningham"", ""pct"": ""47.0""}, {""candidate_id"": ""13461"", ""candidate_name"": ""Thomas Roland Tillis"", ""party"": ""REP"", ""answer"": ""Tillis"", ""pct"": ""46.0""}, {""candidate_id"": ""14557"", ""candidate_name"": ""Shannon W. Bray"", ""party"": ""LIB"", ""answer"": ""Bray"", ""pct"": ""3.0""}, {""candidate_id"": ""14558"", ""candidate_name"": ""Kevin Eugene Hayes"", ""party"": ""CON"", ""answer"": ""Hayes"", ""pct"": ""1.0""}]",true,selected,,Only eligible LV question for this poll/round,,47.0,46.0,4.0,"[""538-row:1513"", ""538-row:1514"", ""538-row:1515"", ""538-row:1516""]"
538:2020:6268:69420:129281,538_archive,2020,AZ,6268,69420,129281,69420,2020-AZ-special-general,2020-AZ-special-general,general,Class III,2,11/3/20,2020-11-03,2020-09-10,2020-09-11,LV,lv,lv,684,Gravis Marketing,false,,Source flags; not independent nonpartisan verification,https://gravismarketing.com/wp-content/uploads/2020/09/Arizona-September-11-2020.pdf,2,"[{""candidate_id"": ""13445"", ""candidate_name"": ""Mark Kelly"", ""party"": ""DEM"", ""answer"": ""Kelly"", ""pct"": ""48.0""}, {""candidate_id"": ""13446"", ""candidate_name"": ""Martha McSally"", ""party"": ""REP"", ""answer"": ""McSally"", ""pct"": ""43.0""}]",true,selected,,Only eligible LV question for this poll/round,,48.0,43.0,0,"[""538-row:1521"", ""538-row:1522""]"
538:2020:6268:69423:129305,538_archive,2020,AZ,6268,69423,129305,69423,2020-AZ-special-general,2020-AZ-special-general,general,Class III,2,11/3/20,2020-11-03,2020-09-09,2020-09-11,LV,lv,lv,1102,YouGov,false,,Source flags; not independent nonpartisan verification,https://drive.google.com/file/d/1hr0WLAZhvP2k_BOL7sRwEifQgu2JAOTU/view,2,"[{""candidate_id"": ""13445"", ""candidate_name"": ""Mark Kelly"", ""party"": ""DEM"", ""answer"": ""Kelly"", ""pct"": ""49.0""}, {""candidate_id"": ""13446"", ""candidate_name"": ""Martha McSally"", ""party"": ""REP"", ""answer"": ""McSally"", ""pct"": ""42.0""}]",true,selected,,Only eligible LV question for this poll/round,,49.0,42.0,0,"[""538-row:1523"", ""538-row:1524""]"
538:2020:6281:69424:129306,538_archive,2020,MN,6281,69424,129306,69424,2020-MN-ordinary-general,2020-MN-ordinary-general,general,Class II,2,11/3/20,2020-11-03,2020-09-09,2020-09-11,LV,lv,lv,1031,YouGov,false,,Source flags; not independent nonpartisan verification,https://drive.google.com/file/d/1HgXF5rfA2yev5hD6mi4sCVgTmof3XPJ4/view,2,"[{""candidate_id"": ""15691"", ""candidate_name"": ""Tina Smith"", ""party"": ""DEM"", ""answer"": ""Smith"", ""pct"": ""47.0""}, {""candidate_id"": ""15692"", ""candidate_name"": ""Jason Lewis"", ""party"": ""REP"", ""answer"": ""Lewis"", ""pct"": ""40.0""}]",false,selected,,Only eligible LV question for this poll/round,,47.0,40.0,0,"[""538-row:1525"", ""538-row:1526""]"
538:2020:6281:69416:129279,538_archive,2020,MN,6281,69416,129279,69416,2020-MN-ordinary-general,2020-MN-ordinary-general,general,Class II,2,11/3/20,2020-11-03,2020-09-08,2020-09-10,LV,lv,lv,814,Siena College/NYT Upshot,false,,Source flags; not independent nonpartisan verification,https://int.nyt.com/data/documenttools/crosstabs-mn-nh-nv-wi/aefa3a3ec36370e9/full.pdf,2,"[{""candidate_id"": ""15691"", ""candidate_name"": ""Tina Smith"", ""party"": ""DEM"", ""answer"": ""Smith"", ""pct"": ""49.0""}, {""candidate_id"": ""15692"", ""candidate_name"": ""Jason Lewis"", ""party"": ""REP"", ""answer"": ""Lewis"", ""pct"": ""40.0""}]",false,selected,,Only eligible LV question for this poll/round,,49.0,40.0,0,"[""538-row:1531"", ""538-row:1532""]"
538:2020:6268:69429:129406,538_archive,2020,AZ,6268,69429,129406,69429,2020-AZ-special-general,2020-AZ-special-general,general,Class III,2,11/3/20,2020-11-03,2020-09-08,2020-09-10,LV,lv,lv,600,OH Predictive Insights / MBQF,false,,Source flags; not independent nonpartisan verification,https://f.hubspotusercontent40.net/hubfs/7453540/200908%20AZPOP/AZPOP%20Crosstabs%20-%20Senate.pdf,2,"[{""candidate_id"": ""13445"", ""candidate_name"": ""Mark Kelly"", ""party"": ""DEM"", ""answer"": ""Kelly"", ""pct"": ""52.0""}, {""candidate_id"": ""13446"", ""candidate_name"": ""Martha McSally"", ""party"": ""REP"", ""answer"": ""McSally"", ""pct"": ""42.0""}]",true,selected,,Only eligible LV question for this poll/round,,52.0,42.0,0,"[""538-row:1533"", ""538-row:1534""]"
538:2020:6284:69408:129263,538_archive,2020,NC,6284,69408,129263,69408,2020-NC-ordinary-general,2020-NC-ordinary-general,general,Class II,0,11/3/20,2020-11-03,2020-09-07,2020-09-08,LV,lv,lv,1000,Rasmussen (Pulse Opinion Research),false,,Source flags; not independent nonpartisan verification,https://www.rasmussenreports.com/public_content/politics/elections/election_2020/north_carolina_senate_cunningham_d_47_tillis_r_44,2,"[{""candidate_id"": ""13468"", ""candidate_name"": ""Cal Cunningham"", ""party"": ""DEM"", ""answer"": ""Cunningham"", ""pct"": ""46.55""}, {""candidate_id"": ""13461"", ""candidate_name"": ""Thomas Roland Tillis"", ""party"": ""REP"", ""answer"": ""Tillis"", ""pct"": ""43.82""}]",false,selected,,Only eligible LV question for this poll/round,,46.55,43.82,0,"[""538-row:1535"", ""538-row:1536""]"
538:2020:6289:68569:128392,538_archive,2020,OK,6289,68569,128392,68569,2020-OK-ordinary-general,2020-OK-ordinary-general,general,Class II,0,11/3/20,2020-11-03,2020-09-02,2020-09-08,LV,lv,lv,486,SoonerPoll.com,false,,Source flags; not independent nonpartisan verification,https://d3nbrdofkhtiou.cloudfront.net/kwtv/production/2020/September/10/news-9--news-on-6-general-election-poll.1599771666459.pdf,5,"[{""candidate_id"": ""14510"", ""candidate_name"": ""Abby Broyles"", ""party"": ""DEM"", ""answer"": ""Broyles"", ""pct"": ""32.8""}, {""candidate_id"": ""14511"", ""candidate_name"": ""James M. Inhofe"", ""party"": ""REP"", ""answer"": ""Inhofe"", ""pct"": ""57.3""}, {""candidate_id"": ""15609"", ""candidate_name"": ""Robert Murphy"", ""party"": ""LIB"", ""answer"": ""Murphy"", ""pct"": ""2.3""}, {""candidate_id"": ""15612"", ""candidate_name"": ""Joan E. Farr"", ""party"": ""IND"", ""answer"": ""Farr"", ""pct"": ""1.2""}, {""candidate_id"": ""15668"", ""candidate_name"": ""A. D. Nesbit"", ""party"": ""IND"", ""answer"": ""Nesbit"", ""pct"": ""0.0""}]",true,selected,,Only eligible LV question for this poll/round,,32.8,57.3,3.5,"[""538-row:1537"", ""538-row:1538"", ""538-row:1539"", ""538-row:1540"", ""538-row:1541""]"
538:2020:6284:68576:128403,538_archive,2020,NC,6284,68576,128403,68576,2020-NC-ordinary-general,2020-NC-ordinary-general,general,Class II,0,11/3/20,2020-11-03,2020-08-28,2020-09-08,LV,lv,lv,1600,Benenson Strategy Group/GS Strategy Group,false,,Source flags; not independent nonpartisan verification,https://www.aarp.org/content/dam/aarp/research/surveys_statistics/politics/2020/2020-election-battleground-states-presidential-election-north-carolina-topline.doi.10.26419-2Fres.00401.008.pdf,4,"[{""candidate_id"": ""13468"", ""candidate_name"": ""Cal Cunningham"", ""party"": ""DEM"", ""answer"": ""Cunningham"", ""pct"": ""42.0""}, {""candidate_id"": ""13461"", ""candidate_name"": ""Thomas Roland Tillis"", ""party"": ""REP"", ""answer"": ""Tillis"", ""pct"": ""39.0""}, {""candidate_id"": ""14557"", ""candidate_name"": ""Shannon W. Bray"", ""party"": ""LIB"", ""answer"": ""Bray"", ""pct"": ""5.0""}, {""candidate_id"": ""14558"", ""candidate_name"": ""Kevin Eugene Hayes"", ""party"": ""CON"", ""answer"": ""Hayes"", ""pct"": ""1.0""}]",true,selected,,Only eligible LV question for this poll/round,,42.0,39.0,6.0,"[""538-row:1542"", ""538-row:1543"", ""538-row:1544"", ""538-row:1545""]"
538:2020:6268:68584:128419,538_archive,2020,AZ,6268,68584,128419,68584,2020-AZ-special-general,2020-AZ-special-general,general,Class III,2,11/3/20,2020-11-03,2020-08-28,2020-09-08,LV,lv,lv,1600,Benenson Strategy Group/GS Strategy Group,false,,Source flags; not independent nonpartisan verification,https://www.aarp.org/content/dam/aarp/research/surveys_statistics/politics/2020/2020-election-battleground-states-presidential-election-arizona-topline.doi.10.26419-2Fres.00401.002.pdf,2,"[{""candidate_id"": ""13445"", ""candidate_name"": ""Mark Kelly"", ""party"": ""DEM"", ""answer"": ""Kelly"", ""pct"": ""48.0""}, {""candidate_id"": ""13446"", ""candidate_name"": ""Martha McSally"", ""party"": ""REP"", ""answer"": ""McSally"", ""pct"": ""45.0""}]",true,selected,,Only eligible LV question for this poll/round,,48.0,45.0,0,"[""538-row:1551"", ""538-row:1552""]"
538:2020:6281:68565:128383,538_archive,2020,MN,6281,68565,128383,68565,2020-MN-ordinary-general,2020-MN-ordinary-general,general,Class II,2,11/3/20,2020-11-03,2020-09-04,2020-09-07,LV,lv,lv,553,SurveyUSA,false,,Source flags; not independent nonpartisan verification,http://www.surveyusa.com/client/PollReport.aspx?g=cc902191-9d67-498a-aa9c-d59233e2c85b,2,"[{""candidate_id"": ""15691"", ""candidate_name"": ""Tina Smith"", ""party"": ""DEM"", ""answer"": ""Smith"", ""pct"": ""46.6""}, {""candidate_id"": ""15692"", ""candidate_name"": ""Jason Lewis"", ""party"": ""REP"", ""answer"": ""Lewis"", ""pct"": ""35.7""}]",false,selected,,Only eligible LV question for this poll/round,,46.6,35.7,0,"[""538-row:1555"", ""538-row:1556""]"
538:2020:6279:69410:129267,538_archive,2020,ME,6279,69410,129267,69410,2020-ME-ordinary-general,2020-ME-ordinary-general,general,Class II,2,11/3/20,2020-11-03,2020-09-04,2020-09-07,LV,lv,lv,600,Citizen Data,false,,Source flags; not independent nonpartisan verification,https://projects.fivethirtyeight.com/polls/20200911_ME.pdf,4,"[{""candidate_id"": ""13455"", ""candidate_name"": ""Sara I. Gideon"", ""party"": ""DEM"", ""answer"": ""Gideon"", ""pct"": ""48.95""}, {""candidate_id"": ""13456"", ""candidate_name"": ""Susan M. Collins"", ""party"": ""REP"", ""answer"": ""Collins"", ""pct"": ""40.82""}, {""candidate_id"": ""14691"", ""candidate_name"": ""Max Linn"", ""party"": ""IND"", ""answer"": ""Linn"", ""pct"": ""0.28""}, {""candidate_id"": ""14690"", ""candidate_name"": ""Lisa Savage"", ""party"": ""IND"", ""answer"": ""Savage"", ""pct"": ""1.43""}]",true,selected,,Only eligible LV question for this poll/round,,48.95,40.82,1.71,"[""538-row:1557"", ""538-row:1558"", ""538-row:1559"", ""538-row:1560""]"
538:2020:6296:69467:129385,538_archive,2020,VA,6296,69467,129385,69467,2020-VA-ordinary-general,2020-VA-ordinary-general,general,Class II,2,11/3/20,2020-11-03,2020-08-28,2020-09-07,LV,lv,lv,693,Virginia Commonwealth U.,false,,Source flags; not independent nonpartisan verification,https://oppo.vcu.edu/media/oppo/September2020Release1final.pdf,2,"[{""candidate_id"": ""14760"", ""candidate_name"": ""Mark R. Warner"", ""party"": ""DEM"", ""answer"": ""Warner"", ""pct"": ""55.0""}, {""candidate_id"": ""15688"", ""candidate_name"": ""Daniel M. Gade"", ""party"": ""REP"", ""answer"": ""Gade"", ""pct"": ""38.0""}]",true,selected,,Only eligible LV question for this poll/round,,55.0,38.0,0,"[""538-row:1561"", ""538-row:1562""]"
538:2020:6268:68533:128359,538_archive,2020,AZ,6268,68533,128359,68533,2020-AZ-special-general,2020-AZ-special-general,general,Class III,2,11/3/20,2020-11-03,2020-09-04,2020-09-06,LV,lv,lv,470,Change Research,false,,Source flags; not independent nonpartisan verification,https://changeresearch.com/post/states-of-play-battleground-wave-13/,2,"[{""candidate_id"": ""13445"", ""candidate_name"": ""Mark Kelly"", ""party"": ""DEM"", ""answer"": ""Kelly"", ""pct"": ""51.0""}, {""candidate_id"": ""13446"", ""candidate_name"": ""Martha McSally"", ""party"": ""REP"", ""answer"": ""McSally"", ""pct"": ""45.0""}]",true,selected,,Only eligible LV question for this poll/round,,51.0,45.0,0,"[""538-row:1563"", ""538-row:1564""]"
538:2020:6284:68536:128361,538_archive,2020,NC,6284,68536,128361,68536,2020-NC-ordinary-general,2020-NC-ordinary-general,general,Class II,0,11/3/20,2020-11-03,2020-09-04,2020-09-06,LV,lv,lv,442,Change Research,false,,Source flags; not independent nonpartisan verification,https://changeresearch.com/post/states-of-play-battleground-wave-13/,2,"[{""candidate_id"": ""13468"", ""candidate_name"": ""Cal Cunningham"", ""party"": ""DEM"", ""answer"": ""Cunningham"", ""pct"": ""51.0""}, {""candidate_id"": ""13461"", ""candidate_name"": ""Thomas Roland Tillis"", ""party"": ""REP"", ""answer"": ""Tillis"", ""pct"": ""44.0""}]",false,selected,,Only eligible LV question for this poll/round,,51.0,44.0,0,"[""538-row:1567"", ""538-row:1568""]"
538:2020:6283:68577:128413,538_archive,2020,MT,6283,68577,128413,68577,2020-MT-ordinary-general,2020-MT-ordinary-general,general,Class II,2,11/3/20,2020-11-03,2020-08-30,2020-09-05,LV,lv,lv,800,Fabrizio Ward/Hart Research Associates,false,,Source flags; not independent nonpartisan verification,https://www.aarp.org/content/dam/aarp/research/surveys_statistics/politics/2020/2020-election-battleground-states-senate-montana-annotated-questionnaire.doi.10.26419-2Fres.00401.022.pdf,2,"[{""candidate_id"": ""14517"", ""candidate_name"": ""Steve Bullock"", ""party"": ""DEM"", ""answer"": ""Bullock"", ""pct"": ""47.0""}, {""candidate_id"": ""14518"", ""candidate_name"": ""Steve Daines"", ""party"": ""REP"", ""answer"": ""Daines"", ""pct"": ""50.0""}]",true,selected,,Only eligible LV question for this poll/round,,47.0,50.0,0,"[""538-row:1569"", ""538-row:1570""]"
538:2020:6269:68579:128415,538_archive,2020,CO,6269,68579,128415,68579,2020-CO-ordinary-general,2020-CO-ordinary-general,general,Class II,0,11/3/20,2020-11-03,2020-08-30,2020-09-05,LV,lv,lv,800,Fabrizio Ward/Hart Research Associates,false,,Source flags; not independent nonpartisan verification,https://www.aarp.org/content/dam/aarp/research/surveys_statistics/politics/2020/2020-election-battleground-states-senate-colorado-annotated-questionnaire.doi.10.26419-2Fres.00401.014.pdf,2,"[{""candidate_id"": ""13474"", ""candidate_name"": ""John Wright Hickenlooper"", ""party"": ""DEM"", ""answer"": ""Hickenlooper"", ""pct"": ""51.0""}, {""candidate_id"": ""13475"", ""candidate_name"": ""Cory Gardner"", ""party"": ""REP"", ""answer"": ""Gardner"", ""pct"": ""46.0""}]",false,selected,,Only eligible LV question for this poll/round,,51.0,46.0,0,"[""538-row:1576"", ""538-row:1577""]"
538:2020:6271:68583:128417,538_archive,2020,GA,6271,68583,128417,68583,2020-GA-ordinary-general,2020-GA-ordinary-general,general,Class II,0,11/3/20,2020-11-03,2020-08-30,2020-09-05,LV,lv,lv,800,Fabrizio Ward/Hart Research Associates,false,,Source flags; not independent nonpartisan verification,https://www.aarp.org/content/dam/aarp/research/surveys_statistics/politics/2020/2020-election-battleground-states-senate-georgia-annotated-questionnaire.doi.10.26419-2Fres.00401.016.pdf,2,"[{""candidate_id"": ""14567"", ""candidate_name"": ""Jon Ossoff"", ""party"": ""DEM"", ""answer"": ""Ossoff"", ""pct"": ""48.0""}, {""candidate_id"": ""14568"", ""candidate_name"": ""David A. Perdue"", ""party"": ""REP"", ""answer"": ""Perdue"", ""pct"": ""47.0""}]",false,selected,,Only eligible LV question for this poll/round,,48.0,47.0,0,"[""538-row:1578"", ""538-row:1579""]"
538:2020:7780:68583:128418,538_archive,2020,GA,7780,68583,128418,68583,2020-GA-special-first,2020-GA-special-first,jungle primary,Class III,2,11/3/20,2020-11-03,2020-08-30,2020-09-05,LV,lv,lv,800,Fabrizio Ward/Hart Research Associates,false,,Source flags; not independent nonpartisan verification,https://www.aarp.org/content/dam/aarp/research/surveys_statistics/politics/2020/2020-election-battleground-states-senate-georgia-annotated-questionnaire.doi.10.26419-2Fres.00401.016.pdf,5,"[{""candidate_id"": ""14489"", ""candidate_name"": ""Raphael Warnock"", ""party"": ""DEM"", ""answer"": ""Warnock"", ""pct"": ""19.0""}, {""candidate_id"": ""13671"", ""candidate_name"": ""Kelly Loeffler"", ""party"": ""REP"", ""answer"": ""Loeffler"", ""pct"": ""24.0""}, {""candidate_id"": ""13669"", ""candidate_name"": ""Doug Collins"", ""party"": ""REP"", ""answer"": ""Collins"", ""pct"": ""20.0""}, {""candidate_id"": ""13670"", ""candidate_name"": ""Matt Lieberman"", ""party"": ""DEM"", ""answer"": ""Lieberman"", ""pct"": ""10.0""}, {""candidate_id"": ""14490"", ""candidate_name"": ""Ed Tarver"", ""party"": ""DEM"", ""answer"": ""Tarver"", ""pct"": ""7.0""}]",false,selected,,Only eligible LV question for this poll/round,,36.0,44.0,0,"[""538-row:1580"", ""538-row:1581"", ""538-row:1582"", ""538-row:1583"", ""538-row:1584""]"
538:2020:6272:68585:128420,538_archive,2020,IA,6272,68585,128420,68585,2020-IA-ordinary-general,2020-IA-ordinary-general,general,Class II,0,11/3/20,2020-11-03,2020-08-30,2020-09-05,LV,lv,lv,800,Fabrizio Ward/Hart Research Associates,false,,Source flags; not independent nonpartisan verification,https://www.aarp.org/content/dam/aarp/research/surveys_statistics/politics/2020/2020-election-battleground-states-senate-iowa-annotated-questionnaire.doi.10.26419-2Fres.00401.018.pdf,2,"[{""candidate_id"": ""13466"", ""candidate_name"": ""Theresa Greenfield"", ""party"": ""DEM"", ""answer"": ""Greenfield"", ""pct"": ""45.0""}, {""candidate_id"": ""13467"", ""candidate_name"": ""Joni K. Ernst"", ""party"": ""REP"", ""answer"": ""Ernst"", ""pct"": ""50.0""}]",false,selected,,Only eligible LV question for this poll/round,,45.0,50.0,0,"[""538-row:1585"", ""538-row:1586""]"
538:2020:6268:68520:128373,538_archive,2020,AZ,6268,68520,128373,68520,2020-AZ-special-general,2020-AZ-special-general,general,Class III,2,11/3/20,2020-11-03,2020-08-30,2020-09-04,LV,lv,lv,830,Redfield & Wilton Strategies,false,,Source flags; not independent nonpartisan verification,https://redfieldandwiltonstrategies.com/latest-usa-swing-state-senate-and-governor-voting-intention-30-august-to-4-september/,2,"[{""candidate_id"": ""13445"", ""candidate_name"": ""Mark Kelly"", ""party"": ""DEM"", ""answer"": ""Kelly"", ""pct"": ""53.0""}, {""candidate_id"": ""13446"", ""candidate_name"": ""Martha McSally"", ""party"": ""REP"", ""answer"": ""McSally"", ""pct"": ""38.0""}]",true,selected,,Only eligible LV question for this poll/round,,53.0,38.0,0,"[""538-row:1589"", ""538-row:1590""]"
538:2020:6284:68523:128375,538_archive,2020,NC,6284,68523,128375,68523,2020-NC-ordinary-general,2020-NC-ordinary-general,general,Class II,0,11/3/20,2020-11-03,2020-08-30,2020-09-03,LV,lv,lv,951,Redfield & Wilton Strategies,false,,Source flags; not independent nonpartisan verification,https://redfieldandwiltonstrategies.com/latest-usa-swing-state-senate-and-governor-voting-intention-30-august-to-4-september/,2,"[{""candidate_id"": ""13468"", ""candidate_name"": ""Cal Cunningham"", ""party"": ""DEM"", ""answer"": ""Cunningham"", ""pct"": ""47.0""}, {""candidate_id"": ""13461"", ""candidate_name"": ""Thomas Roland Tillis"", ""party"": ""REP"", ""answer"": ""Tillis"", ""pct"": ""37.0""}]",false,selected,,Only eligible LV question for this poll/round,,47.0,37.0,0,"[""538-row:1599"", ""538-row:1600""]"
538:2020:6288:68491:128236,538_archive,2020,NM,6288,68491,128236,68491,2020-NM-ordinary-general,2020-NM-ordinary-general,general,Class II,2,11/3/20,2020-11-03,2020-08-26,2020-09-02,LV,lv,lv,1123,Research & Polling,false,,Source flags; not independent nonpartisan verification,https://www.abqjournal.com/1493963/journal-poll-lujan-leads-ronchetti-in-us-senate-race.html,3,"[{""candidate_id"": ""13626"", ""candidate_name"": ""Ben Ray Luj\u00e1n"", ""party"": ""DEM"", ""answer"": ""Lujan"", ""pct"": ""49.0""}, {""candidate_id"": ""14622"", ""candidate_name"": ""Mark V. Ronchetti"", ""party"": ""REP"", ""answer"": ""Ronchetti"", ""pct"": ""40.0""}, {""candidate_id"": ""15617"", ""candidate_name"": ""Bob Walsh"", ""party"": ""LIB"", ""answer"": ""Walsh"", ""pct"": ""4.0""}]",true,selected,,Only eligible LV question for this poll/round,,49.0,40.0,4.0,"[""538-row:1626"", ""538-row:1627"", ""538-row:1628""]"
538:2020:6268:68338:128023,538_archive,2020,AZ,6268,68338,128023,68338,2020-AZ-special-general,2020-AZ-special-general,general,Class III,2,11/3/20,2020-11-03,2020-08-29,2020-09-01,LV,lv,lv,772,Beacon Research/Shaw & Company,false,,Source flags; not independent nonpartisan verification,https://static.foxnews.com/foxnews.com/content/uploads/2020/09/Arizona.pdf,2,"[{""candidate_id"": ""13445"", ""candidate_name"": ""Mark Kelly"", ""party"": ""DEM"", ""answer"": ""Kelly"", ""pct"": ""56.0""}, {""candidate_id"": ""13446"", ""candidate_name"": ""Martha McSally"", ""party"": ""REP"", ""answer"": ""McSally"", ""pct"": ""39.0""}]",true,selected,,Only eligible LV question for this poll/round,,56.0,39.0,0,"[""538-row:1633"", ""538-row:1634""]"
538:2020:6284:68339:128025,538_archive,2020,NC,6284,68339,128025,68339,2020-NC-ordinary-general,2020-NC-ordinary-general,general,Class II,0,11/3/20,2020-11-03,2020-08-29,2020-09-01,LV,lv,lv,722,Beacon Research/Shaw & Company,false,,Source flags; not independent nonpartisan verification,https://static.foxnews.com/foxnews.com/content/uploads/2020/09/North-Carolina.pdf,4,"[{""candidate_id"": ""13468"", ""candidate_name"": ""Cal Cunningham"", ""party"": ""DEM"", ""answer"": ""Cunningham"", ""pct"": ""48.0""}, {""candidate_id"": ""13461"", ""candidate_name"": ""Thomas Roland Tillis"", ""party"": ""REP"", ""answer"": ""Tillis"", ""pct"": ""42.0""}, {""candidate_id"": ""14558"", ""candidate_name"": ""Kevin Eugene Hayes"", ""party"": ""CON"", ""answer"": ""Hayes"", ""pct"": ""1.0""}, {""candidate_id"": ""14557"", ""candidate_name"": ""Shannon W. Bray"", ""party"": ""LIB"", ""answer"": ""Bray"", ""pct"": ""3.0""}]",true,selected,,Only eligible LV question for this poll/round,,48.0,42.0,4.0,"[""538-row:1639"", ""538-row:1640"", ""538-row:1641"", ""538-row:1642""]"
538:2020:6273:68502:128247,538_archive,2020,ID,6273,68502,128247,68502,2020-ID-ordinary-general,2020-ID-ordinary-general,general,Class II,0,11/3/20,2020-11-03,2020-08-29,2020-09-01,LV,lv,lv,600,Spry Strategies,false,,Source flags; not independent nonpartisan verification,https://static1.squarespace.com/static/5f232ea74d8342386a7ebc52/t/5f65037ae7d6bd2940e970b9/1600455548013/Statewide_Idaho_8.25.20-Survey_Results-Smart_Charts.pdf,2,"[{""candidate_id"": ""15618"", ""candidate_name"": ""Paulette E. Jordan"", ""party"": ""DEM"", ""answer"": ""Jordan"", ""pct"": ""27.72""}, {""candidate_id"": ""14766"", ""candidate_name"": ""James E. Risch"", ""party"": ""REP"", ""answer"": ""Risch"", ""pct"": ""53.36""}]",false,selected,,Only eligible LV question for this poll/round,,27.72,53.36,0,"[""538-row:1651"", ""538-row:1652""]"
538:2020:6286:68334:128014,538_archive,2020,NH,6286,68334,128014,68334,2020-NH-ordinary-general,2020-NH-ordinary-general,general,Class II,0,11/3/20,2020-11-03,2020-08-28,2020-09-01,LV,lv,lv,1889,U. New Hampshire,false,,Source flags; not independent nonpartisan verification,https://scholars.unh.edu/cgi/viewcontent.cgi?article=1605&context=survey_center_polls,3,"[{""candidate_id"": ""13448"", ""candidate_name"": ""Jeanne Shaheen"", ""party"": ""DEM"", ""answer"": ""Shaheen"", ""pct"": ""54.0""}, {""candidate_id"": ""14492"", ""candidate_name"": ""Bryant Messner"", ""party"": ""REP"", ""answer"": ""Messner"", ""pct"": ""36.0""}, {""candidate_id"": ""15620"", ""candidate_name"": ""Justin F. O'Donnell"", ""party"": ""LIB"", ""answer"": ""O'Donnell"", ""pct"": ""3.0""}]",true,selected,,Only eligible LV question for this poll/round,,54.0,36.0,3.0,"[""538-row:1653"", ""538-row:1654"", ""538-row:1655""]"
538:2020:6284:68307:127934,538_archive,2020,NC,6284,68307,127934,68307,2020-NC-ordinary-general,2020-NC-ordinary-general,general,Class II,0,11/3/20,2020-11-03,2020-08-29,2020-08-30,LV,lv,lv,1101,East Carolina University,false,,Source flags; not independent nonpartisan verification,https://surveyresearch-ecu.reportablenews.com/pr/ecu-poll-of-likely-voters-in-north-carolina-trump-leads-biden-by-two-points-tillis-and-cunningham-tied-cooper-leads-forest-by-ten-points-other-statewide-races-competitive,2,"[{""candidate_id"": ""13468"", ""candidate_name"": ""Cal Cunningham"", ""party"": ""DEM"", ""answer"": ""Cunningham"", ""pct"": ""44.1""}, {""candidate_id"": ""13461"", ""candidate_name"": ""Thomas Roland Tillis"", ""party"": ""REP"", ""answer"": ""Tillis"", ""pct"": ""43.6""}]",false,selected,,Only eligible LV question for this poll/round,,44.1,43.6,0,"[""538-row:1663"", ""538-row:1664""]"
538:2020:6282:69580:129668,538_archive,2020,MS,6282,69580,129668,69580,2020-MS-ordinary-general,2020-MS-ordinary-general,general,Class II,2,11/3/20,2020-11-03,2020-08-28,2020-08-30,LV,lv,lv,600,The Tyson Group,false,,Source flags; not independent nonpartisan verification,https://projects.fivethirtyeight.com/polls/20200921_MS.pdf,2,"[{""candidate_id"": ""13651"", ""candidate_name"": ""Mike Espy"", ""party"": ""DEM"", ""answer"": ""Espy"", ""pct"": ""40.0""}, {""candidate_id"": ""13652"", ""candidate_name"": ""Cindy Hyde-Smith"", ""party"": ""REP"", ""answer"": ""Hyde-Smith"", ""pct"": ""41.0""}]",false,selected,,Only eligible LV question for this poll/round,,40.0,41.0,0,"[""538-row:1665"", ""538-row:1666""]"
538:2020:6269:68291:128178,538_archive,2020,CO,6269,68291,128178,68291,2020-CO-ordinary-general,2020-CO-ordinary-general,general,Class II,0,11/3/20,2020-11-03,2020-08-21,2020-08-30,LV,lv,lv,638,Morning Consult,false,,Source flags; not independent nonpartisan verification,https://morningconsult.com/2020/09/03/majority-makers-colorado-senate-hickenlooper-gardner/,2,"[{""candidate_id"": ""13474"", ""candidate_name"": ""John Wright Hickenlooper"", ""party"": ""DEM"", ""answer"": ""Hickenlooper"", ""pct"": ""48.0""}, {""candidate_id"": ""13475"", ""candidate_name"": ""Cory Gardner"", ""party"": ""REP"", ""answer"": ""Gardner"", ""pct"": ""39.0""}]",false,selected,,Only eligible LV question for this poll/round,,48.0,39.0,0,"[""538-row:1667"", ""538-row:1668""]"
538:2020:6284:68207:127748,538_archive,2020,NC,6284,68207,127748,68207,2020-NC-ordinary-general,2020-NC-ordinary-general,general,Class II,0,11/3/20,2020-11-03,2020-08-21,2020-08-23,LV,lv,lv,560,Change Research,false,,Source flags; not independent nonpartisan verification,https://changeresearch.com/post/states-of-play-battleground-wave-12/,2,"[{""candidate_id"": ""13468"", ""candidate_name"": ""Cal Cunningham"", ""party"": ""DEM"", ""answer"": ""Cunningham"", ""pct"": ""52.0""}, {""candidate_id"": ""13461"", ""candidate_name"": ""Thomas Roland Tillis"", ""party"": ""REP"", ""answer"": ""Tillis"", ""pct"": ""42.0""}]",false,selected,,Only eligible LV question for this poll/round,,52.0,42.0,0,"[""538-row:1691"", ""538-row:1692""]"
538:2020:6284:68178:127698,538_archive,2020,NC,6284,68178,127698,68178,2020-NC-ordinary-general,2020-NC-ordinary-general,general,Class II,0,11/3/20,2020-11-03,2020-08-14,2020-08-23,LV,lv,lv,1541,Morning Consult,false,,Source flags; not independent nonpartisan verification,https://morningconsult.com/2020/08/24/majority-makers-north-carolina-senate-cunningham-tillis/,2,"[{""candidate_id"": ""13468"", ""candidate_name"": ""Cal Cunningham"", ""party"": ""DEM"", ""answer"": ""Cunningham"", ""pct"": ""47.0""}, {""candidate_id"": ""13461"", ""candidate_name"": ""Thomas Roland Tillis"", ""party"": ""REP"", ""answer"": ""Tillis"", ""pct"": ""39.0""}]",false,selected,,Only eligible LV question for this poll/round,,47.0,39.0,0,"[""538-row:1693"", ""538-row:1694""]"
538:2020:6296:68212:127755,538_archive,2020,VA,6296,68212,127755,68212,2020-VA-ordinary-general,2020-VA-ordinary-general,general,Class II,2,11/3/20,2020-11-03,2020-08-09,2020-08-22,LV,lv,lv,566,Roanoke College,false,,Source flags; not independent nonpartisan verification,https://www.roanoke.edu/about/news/rc_poll_politics_aug_2020,2,"[{""candidate_id"": ""14760"", ""candidate_name"": ""Mark R. Warner"", ""party"": ""DEM"", ""answer"": ""Warner"", ""pct"": ""55.0""}, {""candidate_id"": ""15688"", ""candidate_name"": ""Daniel M. Gade"", ""party"": ""REP"", ""answer"": ""Gade"", ""pct"": ""34.0""}]",true,selected,,Only eligible LV question for this poll/round,,55.0,34.0,0,"[""538-row:1697"", ""538-row:1698""]"
538:2020:6268:68153:127661,538_archive,2020,AZ,6268,68153,127661,68153,2020-AZ-special-general,2020-AZ-special-general,general,Class III,2,11/3/20,2020-11-03,2020-08-16,2020-08-18,LV,lv,lv,856,Redfield & Wilton Strategies,false,,Source flags; not independent nonpartisan verification,https://redfieldandwiltonstrategies.com/latest-usa-swing-state-senate-and-governor-voting-intention-16-to-19-august/,2,"[{""candidate_id"": ""13445"", ""candidate_name"": ""Mark Kelly"", ""party"": ""DEM"", ""answer"": ""Kelly"", ""pct"": ""53.0""}, {""candidate_id"": ""13446"", ""candidate_name"": ""Martha McSally"", ""party"": ""REP"", ""answer"": ""McSally"", ""pct"": ""34.0""}]",true,selected,,Only eligible LV question for this poll/round,,53.0,34.0,0,"[""538-row:1701"", ""538-row:1702""]"
538:2020:6284:68156:127663,538_archive,2020,NC,6284,68156,127663,68156,2020-NC-ordinary-general,2020-NC-ordinary-general,general,Class II,0,11/3/20,2020-11-03,2020-08-16,2020-08-17,LV,lv,lv,967,Redfield & Wilton Strategies,false,,Source flags; not independent nonpartisan verification,https://redfieldandwiltonstrategies.com/latest-usa-swing-state-senate-and-governor-voting-intention-16-to-19-august/,2,"[{""candidate_id"": ""13468"", ""candidate_name"": ""Cal Cunningham"", ""party"": ""DEM"", ""answer"": ""Cunningham"", ""pct"": ""47.0""}, {""candidate_id"": ""13461"", ""candidate_name"": ""Thomas Roland Tillis"", ""party"": ""REP"", ""answer"": ""Tillis"", ""pct"": ""38.0""}]",false,selected,,Only eligible LV question for this poll/round,,47.0,38.0,0,"[""538-row:1705"", ""538-row:1706""]"
538:2020:6281:67998:127326,538_archive,2020,MN,6281,67998,127326,67998,2020-MN-ordinary-general,2020-MN-ordinary-general,general,Class II,2,11/3/20,2020-11-03,2020-08-08,2020-08-10,LV,lv,lv,733,Emerson College Polling Society,false,,Source flags; not independent nonpartisan verification,https://emersonpolling.reportablenews.com/pr/minnesota-2020-north-star-state-in-play-for-presidential-and-us-senate-races,2,"[{""candidate_id"": ""15691"", ""candidate_name"": ""Tina Smith"", ""party"": ""DEM"", ""answer"": ""Smith"", ""pct"": ""48.21""}, {""candidate_id"": ""15692"", ""candidate_name"": ""Jason Lewis"", ""party"": ""REP"", ""answer"": ""Lewis"", ""pct"": ""44.81""}]",false,selected,,Only eligible LV question for this poll/round,,48.21,44.81,0,"[""538-row:1733"", ""538-row:1734""]"
538:2020:6268:68005:127356,538_archive,2020,AZ,6268,68005,127356,68005,2020-AZ-special-general,2020-AZ-special-general,general,Class III,2,11/3/20,2020-11-03,2020-08-08,2020-08-10,LV,lv,lv,661,Emerson College Polling Society,false,,Source flags; not independent nonpartisan verification,https://emersonpolling.reportablenews.com/pr/north-carolina-pennsylvania-and-arizona-2020-tight-races-in-battleground-states-leading-into-party-conventions,2,"[{""candidate_id"": ""13445"", ""candidate_name"": ""Mark Kelly"", ""party"": ""DEM"", ""answer"": ""Kelly"", ""pct"": ""51.81""}, {""candidate_id"": ""13446"", ""candidate_name"": ""Martha McSally"", ""party"": ""REP"", ""answer"": ""McSally"", ""pct"": ""41.21""}]",true,selected,,Only eligible LV question for this poll/round,,51.81,41.21,0,"[""538-row:1735"", ""538-row:1736""]"
538:2020:6284:68006:127357,538_archive,2020,NC,6284,68006,127357,68006,2020-NC-ordinary-general,2020-NC-ordinary-general,general,Class II,0,11/3/20,2020-11-03,2020-08-08,2020-08-10,LV,lv,lv,673,Emerson College Polling Society,false,,Source flags; not independent nonpartisan verification,https://emersonpolling.reportablenews.com/pr/north-carolina-pennsylvania-and-arizona-2020-tight-races-in-battleground-states-leading-into-party-conventions,2,"[{""candidate_id"": ""13468"", ""candidate_name"": ""Cal Cunningham"", ""party"": ""DEM"", ""answer"": ""Cunningham"", ""pct"": ""44.31""}, {""candidate_id"": ""13461"", ""candidate_name"": ""Thomas Roland Tillis"", ""party"": ""REP"", ""answer"": ""Tillis"", ""pct"": ""41.47""}]",false,selected,,Only eligible LV question for this poll/round,,44.31,41.47,0,"[""538-row:1737"", ""538-row:1738""]"
538:2020:6284:68051:127445,538_archive,2020,NC,6284,68051,127445,68051,2020-NC-ordinary-general,2020-NC-ordinary-general,general,Class II,0,11/3/20,2020-11-03,2020-08-06,2020-08-10,LV,lv,lv,600,Harper Polling,false,,Source flags; not independent nonpartisan verification,https://www.nccivitas.org/polling/biden-cunningham-slim-leads/,4,"[{""candidate_id"": ""13468"", ""candidate_name"": ""Cal Cunningham"", ""party"": ""DEM"", ""answer"": ""Cunningham"", ""pct"": ""41.0""}, {""candidate_id"": ""13461"", ""candidate_name"": ""Thomas Roland Tillis"", ""party"": ""REP"", ""answer"": ""Tillis"", ""pct"": ""38.0""}, {""candidate_id"": ""14557"", ""candidate_name"": ""Shannon W. Bray"", ""party"": ""LIB"", ""answer"": ""Bray"", ""pct"": ""2.0""}, {""candidate_id"": ""14558"", ""candidate_name"": ""Kevin Eugene Hayes"", ""party"": ""CON"", ""answer"": ""Hayes"", ""pct"": ""2.0""}]",true,selected,,Only eligible LV question for this poll/round,,41.0,38.0,4.0,"[""538-row:1739"", ""538-row:1740"", ""538-row:1741"", ""538-row:1742""]"
538:2020:6268:68011:127368,538_archive,2020,AZ,6268,68011,127368,68011,2020-AZ-special-general,2020-AZ-special-general,general,Class III,2,11/3/20,2020-11-03,2020-08-07,2020-08-09,LV,lv,lv,428,Change Research,false,,Source flags; not independent nonpartisan verification,https://www.changeresearch.com/post/states-of-play-battleground-wave-11,2,"[{""candidate_id"": ""13445"", ""candidate_name"": ""Mark Kelly"", ""party"": ""DEM"", ""answer"": ""Kelly"", ""pct"": ""49.0""}, {""candidate_id"": ""13446"", ""candidate_name"": ""Martha McSally"", ""party"": ""REP"", ""answer"": ""McSally"", ""pct"": ""43.0""}]",true,selected,,Only eligible LV question for this poll/round,,49.0,43.0,0,"[""538-row:1743"", ""538-row:1744""]"
538:2020:6284:68014:127370,538_archive,2020,NC,6284,68014,127370,68014,2020-NC-ordinary-general,2020-NC-ordinary-general,general,Class II,0,11/3/20,2020-11-03,2020-08-07,2020-08-09,LV,lv,lv,491,Change Research,false,,Source flags; not independent nonpartisan verification,https://www.changeresearch.com/post/states-of-play-battleground-wave-11,2,"[{""candidate_id"": ""13468"", ""candidate_name"": ""Cal Cunningham"", ""party"": ""DEM"", ""answer"": ""Cunningham"", ""pct"": ""48.0""}, {""candidate_id"": ""13461"", ""candidate_name"": ""Thomas Roland Tillis"", ""party"": ""REP"", ""answer"": ""Tillis"", ""pct"": ""43.0""}]",false,selected,,Only eligible LV question for this poll/round,,48.0,43.0,0,"[""538-row:1747"", ""538-row:1748""]"
538:2020:6275:68032:127406,538_archive,2020,KS,6275,68032,127406,68032,2020-KS-ordinary-general,2020-KS-ordinary-general,general,Class II,0,11/3/20,2020-11-03,2020-08-05,2020-08-09,LV,lv,lv,1202,SurveyUSA,false,,Source flags; not independent nonpartisan verification,http://www.surveyusa.com/client/PollReport.aspx?g=b7efcf1a-9519-4b36-95f6-5a05b8cc7f6d,2,"[{""candidate_id"": ""13698"", ""candidate_name"": ""Barbara Goolsbee Bollier"", ""party"": ""DEM"", ""answer"": ""Bollier"", ""pct"": ""44.0""}, {""candidate_id"": ""14604"", ""candidate_name"": ""Roger Marshall"", ""party"": ""REP"", ""answer"": ""Marshall"", ""pct"": ""46.0""}]",false,selected,,Only eligible LV question for this poll/round,,44.0,46.0,0,"[""538-row:1749"", ""538-row:1750""]"
538:2020:6279:68001:127351,538_archive,2020,ME,6279,68001,127351,68001,2020-ME-ordinary-general,2020-ME-ordinary-general,general,Class II,2,11/3/20,2020-11-03,2020-07-28,2020-08-09,LV,lv,lv,453,Critical Insights,false,,Source flags; not independent nonpartisan verification,https://projects.fivethirtyeight.com/polls/20200812_ME.pdf,3,"[{""candidate_id"": ""13455"", ""candidate_name"": ""Sara I. Gideon"", ""party"": ""DEM"", ""answer"": ""Gideon"", ""pct"": ""43.0""}, {""candidate_id"": ""13456"", ""candidate_name"": ""Susan M. Collins"", ""party"": ""REP"", ""answer"": ""Collins"", ""pct"": ""38.0""}, {""candidate_id"": ""14690"", ""candidate_name"": ""Lisa Savage"", ""party"": ""IND"", ""answer"": ""Savage"", ""pct"": ""5.0""}]",false,selected,,Only eligible LV question for this poll/round,,43.0,38.0,5.0,"[""538-row:1757"", ""538-row:1758"", ""538-row:1759""]"
538:2020:6271:67996:127319,538_archive,2020,GA,6271,67996,127319,67996,2020-GA-ordinary-general,2020-GA-ordinary-general,general,Class II,0,11/3/20,2020-11-03,2020-08-06,2020-08-08,LV,lv,lv,623,SurveyUSA,false,,Source flags; not independent nonpartisan verification,http://www.surveyusa.com/client/PollReport.aspx?g=4b9009c4-ef1d-4774-a211-0c4402738ec8,2,"[{""candidate_id"": ""14567"", ""candidate_name"": ""Jon Ossoff"", ""party"": ""DEM"", ""answer"": ""Ossoff"", ""pct"": ""41.0""}, {""candidate_id"": ""14568"", ""candidate_name"": ""David A. Perdue"", ""party"": ""REP"", ""answer"": ""Perdue"", ""pct"": ""44.0""}]",false,selected,,Only eligible LV question for this poll/round,,41.0,44.0,0,"[""538-row:1760"", ""538-row:1761""]"
538:2020:7780:67996:127320,538_archive,2020,GA,7780,67996,127320,67996,2020-GA-special-first,2020-GA-special-first,jungle primary,Class III,2,11/3/20,2020-11-03,2020-08-06,2020-08-08,LV,lv,lv,623,SurveyUSA,false,,Source flags; not independent nonpartisan verification,http://www.surveyusa.com/client/PollReport.aspx?g=4b9009c4-ef1d-4774-a211-0c4402738ec8,5,"[{""candidate_id"": ""14489"", ""candidate_name"": ""Raphael Warnock"", ""party"": ""DEM"", ""answer"": ""Warnock"", ""pct"": ""17.0""}, {""candidate_id"": ""13671"", ""candidate_name"": ""Kelly Loeffler"", ""party"": ""REP"", ""answer"": ""Loeffler"", ""pct"": ""26.0""}, {""candidate_id"": ""13669"", ""candidate_name"": ""Doug Collins"", ""party"": ""REP"", ""answer"": ""Collins"", ""pct"": ""17.0""}, {""candidate_id"": ""13670"", ""candidate_name"": ""Matt Lieberman"", ""party"": ""DEM"", ""answer"": ""Lieberman"", ""pct"": ""13.0""}, {""candidate_id"": ""14490"", ""candidate_name"": ""Ed Tarver"", ""party"": ""DEM"", ""answer"": ""Tarver"", ""pct"": ""3.0""}]",false,selected,,Only eligible LV question for this poll/round,,33.0,43.0,0,"[""538-row:1762"", ""538-row:1763"", ""538-row:1764"", ""538-row:1765"", ""538-row:1766""]"
538:2020:6268:67973:127323,538_archive,2020,AZ,6268,67973,127323,67973,2020-AZ-special-general,2020-AZ-special-general,general,Class III,2,11/3/20,2020-11-03,2020-08-03,2020-08-04,LV,lv,lv,603,OH Predictive Insights / MBQF,false,,Source flags; not independent nonpartisan verification,https://f.hubspotusercontent40.net/hubfs/7453540/200803_AZPOP/Arizona%20Public%20Opinion%20Pulse%20--%20Senate.pdf,2,"[{""candidate_id"": ""13445"", ""candidate_name"": ""Mark Kelly"", ""party"": ""DEM"", ""answer"": ""Kelly"", ""pct"": ""48.0""}, {""candidate_id"": ""13446"", ""candidate_name"": ""Martha McSally"", ""party"": ""REP"", ""answer"": ""McSally"", ""pct"": ""43.0""}]",true,selected,,Only eligible LV question for this poll/round,,48.0,43.0,0,"[""538-row:1769"", ""538-row:1770""]"
538:2020:6283:67867:127065,538_archive,2020,MT,6283,67867,127065,67867,2020-MT-ordinary-general,2020-MT-ordinary-general,general,Class II,2,11/3/20,2020-11-03,2020-07-31,2020-08-02,LV,lv,lv,584,Emerson College Polling Society,false,,Source flags; not independent nonpartisan verification,https://emersonpolling.reportablenews.com/pr/montana-2020-trump-holds-strong-as-biden-coalesces-support,2,"[{""candidate_id"": ""14517"", ""candidate_name"": ""Steve Bullock"", ""party"": ""DEM"", ""answer"": ""Bullock"", ""pct"": ""43.67""}, {""candidate_id"": ""14518"", ""candidate_name"": ""Steve Daines"", ""party"": ""REP"", ""answer"": ""Daines"", ""pct"": ""50.04""}]",true,selected,,Only eligible LV question for this poll/round,,43.67,50.04,0,"[""538-row:1791"", ""538-row:1792""]"
538:2020:6266:67879:127093,538_archive,2020,AL,6266,67879,127093,67879,2020-AL-ordinary-general,2020-AL-ordinary-general,general,Class II,0,11/3/20,2020-11-03,2020-07-24,2020-08-02,LV,lv,lv,609,Morning Consult,false,,Source flags; not independent nonpartisan verification,https://morningconsult.com/2020/08/04/senate-presidential-polling-alabama-kentucky-sc-texas/,2,"[{""candidate_id"": ""13612"", ""candidate_name"": ""Gordon Douglas Jones"", ""party"": ""DEM"", ""answer"": ""Jones"", ""pct"": ""35.0""}, {""candidate_id"": ""13614"", ""candidate_name"": ""Tommy Tuberville"", ""party"": ""REP"", ""answer"": ""Tuberville"", ""pct"": ""52.0""}]",true,selected,,Only eligible LV question for this poll/round,,35.0,52.0,0,"[""538-row:1795"", ""538-row:1796""]"
538:2020:6292:67881:127095,538_archive,2020,SC,6292,67881,127095,67881,2020-SC-ordinary-general,2020-SC-ordinary-general,general,Class II,0,11/3/20,2020-11-03,2020-07-24,2020-08-02,LV,lv,lv,741,Morning Consult,false,,Source flags; not independent nonpartisan verification,https://morningconsult.com/2020/08/04/senate-presidential-polling-alabama-kentucky-sc-texas/,2,"[{""candidate_id"": ""13457"", ""candidate_name"": ""Jaime Harrison"", ""party"": ""DEM"", ""answer"": ""Harrison"", ""pct"": ""43.0""}, {""candidate_id"": ""13458"", ""candidate_name"": ""Lindsey Graham"", ""party"": ""REP"", ""answer"": ""Graham"", ""pct"": ""44.0""}]",false,selected,,Only eligible LV question for this poll/round,,43.0,44.0,0,"[""538-row:1799"", ""538-row:1800""]"
538:2020:6268:67934:127194,538_archive,2020,AZ,6268,67934,127194,67934,2020-AZ-special-general,2020-AZ-special-general,general,Class III,2,11/3/20,2020-11-03,2020-07-24,2020-08-02,LV,lv,lv,1215,Data for Progress,false,,Source flags; not independent nonpartisan verification,http://filesforprogress.org/datasets/2020/8/progressive-senate-project/DFP_Arizona_8_20_xtabs.pdf,2,"[{""candidate_id"": ""13445"", ""candidate_name"": ""Mark Kelly"", ""party"": ""DEM"", ""answer"": ""Kelly"", ""pct"": ""50.0""}, {""candidate_id"": ""13446"", ""candidate_name"": ""Martha McSally"", ""party"": ""REP"", ""answer"": ""McSally"", ""pct"": ""40.0""}]",true,selected,,Only eligible LV question for this poll/round,,50.0,40.0,0,"[""538-row:1803"", ""538-row:1804""]"
538:2020:6272:67935:127195,538_archive,2020,IA,6272,67935,127195,67935,2020-IA-ordinary-general,2020-IA-ordinary-general,general,Class II,0,11/3/20,2020-11-03,2020-07-24,2020-08-02,LV,lv,lv,1101,Data for Progress,false,,Source flags; not independent nonpartisan verification,http://filesforprogress.org/datasets/2020/8/progressive-senate-project/DFP_Iowa_8_20_xtabs.pdf,2,"[{""candidate_id"": ""13466"", ""candidate_name"": ""Theresa Greenfield"", ""party"": ""DEM"", ""answer"": ""Greenfield"", ""pct"": ""45.0""}, {""candidate_id"": ""13467"", ""candidate_name"": ""Joni K. Ernst"", ""party"": ""REP"", ""answer"": ""Ernst"", ""pct"": ""43.0""}]",false,selected,,Only eligible LV question for this poll/round,,45.0,43.0,0,"[""538-row:1805"", ""538-row:1806""]"
538:2020:6279:67936:127196,538_archive,2020,ME,6279,67936,127196,67936,2020-ME-ordinary-general,2020-ME-ordinary-general,general,Class II,2,11/3/20,2020-11-03,2020-07-24,2020-08-02,LV,lv,lv,866,Data for Progress,false,,Source flags; not independent nonpartisan verification,http://filesforprogress.org/datasets/2020/8/progressive-senate-project/DFP_Maine_8_20_xtabs.pdf,2,"[{""candidate_id"": ""13455"", ""candidate_name"": ""Sara I. Gideon"", ""party"": ""DEM"", ""answer"": ""Gideon"", ""pct"": ""48.0""}, {""candidate_id"": ""13456"", ""candidate_name"": ""Susan M. Collins"", ""party"": ""REP"", ""answer"": ""Collins"", ""pct"": ""45.0""}]",false,selected,,Only eligible LV question for this poll/round,,48.0,45.0,0,"[""538-row:1807"", ""538-row:1808""]"
538:2020:6284:67937:127197,538_archive,2020,NC,6284,67937,127197,67937,2020-NC-ordinary-general,2020-NC-ordinary-general,general,Class II,0,11/3/20,2020-11-03,2020-07-24,2020-08-02,LV,lv,lv,1170,Data for Progress,false,,Source flags; not independent nonpartisan verification,http://filesforprogress.org/datasets/2020/8/progressive-senate-project/DFP_North%20Carolina_8_20_xtabs.pdf,2,"[{""candidate_id"": ""13468"", ""candidate_name"": ""Cal Cunningham"", ""party"": ""DEM"", ""answer"": ""Cunningham"", ""pct"": ""49.0""}, {""candidate_id"": ""13461"", ""candidate_name"": ""Thomas Roland Tillis"", ""party"": ""REP"", ""answer"": ""Tillis"", ""pct"": ""41.0""}]",false,selected,,Only eligible LV question for this poll/round,,49.0,41.0,0,"[""538-row:1809"", ""538-row:1810""]"
538:2020:6284:67859:127046,538_archive,2020,NC,6284,67859,127046,67859,2020-NC-ordinary-general,2020-NC-ordinary-general,general,Class II,0,11/3/20,2020-11-03,2020-07-28,2020-07-31,LV,lv,lv,1121,YouGov,false,,Source flags; not independent nonpartisan verification,https://drive.google.com/file/d/1jDu_IMRdUTbdmA-VfpP-neMT3-lYw969/view,2,"[{""candidate_id"": ""13468"", ""candidate_name"": ""Cal Cunningham"", ""party"": ""DEM"", ""answer"": ""Cunningham"", ""pct"": ""48.0""}, {""candidate_id"": ""13461"", ""candidate_name"": ""Thomas Roland Tillis"", ""party"": ""REP"", ""answer"": ""Tillis"", ""pct"": ""39.0""}]",false,selected,,Only eligible LV question for this poll/round,,48.0,39.0,0,"[""538-row:1815"", ""538-row:1816""]"
538:2020:6271:67860:127047,538_archive,2020,GA,6271,67860,127047,67860,2020-GA-ordinary-general,2020-GA-ordinary-general,general,Class II,0,11/3/20,2020-11-03,2020-07-28,2020-07-31,LV,lv,lv,1101,YouGov,false,,Source flags; not independent nonpartisan verification,https://drive.google.com/file/d/1oa8SqHJAq6hBII_8LjgY0PjPwAgBWzpO/view,2,"[{""candidate_id"": ""14567"", ""candidate_name"": ""Jon Ossoff"", ""party"": ""DEM"", ""answer"": ""Ossoff"", ""pct"": ""43.0""}, {""candidate_id"": ""14568"", ""candidate_name"": ""David A. Perdue"", ""party"": ""REP"", ""answer"": ""Perdue"", ""pct"": ""45.0""}]",false,selected,,Only eligible LV question for this poll/round,,43.0,45.0,0,"[""538-row:1817"", ""538-row:1818""]"
538:2020:6286:67827:126960,538_archive,2020,NH,6286,67827,126960,67827,2020-NH-ordinary-general,2020-NH-ordinary-general,general,Class II,0,11/3/20,2020-11-03,2020-07-16,2020-07-28,LV,lv,lv,1893,U. New Hampshire,false,,Source flags; not independent nonpartisan verification,https://scholars.unh.edu/cgi/viewcontent.cgi?article=1598&context=survey_center_polls,2,"[{""candidate_id"": ""13448"", ""candidate_name"": ""Jeanne Shaheen"", ""party"": ""DEM"", ""answer"": ""Shaheen"", ""pct"": ""54.0""}, {""candidate_id"": ""14492"", ""candidate_name"": ""Bryant Messner"", ""party"": ""REP"", ""answer"": ""Messner"", ""pct"": ""35.0""}]",false,selected,,Only eligible LV question for this poll/round,,54.0,35.0,0,"[""538-row:1843"", ""538-row:1844""]"
538:2020:6268:67808:126908,538_archive,2020,AZ,6268,67808,126908,67808,2020-AZ-special-general,2020-AZ-special-general,general,Class III,2,11/3/20,2020-11-03,2020-07-24,2020-07-26,LV,lv,lv,365,Change Research,false,,Source flags; not independent nonpartisan verification,https://www.changeresearch.com/post/states-of-play-battleground-wave-10,2,"[{""candidate_id"": ""13445"", ""candidate_name"": ""Mark Kelly"", ""party"": ""DEM"", ""answer"": ""Kelly"", ""pct"": ""47.0""}, {""candidate_id"": ""13446"", ""candidate_name"": ""Martha McSally"", ""party"": ""REP"", ""answer"": ""McSally"", ""pct"": ""45.0""}]",true,selected,,Only eligible LV question for this poll/round,,47.0,45.0,0,"[""538-row:1872"", ""538-row:1873""]"
538:2020:6284:67811:126910,538_archive,2020,NC,6284,67811,126910,67811,2020-NC-ordinary-general,2020-NC-ordinary-general,general,Class II,0,11/3/20,2020-11-03,2020-07-24,2020-07-26,LV,lv,lv,284,Change Research,false,,Source flags; not independent nonpartisan verification,https://www.changeresearch.com/post/states-of-play-battleground-wave-10,2,"[{""candidate_id"": ""13468"", ""candidate_name"": ""Cal Cunningham"", ""party"": ""DEM"", ""answer"": ""Cunningham"", ""pct"": ""52.0""}, {""candidate_id"": ""13461"", ""candidate_name"": ""Thomas Roland Tillis"", ""party"": ""REP"", ""answer"": ""Tillis"", ""pct"": ""40.0""}]",false,selected,,Only eligible LV question for this poll/round,,52.0,40.0,0,"[""538-row:1876"", ""538-row:1877""]"
538:2020:6268:67685:126761,538_archive,2020,AZ,6268,67685,126761,67685,2020-AZ-special-general,2020-AZ-special-general,general,Class III,2,11/3/20,2020-11-03,2020-07-17,2020-07-26,LV,lv,lv,908,Morning Consult,false,,Source flags; not independent nonpartisan verification,https://morningconsult.com/2020/07/28/senate-presidential-polling-political-intelligence/,2,"[{""candidate_id"": ""13445"", ""candidate_name"": ""Mark Kelly"", ""party"": ""DEM"", ""answer"": ""Kelly"", ""pct"": ""52.0""}, {""candidate_id"": ""13446"", ""candidate_name"": ""Martha McSally"", ""party"": ""REP"", ""answer"": ""McSally"", ""pct"": ""36.0""}]",true,selected,,Only eligible LV question for this poll/round,,52.0,36.0,0,"[""538-row:1878"", ""538-row:1879""]"
538:2020:6269:67686:126762,538_archive,2020,CO,6269,67686,126762,67686,2020-CO-ordinary-general,2020-CO-ordinary-general,general,Class II,0,11/3/20,2020-11-03,2020-07-17,2020-07-26,LV,lv,lv,616,Morning Consult,false,,Source flags; not independent nonpartisan verification,https://morningconsult.com/2020/07/28/senate-presidential-polling-political-intelligence/,2,"[{""candidate_id"": ""13474"", ""candidate_name"": ""John Wright Hickenlooper"", ""party"": ""DEM"", ""answer"": ""Hickenlooper"", ""pct"": ""48.0""}, {""candidate_id"": ""13475"", ""candidate_name"": ""Cory Gardner"", ""party"": ""REP"", ""answer"": ""Gardner"", ""pct"": ""42.0""}]",false,selected,,Only eligible LV question for this poll/round,,48.0,42.0,0,"[""538-row:1880"", ""538-row:1881""]"
538:2020:6271:67688:126763,538_archive,2020,GA,6271,67688,126763,67688,2020-GA-ordinary-general,2020-GA-ordinary-general,general,Class II,0,11/3/20,2020-11-03,2020-07-17,2020-07-26,LV,lv,lv,1337,Morning Consult,false,,Source flags; not independent nonpartisan verification,https://morningconsult.com/2020/07/28/senate-presidential-polling-political-intelligence/,2,"[{""candidate_id"": ""14567"", ""candidate_name"": ""Jon Ossoff"", ""party"": ""DEM"", ""answer"": ""Ossoff"", ""pct"": ""42.0""}, {""candidate_id"": ""14568"", ""candidate_name"": ""David A. Perdue"", ""party"": ""REP"", ""answer"": ""Perdue"", ""pct"": ""45.0""}]",false,selected,,Only eligible LV question for this poll/round,,42.0,45.0,0,"[""538-row:1882"", ""538-row:1883""]"
538:2020:6284:67691:126765,538_archive,2020,NC,6284,67691,126765,67691,2020-NC-ordinary-general,2020-NC-ordinary-general,general,Class II,0,11/3/20,2020-11-03,2020-07-17,2020-07-26,LV,lv,lv,1504,Morning Consult,false,,Source flags; not independent nonpartisan verification,https://morningconsult.com/2020/07/28/senate-presidential-polling-political-intelligence/,2,"[{""candidate_id"": ""13468"", ""candidate_name"": ""Cal Cunningham"", ""party"": ""DEM"", ""answer"": ""Cunningham"", ""pct"": ""46.0""}, {""candidate_id"": ""13461"", ""candidate_name"": ""Thomas Roland Tillis"", ""party"": ""REP"", ""answer"": ""Tillis"", ""pct"": ""37.0""}]",false,selected,,Only eligible LV question for this poll/round,,46.0,37.0,0,"[""538-row:1886"", ""538-row:1887""]"
538:2020:6284:67834:126977,538_archive,2020,NC,6284,67834,126977,67834,2020-NC-ordinary-general,2020-NC-ordinary-general,general,Class II,0,11/3/20,2020-11-03,2020-07-22,2020-07-24,LV,lv,lv,735,Cardinal Point Analytics (CardinalGPS),false,,Source flags; not independent nonpartisan verification,https://cpapolling.com/wp-content/uploads/2020/07/NC_Poll_Results_2020-07-29.pdf,4,"[{""candidate_id"": ""13468"", ""candidate_name"": ""Cal Cunningham"", ""party"": ""DEM"", ""answer"": ""Cunningham"", ""pct"": ""42.9""}, {""candidate_id"": ""13461"", ""candidate_name"": ""Thomas Roland Tillis"", ""party"": ""REP"", ""answer"": ""Tillis"", ""pct"": ""43.1""}, {""candidate_id"": ""14557"", ""candidate_name"": ""Shannon W. Bray"", ""party"": ""LIB"", ""answer"": ""Bray"", ""pct"": ""1.2""}, {""candidate_id"": ""14558"", ""candidate_name"": ""Kevin Eugene Hayes"", ""party"": ""CON"", ""answer"": ""Hayes"", ""pct"": ""1.7""}]",true,selected,,Only eligible LV question for this poll/round,,42.9,43.1,2.9,"[""538-row:1888"", ""538-row:1889"", ""538-row:1890"", ""538-row:1891""]"
538:2020:6279:67790:126877,538_archive,2020,ME,6279,67790,126877,67790,2020-ME-ordinary-general,2020-ME-ordinary-general,general,Class II,2,11/3/20,2020-11-03,2020-07-18,2020-07-24,LV,lv,lv,888,Colby College,false,,Source flags; not independent nonpartisan verification,http://www.colby.edu/government/2020-polling/,2,"[{""candidate_id"": ""13455"", ""candidate_name"": ""Sara I. Gideon"", ""party"": ""DEM"", ""answer"": ""Gideon"", ""pct"": ""44.0""}, {""candidate_id"": ""13456"", ""candidate_name"": ""Susan M. Collins"", ""party"": ""REP"", ""answer"": ""Collins"", ""pct"": ""39.0""}]",false,selected,,Only eligible LV question for this poll/round,,44.0,39.0,0,"[""538-row:1898"", ""538-row:1899""]"
538:2020:6268:67838:126989,538_archive,2020,AZ,6268,67838,126989,67838,2020-AZ-special-general,2020-AZ-special-general,general,Class III,2,11/3/20,2020-11-03,2020-07-19,2020-07-23,LV,lv,lv,858,Redfield & Wilton Strategies,false,,Source flags; not independent nonpartisan verification,https://redfieldandwiltonstrategies.com/latest-usa-swing-state-senate-and-governor-voting-intention-19-to-24-july/,2,"[{""candidate_id"": ""13445"", ""candidate_name"": ""Mark Kelly"", ""party"": ""DEM"", ""answer"": ""Kelly"", ""pct"": ""53.0""}, {""candidate_id"": ""13446"", ""candidate_name"": ""Martha McSally"", ""party"": ""REP"", ""answer"": ""McSally"", ""pct"": ""35.0""}]",true,selected,,Only eligible LV question for this poll/round,,53.0,35.0,0,"[""538-row:1906"", ""538-row:1907""]"
538:2020:6284:67839:126990,538_archive,2020,NC,6284,67839,126990,67839,2020-NC-ordinary-general,2020-NC-ordinary-general,general,Class II,0,11/3/20,2020-11-03,2020-07-19,2020-07-21,LV,lv,lv,919,Redfield & Wilton Strategies,false,,Source flags; not independent nonpartisan verification,https://redfieldandwiltonstrategies.com/latest-usa-swing-state-senate-and-governor-voting-intention-19-to-24-july/,2,"[{""candidate_id"": ""13468"", ""candidate_name"": ""Cal Cunningham"", ""party"": ""DEM"", ""answer"": ""Cunningham"", ""pct"": ""47.0""}, {""candidate_id"": ""13461"", ""candidate_name"": ""Thomas Roland Tillis"", ""party"": ""REP"", ""answer"": ""Tillis"", ""pct"": ""36.0""}]",false,selected,,Only eligible LV question for this poll/round,,47.0,36.0,0,"[""538-row:1918"", ""538-row:1919""]"
538:2020:6292:67578:126434,538_archive,2020,SC,6292,67578,126434,67578,2020-SC-ordinary-general,2020-SC-ordinary-general,general,Class II,0,11/3/20,2020-11-03,2020-07-17,2020-07-17,LV,lv,lv,604,Gravis Marketing,false,,Source flags; not independent nonpartisan verification,https://www.gravismarketing.com/south-carolina-poll-results-gravis-marketing-2020/,2,"[{""candidate_id"": ""13457"", ""candidate_name"": ""Jaime Harrison"", ""party"": ""DEM"", ""answer"": ""Harrison"", ""pct"": ""41.0""}, {""candidate_id"": ""13458"", ""candidate_name"": ""Lindsey Graham"", ""party"": ""REP"", ""answer"": ""Graham"", ""pct"": ""48.0""}]",false,selected,,Only eligible LV question for this poll/round,,41.0,48.0,0,"[""538-row:1932"", ""538-row:1933""]"
538:2020:6284:67586:126455,538_archive,2020,NC,6284,67586,126455,67586,2020-NC-ordinary-general,2020-NC-ordinary-general,general,Class II,0,11/3/20,2020-11-03,2020-07-13,2020-07-15,LV,lv,lv,547,Cardinal Point Analytics (CardinalGPS),false,,Source flags; not independent nonpartisan verification,https://cpapolling.com/wp-content/uploads/2020/07/NC_Poll_Results_2020-07-20.pdf,4,"[{""candidate_id"": ""13468"", ""candidate_name"": ""Cal Cunningham"", ""party"": ""DEM"", ""answer"": ""Cunningham"", ""pct"": ""47.3""}, {""candidate_id"": ""13461"", ""candidate_name"": ""Thomas Roland Tillis"", ""party"": ""REP"", ""answer"": ""Tillis"", ""pct"": ""44.2""}, {""candidate_id"": ""14557"", ""candidate_name"": ""Shannon W. Bray"", ""party"": ""LIB"", ""answer"": ""Bray"", ""pct"": ""1.1""}, {""candidate_id"": ""14558"", ""candidate_name"": ""Kevin Eugene Hayes"", ""party"": ""CON"", ""answer"": ""Hayes"", ""pct"": ""1.3""}]",true,selected,,Only eligible LV question for this poll/round,,47.3,44.2,2.4,"[""538-row:1954"", ""538-row:1955"", ""538-row:1956"", ""538-row:1957""]"
538:2020:6268:67087:125356,538_archive,2020,AZ,6268,67087,125356,67087,2020-AZ-special-general,2020-AZ-special-general,general,Class III,2,11/3/20,2020-11-03,2020-07-10,2020-07-12,LV,lv,lv,345,Change Research,false,,Source flags; not independent nonpartisan verification,https://www.changeresearch.com/post/states-of-play-battleground-wave-9,2,"[{""candidate_id"": ""13445"", ""candidate_name"": ""Mark Kelly"", ""party"": ""DEM"", ""answer"": ""Kelly"", ""pct"": ""52.0""}, {""candidate_id"": ""13446"", ""candidate_name"": ""Martha McSally"", ""party"": ""REP"", ""answer"": ""McSally"", ""pct"": ""45.0""}]",true,selected,,Only eligible LV question for this poll/round,,52.0,45.0,0,"[""538-row:1962"", ""538-row:1963""]"
538:2020:6284:67090:125359,538_archive,2020,NC,6284,67090,125359,67090,2020-NC-ordinary-general,2020-NC-ordinary-general,general,Class II,0,11/3/20,2020-11-03,2020-07-10,2020-07-12,LV,lv,lv,655,Change Research,false,,Source flags; not independent nonpartisan verification,https://www.changeresearch.com/post/states-of-play-battleground-wave-9,2,"[{""candidate_id"": ""13468"", ""candidate_name"": ""Cal Cunningham"", ""party"": ""DEM"", ""answer"": ""Cunningham"", ""pct"": ""49.0""}, {""candidate_id"": ""13461"", ""candidate_name"": ""Thomas Roland Tillis"", ""party"": ""REP"", ""answer"": ""Tillis"", ""pct"": ""42.0""}]",false,selected,,Only eligible LV question for this poll/round,,49.0,42.0,0,"[""538-row:1966"", ""538-row:1967""]"
538:2020:6268:67055:125292,538_archive,2020,AZ,6268,67055,125292,67055,2020-AZ-special-general,2020-AZ-special-general,general,Class III,2,11/3/20,2020-11-03,2020-07-07,2020-07-10,LV,lv,lv,1087,YouGov,false,,Source flags; not independent nonpartisan verification,https://drive.google.com/file/d/1NdvAi60uPh_3x7OMA1S_ZtFCMBB7y8X_/view,2,"[{""candidate_id"": ""13445"", ""candidate_name"": ""Mark Kelly"", ""party"": ""DEM"", ""answer"": ""Kelly"", ""pct"": ""46.0""}, {""candidate_id"": ""13446"", ""candidate_name"": ""Martha McSally"", ""party"": ""REP"", ""answer"": ""McSally"", ""pct"": ""42.0""}]",true,selected,,Only eligible LV question for this poll/round,,46.0,42.0,0,"[""538-row:1975"", ""538-row:1976""]"
538:2020:6268:67078:125334,538_archive,2020,AZ,6268,67078,125334,67078,2020-AZ-special-general,2020-AZ-special-general,general,Class III,2,11/3/20,2020-11-03,2020-07-06,2020-07-07,LV,lv,lv,600,OH Predictive Insights / MBQF,false,,Source flags; not independent nonpartisan verification,https://f.hubspotusercontent40.net/hubfs/7453540/200706_AZPOP/Arizona%20Public%20Opinion%20Pulse%20(AZPOP)%20--%20Senate%20Toplines.pdf,2,"[{""candidate_id"": ""13445"", ""candidate_name"": ""Mark Kelly"", ""party"": ""DEM"", ""answer"": ""Kelly"", ""pct"": ""52.0""}, {""candidate_id"": ""13446"", ""candidate_name"": ""Martha McSally"", ""party"": ""REP"", ""answer"": ""McSally"", ""pct"": ""43.0""}]",true,selected,,Only eligible LV question for this poll/round,,52.0,43.0,0,"[""538-row:1999"", ""538-row:2000""]"
538:2020:6265:67577:126432,538_archive,2020,AK,6265,67577,126432,67577,2020-AK-ordinary-general,2020-AK-ordinary-general,general,Class II,0,11/3/20,2020-11-03,2020-06-23,2020-07-07,LV,lv,lv,663,Alaska Survey Research,false,,Source flags; not independent nonpartisan verification,https://www.facebook.com/alaskasurvey/posts/1681831888636104,2,"[{""candidate_id"": ""14697"", ""candidate_name"": ""Al Gross"", ""party"": ""DEM"", ""answer"": ""Gross"", ""pct"": ""40.0""}, {""candidate_id"": ""13462"", ""candidate_name"": ""Dan Sullivan"", ""party"": ""REP"", ""answer"": ""Sullivan"", ""pct"": ""53.0""}]",false,selected,,Only eligible LV question for this poll/round,,40.0,53.0,0,"[""538-row:2009"", ""538-row:2010""]"
538:2020:6268:66969:125070,538_archive,2020,AZ,6268,66969,125070,66969,2020-AZ-special-general,2020-AZ-special-general,general,Class III,2,11/3/20,2020-11-03,2020-06-27,2020-06-29,LV,lv,lv,600,Data Orbital,false,,Source flags; not independent nonpartisan verification,https://www.dataorbital.com/the-blog/breaking-in-az-us-senate-leans-dem-presidential-race-a-toss-up,2,"[{""candidate_id"": ""13445"", ""candidate_name"": ""Mark Kelly"", ""party"": ""DEM"", ""answer"": ""Kelly"", ""pct"": ""49.9""}, {""candidate_id"": ""13446"", ""candidate_name"": ""Martha McSally"", ""party"": ""REP"", ""answer"": ""McSally"", ""pct"": ""42.7""}]",true,selected,,Only eligible LV question for this poll/round,,49.9,42.7,0,"[""538-row:2034"", ""538-row:2035""]"
538:2020:6268:66956:125035,538_archive,2020,AZ,6268,66956,125035,66956,2020-AZ-special-general,2020-AZ-special-general,general,Class III,2,11/3/20,2020-11-03,2020-06-26,2020-06-28,LV,lv,lv,311,Change Research,false,,Source flags; not independent nonpartisan verification,https://www.changeresearch.com/post/states-of-play-battleground-wave-8,2,"[{""candidate_id"": ""13445"", ""candidate_name"": ""Mark Kelly"", ""party"": ""DEM"", ""answer"": ""Kelly"", ""pct"": ""53.0""}, {""candidate_id"": ""13446"", ""candidate_name"": ""Martha McSally"", ""party"": ""REP"", ""answer"": ""McSally"", ""pct"": ""44.0""}]",true,selected,,Only eligible LV question for this poll/round,,53.0,44.0,0,"[""538-row:2036"", ""538-row:2037""]"
538:2020:6284:66959:125037,538_archive,2020,NC,6284,66959,125037,66959,2020-NC-ordinary-general,2020-NC-ordinary-general,general,Class II,0,11/3/20,2020-11-03,2020-06-26,2020-06-28,LV,lv,lv,468,Change Research,false,,Source flags; not independent nonpartisan verification,https://www.changeresearch.com/post/states-of-play-battleground-wave-8,2,"[{""candidate_id"": ""13468"", ""candidate_name"": ""Cal Cunningham"", ""party"": ""DEM"", ""answer"": ""Cunningham"", ""pct"": ""51.0""}, {""candidate_id"": ""13461"", ""candidate_name"": ""Thomas Roland Tillis"", ""party"": ""REP"", ""answer"": ""Tillis"", ""pct"": ""41.0""}]",false,selected,,Only eligible LV question for this poll/round,,51.0,41.0,0,"[""538-row:2040"", ""538-row:2041""]"
538:2020:6286:67828:126961,538_archive,2020,NH,6286,67828,126961,67828,2020-NH-ordinary-general,2020-NH-ordinary-general,general,Class II,0,11/3/20,2020-11-03,2020-06-18,2020-06-22,LV,lv,lv,932,U. New Hampshire,false,,Source flags; not independent nonpartisan verification,https://scholars.unh.edu/cgi/viewcontent.cgi?article=1598&context=survey_center_polls,2,"[{""candidate_id"": ""13448"", ""candidate_name"": ""Jeanne Shaheen"", ""party"": ""DEM"", ""answer"": ""Shaheen"", ""pct"": ""50.0""}, {""candidate_id"": ""14492"", ""candidate_name"": ""Bryant Messner"", ""party"": ""REP"", ""answer"": ""Messner"", ""pct"": ""37.0""}]",false,selected,,Only eligible LV question for this poll/round,,50.0,37.0,0,"[""538-row:2095"", ""538-row:2096""]"
538:2020:6268:66904:124938,538_archive,2020,AZ,6268,66904,124938,66904,2020-AZ-special-general,2020-AZ-special-general,general,Class III,2,11/3/20,2020-11-03,2020-06-14,2020-06-17,LV,lv,lv,865,Redfield & Wilton Strategies,false,,Source flags; not independent nonpartisan verification,https://redfieldandwiltonstrategies.com/latest-usa-swing-state-voting-intention-14-to-19-june/,2,"[{""candidate_id"": ""13445"", ""candidate_name"": ""Mark Kelly"", ""party"": ""DEM"", ""answer"": ""Kelly"", ""pct"": ""49.0""}, {""candidate_id"": ""13446"", ""candidate_name"": ""Martha McSally"", ""party"": ""REP"", ""answer"": ""McSally"", ""pct"": ""34.0""}]",true,selected,,Only eligible LV question for this poll/round,,49.0,34.0,0,"[""538-row:2103"", ""538-row:2104""]"
538:2020:6284:66905:124939,538_archive,2020,NC,6284,66905,124939,66905,2020-NC-ordinary-general,2020-NC-ordinary-general,general,Class II,0,11/3/20,2020-11-03,2020-06-14,2020-06-17,LV,lv,lv,902,Redfield & Wilton Strategies,false,,Source flags; not independent nonpartisan verification,https://redfieldandwiltonstrategies.com/wp-content/uploads/2020/06/US-Swing-State-Polls-24.06.2020-1-1.pdf,2,"[{""candidate_id"": ""13468"", ""candidate_name"": ""Cal Cunningham"", ""party"": ""DEM"", ""answer"": ""Cunningham"", ""pct"": ""45.0""}, {""candidate_id"": ""13461"", ""candidate_name"": ""Thomas Roland Tillis"", ""party"": ""REP"", ""answer"": ""Tillis"", ""pct"": ""36.0""}]",false,selected,,Only eligible LV question for this poll/round,,45.0,36.0,0,"[""538-row:2105"", ""538-row:2106""]"
538:2020:6272:66796:124636,538_archive,2020,IA,6272,66796,124636,66796,2020-IA-ordinary-general,2020-IA-ordinary-general,general,Class II,0,11/3/20,2020-11-03,2020-06-07,2020-06-10,LV,lv,lv,674,Selzer,false,,Source flags; not independent nonpartisan verification,https://assets.documentcloud.org/documents/6953460/2216-Methodology-062120.pdf,2,"[{""candidate_id"": ""13466"", ""candidate_name"": ""Theresa Greenfield"", ""party"": ""DEM"", ""answer"": ""Greenfield"", ""pct"": ""46.0""}, {""candidate_id"": ""13467"", ""candidate_name"": ""Joni K. Ernst"", ""party"": ""REP"", ""answer"": ""Ernst"", ""pct"": ""43.0""}]",false,selected,,Only eligible LV question for this poll/round,,46.0,43.0,0,"[""538-row:2135"", ""538-row:2136""]"
538:2020:6284:66721:124460,538_archive,2020,NC,6284,66721,124460,66721,2020-NC-ordinary-general,2020-NC-ordinary-general,general,Class II,0,11/3/20,2020-11-03,2020-05-26,2020-05-28,LV,lv,lv,500,Harper Polling,false,,Source flags; not independent nonpartisan verification,https://www.nccivitas.org/2020/gov-roy-coopers-job-approval-takes-dip-president-trumps-job-disapproval-climbs/,4,"[{""candidate_id"": ""13468"", ""candidate_name"": ""Cal Cunningham"", ""party"": ""DEM"", ""answer"": ""Cunningham"", ""pct"": ""36.0""}, {""candidate_id"": ""13461"", ""candidate_name"": ""Thomas Roland Tillis"", ""party"": ""REP"", ""answer"": ""Tillis"", ""pct"": ""38.0""}, {""candidate_id"": ""14557"", ""candidate_name"": ""Shannon W. Bray"", ""party"": ""LIB"", ""answer"": ""Bray"", ""pct"": ""3.0""}, {""candidate_id"": ""14558"", ""candidate_name"": ""Kevin Eugene Hayes"", ""party"": ""CON"", ""answer"": ""Hayes"", ""pct"": ""2.0""}]",true,selected,,Only eligible LV question for this poll/round,,36.0,38.0,5.0,"[""538-row:2159"", ""538-row:2160"", ""538-row:2161"", ""538-row:2162""]"
538:2020:6268:66530:123994,538_archive,2020,AZ,6268,66530,123994,66530,2020-AZ-special-general,2020-AZ-special-general,general,Class III,2,11/3/20,2020-11-03,2020-05-18,2020-05-22,LV,lv,lv,400,HighGround,false,,Source flags; not independent nonpartisan verification,https://www.azhighground.com/blog/post/astronaut-kelly-soaring-over-incumbent-mcsally-in-latest-az-survey,2,"[{""candidate_id"": ""13445"", ""candidate_name"": ""Mark Kelly"", ""party"": ""DEM"", ""answer"": ""Kelly"", ""pct"": ""51.3""}, {""candidate_id"": ""13446"", ""candidate_name"": ""Martha McSally"", ""party"": ""REP"", ""answer"": ""McSally"", ""pct"": ""41.3""}]",true,selected,,Only eligible LV question for this poll/round,,51.3,41.3,0,"[""538-row:2169"", ""538-row:2170""]"
538:2020:6284:66509:123938,538_archive,2020,NC,6284,66509,123938,66509,2020-NC-ordinary-general,2020-NC-ordinary-general,general,Class II,0,11/3/20,2020-11-03,2020-05-12,2020-05-21,LV,lv,lv,391,Neighborhood Research,false,,Source flags; not independent nonpartisan verification,https://www.facebook.com/NeighborhoodResearchMedia/posts/2321798131449392,2,"[{""candidate_id"": ""13468"", ""candidate_name"": ""Cal Cunningham"", ""party"": ""DEM"", ""answer"": ""Cunningham"", ""pct"": ""35.0""}, {""candidate_id"": ""13461"", ""candidate_name"": ""Thomas Roland Tillis"", ""party"": ""REP"", ""answer"": ""Tillis"", ""pct"": ""33.0""}]",false,selected,,Only eligible LV question for this poll/round,,35.0,33.0,0,"[""538-row:2171"", ""538-row:2172""]"
538:2020:6286:67829:126962,538_archive,2020,NH,6286,67829,126962,67829,2020-NH-ordinary-general,2020-NH-ordinary-general,general,Class II,0,11/3/20,2020-11-03,2020-05-14,2020-05-18,LV,lv,lv,788,U. New Hampshire,false,,Source flags; not independent nonpartisan verification,https://scholars.unh.edu/cgi/viewcontent.cgi?article=1598&context=survey_center_polls,2,"[{""candidate_id"": ""13448"", ""candidate_name"": ""Jeanne Shaheen"", ""party"": ""DEM"", ""answer"": ""Shaheen"", ""pct"": ""52.0""}, {""candidate_id"": ""14492"", ""candidate_name"": ""Bryant Messner"", ""party"": ""REP"", ""answer"": ""Messner"", ""pct"": ""34.0""}]",false,selected,,Only eligible LV question for this poll/round,,52.0,34.0,0,"[""538-row:2204"", ""538-row:2205""]"
538:2020:6268:66309:123440,538_archive,2020,AZ,6268,66309,123440,66309,2020-AZ-special-general,2020-AZ-special-general,general,Class III,2,11/3/20,2020-11-03,2020-05-09,2020-05-11,LV,lv,lv,600,OH Predictive Insights / MBQF,false,,Source flags; not independent nonpartisan verification,https://www.azcentral.com/story/opinion/op-ed/laurieroberts/2020/05/19/sen-martha-mcsally-slides-new-poll-and-thats-not-even-bad-news/5218402002/,2,"[{""candidate_id"": ""13445"", ""candidate_name"": ""Mark Kelly"", ""party"": ""DEM"", ""answer"": ""Kelly"", ""pct"": ""51.0""}, {""candidate_id"": ""13446"", ""candidate_name"": ""Martha McSally"", ""party"": ""REP"", ""answer"": ""McSally"", ""pct"": ""38.0""}]",true,selected,,Only eligible LV question for this poll/round,,51.0,38.0,0,"[""538-row:2216"", ""538-row:2217""]"
538:2020:6282:66275:123355,538_archive,2020,MS,6282,66275,123355,66275,2020-MS-ordinary-general,2020-MS-ordinary-general,general,Class II,2,11/3/20,2020-11-03,2020-05-04,2020-05-07,LV,lv,lv,606,Impact Management Group,false,,Source flags; not independent nonpartisan verification,https://yallpolitics.com/2020/05/13/mississippians-give-tate-reeves-high-marks-for-covid-19-response-in-new-poll/,3,"[{""candidate_id"": ""13651"", ""candidate_name"": ""Mike Espy"", ""party"": ""DEM"", ""answer"": ""Espy"", ""pct"": ""30.56""}, {""candidate_id"": ""13652"", ""candidate_name"": ""Cindy Hyde-Smith"", ""party"": ""REP"", ""answer"": ""Hyde-Smith"", ""pct"": ""58.31""}, {""candidate_id"": ""14573"", ""candidate_name"": ""Jimmy Edwards"", ""party"": ""LIB"", ""answer"": ""Edwards"", ""pct"": ""2.56""}]",true,selected,,Only eligible LV question for this poll/round,,30.56,58.31,2.56,"[""538-row:2229"", ""538-row:2230"", ""538-row:2231""]"
538:2020:6269:66140:122925,538_archive,2020,CO,6269,66140,122925,66140,2020-CO-ordinary-general,2020-CO-ordinary-general,general,Class II,0,11/3/20,2020-11-03,2020-05-01,2020-05-03,LV,lv,lv,600,Keating Research/OnSight Public Affairs/Melanson,false,,Source flags; not independent nonpartisan verification,https://ewscripps.brightspotcdn.com/00/84/bbf8579e40d3ab2839a2f96d81d9/kom-colorado-poll-may-2020-topline-results-all-questions-for-release.pdf,2,"[{""candidate_id"": ""13474"", ""candidate_name"": ""John Wright Hickenlooper"", ""party"": ""DEM"", ""answer"": ""Hickenlooper"", ""pct"": ""54.0""}, {""candidate_id"": ""13475"", ""candidate_name"": ""Cory Gardner"", ""party"": ""REP"", ""answer"": ""Gardner"", ""pct"": ""36.0""}]",false,selected,,Only eligible LV question for this poll/round,,54.0,36.0,0,"[""538-row:2236"", ""538-row:2237""]"
538:2020:6283:66072:122721,538_archive,2020,MT,6283,66072,122721,66072,2020-MT-ordinary-general,2020-MT-ordinary-general,general,Class II,2,11/3/20,2020-11-03,2020-04-10,2020-04-27,LV,lv,lv,459,Montana State University Bozeman/University of Denver,false,,Source flags; not independent nonpartisan verification,http://helpslab.montana.edu/documents/western_states_2020_coronavirus_survey/PoliticsPolicy_Montana_Frequencies_01May2020_RELEASE.pdf,2,"[{""candidate_id"": ""14517"", ""candidate_name"": ""Steve Bullock"", ""party"": ""DEM"", ""answer"": ""Bullock"", ""pct"": ""46.19""}, {""candidate_id"": ""14518"", ""candidate_name"": ""Steve Daines"", ""party"": ""REP"", ""answer"": ""Daines"", ""pct"": ""39.22""}]",true,selected,,Only eligible LV question for this poll/round,,46.19,39.22,0,"[""538-row:2255"", ""538-row:2256""]"
538:2020:6284:65937:122154,538_archive,2020,NC,6284,65937,122154,65937,2020-NC-ordinary-general,2020-NC-ordinary-general,general,Class II,0,11/3/20,2020-11-03,2020-04-23,2020-04-26,LV,lv,lv,580,SurveyUSA,false,,Source flags; not independent nonpartisan verification,http://www.surveyusa.com/client/PollReport.aspx?g=8e72c24e-b823-4a36-b5d6-984918df4ef9,2,"[{""candidate_id"": ""13468"", ""candidate_name"": ""Cal Cunningham"", ""party"": ""DEM"", ""answer"": ""Cunningham"", ""pct"": ""41.0""}, {""candidate_id"": ""13461"", ""candidate_name"": ""Thomas Roland Tillis"", ""party"": ""REP"", ""answer"": ""Tillis"", ""pct"": ""39.0""}]",false,selected,,Only eligible LV question for this poll/round,,41.0,39.0,0,"[""538-row:2257"", ""538-row:2258""]"
538:2020:6269:66099:122799,538_archive,2020,CO,6269,66099,122799,66099,2020-CO-ordinary-general,2020-CO-ordinary-general,general,Class II,0,11/3/20,2020-11-03,2020-04-10,2020-04-19,LV,lv,lv,379,Montana State University Bozeman/University of Denver,false,,Source flags; not independent nonpartisan verification,http://helpslab.montana.edu/documents/western_states_2020_coronavirus_survey/PoliticsPolicy_Colorado_Frequencies_01May2020_RELEASE.pdf,2,"[{""candidate_id"": ""13474"", ""candidate_name"": ""John Wright Hickenlooper"", ""party"": ""DEM"", ""answer"": ""Hickenlooper"", ""pct"": ""47.76""}, {""candidate_id"": ""13475"", ""candidate_name"": ""Cory Gardner"", ""party"": ""REP"", ""answer"": ""Gardner"", ""pct"": ""31.13""}]",false,selected,,Only eligible LV question for this poll/round,,47.76,31.13,0,"[""538-row:2265"", ""538-row:2266""]"
538:2020:6268:65742:121538,538_archive,2020,AZ,6268,65742,121538,65742,2020-AZ-special-general,2020-AZ-special-general,general,Class III,2,11/3/20,2020-11-03,2020-04-07,2020-04-08,LV,lv,lv,600,OH Predictive Insights / MBQF,false,,Source flags; not independent nonpartisan verification,https://ohpredictive.com/press-releases/markkelly_marthamcsally_senate2020/,2,"[{""candidate_id"": ""13445"", ""candidate_name"": ""Mark Kelly"", ""party"": ""DEM"", ""answer"": ""Kelly"", ""pct"": ""51.0""}, {""candidate_id"": ""13446"", ""candidate_name"": ""Martha McSally"", ""party"": ""REP"", ""answer"": ""McSally"", ""pct"": ""42.0""}]",true,selected,,Only eligible LV question for this poll/round,,51.0,42.0,0,"[""538-row:2276"", ""538-row:2277""]"
538:2020:6284:65758:121560,538_archive,2020,NC,6284,65758,121560,65758,2020-NC-ordinary-general,2020-NC-ordinary-general,general,Class II,0,11/3/20,2020-11-03,2020-04-05,2020-04-07,LV,lv,lv,500,Harper Polling,false,,Source flags; not independent nonpartisan verification,https://www.nccivitas.org/polling/headed-status-quo-election/,4,"[{""candidate_id"": ""13468"", ""candidate_name"": ""Cal Cunningham"", ""party"": ""DEM"", ""answer"": ""Cunningham"", ""pct"": ""34.0""}, {""candidate_id"": ""13461"", ""candidate_name"": ""Thomas Roland Tillis"", ""party"": ""REP"", ""answer"": ""Tillis"", ""pct"": ""38.0""}, {""candidate_id"": ""14557"", ""candidate_name"": ""Shannon W. Bray"", ""party"": ""LIB"", ""answer"": ""Bray"", ""pct"": ""2.0""}, {""candidate_id"": ""14558"", ""candidate_name"": ""Kevin Eugene Hayes"", ""party"": ""CON"", ""answer"": ""Hayes"", ""pct"": ""3.0""}]",true,selected,,Only eligible LV question for this poll/round,,34.0,38.0,5.0,"[""538-row:2278"", ""538-row:2279"", ""538-row:2280"", ""538-row:2281""]"
538:2020:6282:69586:129674,538_archive,2020,MS,6282,69586,129674,69586,2020-MS-ordinary-general,2020-MS-ordinary-general,general,Class II,2,11/3/20,2020-11-03,2020-03-10,2020-03-12,LV,lv,lv,600,The Tyson Group,false,,Source flags; not independent nonpartisan verification,https://projects.fivethirtyeight.com/polls/20200921_MS.pdf,2,"[{""candidate_id"": ""13651"", ""candidate_name"": ""Mike Espy"", ""party"": ""DEM"", ""answer"": ""Espy"", ""pct"": ""28.0""}, {""candidate_id"": ""13652"", ""candidate_name"": ""Cindy Hyde-Smith"", ""party"": ""REP"", ""answer"": ""Hyde-Smith"", ""pct"": ""54.0""}]",false,selected,,Only eligible LV question for this poll/round,,28.0,54.0,0,"[""538-row:2320"", ""538-row:2321""]"
538:2020:6289:64801:119943,538_archive,2020,OK,6289,64801,119943,64801,2020-OK-ordinary-general,2020-OK-ordinary-general,general,Class II,0,11/3/20,2020-11-03,2020-03-05,2020-03-08,LV,lv,lv,500,Amber Integrated,false,,Source flags; not independent nonpartisan verification,https://projects.fivethirtyeight.com/polls/20200311_OK.pdf,2,"[{""candidate_id"": ""14510"", ""candidate_name"": ""Abby Broyles"", ""party"": ""DEM"", ""answer"": ""Broyles"", ""pct"": ""31.0""}, {""candidate_id"": ""14511"", ""candidate_name"": ""James M. Inhofe"", ""party"": ""REP"", ""answer"": ""Inhofe"", ""pct"": ""57.0""}]",false,selected,,Only eligible LV question for this poll/round,,31.0,57.0,0,"[""538-row:2328"", ""538-row:2329""]"
538:2020:6268:64749:119891,538_archive,2020,AZ,6268,64749,119891,64749,2020-AZ-special-general,2020-AZ-special-general,general,Class III,2,11/3/20,2020-11-03,2020-03-03,2020-03-04,LV,lv,lv,600,OH Predictive Insights / MBQF,false,,Source flags; not independent nonpartisan verification,https://ohpredictive.com/press-releases/march-senate-2020/,2,"[{""candidate_id"": ""13445"", ""candidate_name"": ""Mark Kelly"", ""party"": ""DEM"", ""answer"": ""Kelly"", ""pct"": ""49.0""}, {""candidate_id"": ""13446"", ""candidate_name"": ""Martha McSally"", ""party"": ""REP"", ""answer"": ""McSally"", ""pct"": ""42.0""}]",true,selected,,Only eligible LV question for this poll/round,,49.0,42.0,0,"[""538-row:2337"", ""538-row:2338""]"
538:2020:7780:64706:119613,538_archive,2020,GA,7780,64706,119613,64706,2020-GA-special-first,2020-GA-special-first,jungle primary,Class III,2,11/3/20,2020-11-03,2020-02-24,2020-03-02,LV,lv,lv,1117,U. Georgia SPIA,false,,Source flags; not independent nonpartisan verification,https://assets.documentcloud.org/documents/6793459/SPIA-GE-Poll-Results.pdf,8,"[{""candidate_id"": ""13670"", ""candidate_name"": ""Matt Lieberman"", ""party"": ""DEM"", ""answer"": ""Lieberman"", ""pct"": ""11.2""}, {""candidate_id"": ""13669"", ""candidate_name"": ""Doug Collins"", ""party"": ""REP"", ""answer"": ""Collins"", ""pct"": ""20.6""}, {""candidate_id"": ""13671"", ""candidate_name"": ""Kelly Loeffler"", ""party"": ""REP"", ""answer"": ""Loeffler"", ""pct"": ""19.1""}, {""candidate_id"": ""14479"", ""candidate_name"": ""A. Wayne Johnson"", ""party"": ""REP"", ""answer"": ""Johnson"", ""pct"": ""3.5""}, {""candidate_id"": ""14490"", ""candidate_name"": ""Ed Tarver"", ""party"": ""DEM"", ""answer"": ""Tarver"", ""pct"": ""3.5""}, {""candidate_id"": ""14489"", ""candidate_name"": ""Raphael Warnock"", ""party"": ""DEM"", ""answer"": ""Warnock"", ""pct"": ""6.2""}, {""candidate_id"": ""14493"", ""candidate_name"": ""Richard Dien Winfield"", ""party"": ""DEM"", ""answer"": ""Winfield"", ""pct"": ""2.6""}, {""candidate_id"": ""14480"", ""candidate_name"": ""Al Bartell"", ""party"": ""IND"", ""answer"": ""Bartell"", ""pct"": ""1.9""}]",false,selected,,Only eligible LV question for this poll/round,,23.5,43.2,1.9,"[""538-row:2343"", ""538-row:2344"", ""538-row:2345"", ""538-row:2346"", ""538-row:2347"", ""538-row:2348"", ""538-row:2349"", ""538-row:2350""]"
538:2020:6279:64344:118334,538_archive,2020,ME,6279,64344,118334,64344,2020-ME-ordinary-general,2020-ME-ordinary-general,general,Class II,2,11/3/20,2020-11-03,2020-02-10,2020-02-13,LV,lv,lv,1008,SocialSphere,false,,Source flags; not independent nonpartisan verification,https://www.colby.edu/government/wp-content/uploads/sites/66/2020/02/200216_Colby_College_Maine_Topline_Final.pdf,2,"[{""candidate_id"": ""13455"", ""candidate_name"": ""Sara I. Gideon"", ""party"": ""DEM"", ""answer"": ""Gideon"", ""pct"": ""43.0""}, {""candidate_id"": ""13456"", ""candidate_name"": ""Susan M. Collins"", ""party"": ""REP"", ""answer"": ""Collins"", ""pct"": ""42.0""}]",false,selected,,Only eligible LV question for this poll/round,,43.0,42.0,0,"[""538-row:2383"", ""538-row:2384""]"
538:2020:6268:64459:118552,538_archive,2020,AZ,6268,64459,118552,64459,2020-AZ-special-general,2020-AZ-special-general,general,Class III,2,11/3/20,2020-11-03,2020-02-07,2020-02-09,LV,lv,lv,400,HighGround,false,,Source flags; not independent nonpartisan verification,https://www.azhighground.com/blog/post/breaking--mcsally-trailing-as-trump-comes-to-town,2,"[{""candidate_id"": ""13445"", ""candidate_name"": ""Mark Kelly"", ""party"": ""DEM"", ""answer"": ""Kelly"", ""pct"": ""46.0""}, {""candidate_id"": ""13446"", ""candidate_name"": ""Martha McSally"", ""party"": ""REP"", ""answer"": ""McSally"", ""pct"": ""39.3""}]",true,selected,,Only eligible LV question for this poll/round,,46.0,39.3,0,"[""538-row:2385"", ""538-row:2386""]"
538:2020:6282:63322:115963,538_archive,2020,MS,6282,63322,115963,63322,2020-MS-ordinary-general,2020-MS-ordinary-general,general,Class II,2,11/3/20,2020-11-03,2020-01-03,2020-01-07,LV,lv,lv,618,Millsaps College/Chism Strategies,false,,Source flags; not independent nonpartisan verification,https://www.scribd.com/document/443829619/Chism-Jan-2020-State-of-State-Poll,2,"[{""candidate_id"": ""13651"", ""candidate_name"": ""Mike Espy"", ""party"": ""DEM"", ""answer"": ""Espy"", ""pct"": ""36.0""}, {""candidate_id"": ""13652"", ""candidate_name"": ""Cindy Hyde-Smith"", ""party"": ""REP"", ""answer"": ""Hyde-Smith"", ""pct"": ""44.3""}]",false,selected,,Only eligible LV question for this poll/round,,36.0,44.3,0,"[""538-row:2417"", ""538-row:2418""]"
538:2020:6266:63171:115117,538_archive,2020,AL,6266,63171,115117,63171,2020-AL-ordinary-general,2020-AL-ordinary-general,general,Class II,0,11/3/20,2020-11-03,2019-12-16,2019-12-18,LV,lv,lv,525,JMC Analytics,false,,Source flags; not independent nonpartisan verification,https://winwithjmc.com/wp-content/uploads/2019/12/Alabama-Senate-Executive-Summary-General-Election-Poll-1.pdf,2,"[{""candidate_id"": ""13612"", ""candidate_name"": ""Gordon Douglas Jones"", ""party"": ""DEM"", ""answer"": ""Jones"", ""pct"": ""40.0""}, {""candidate_id"": ""13614"", ""candidate_name"": ""Tommy Tuberville"", ""party"": ""REP"", ""answer"": ""Tuberville"", ""pct"": ""47.0""}]",true,selected,,Only eligible LV question for this poll/round,,40.0,47.0,0,"[""538-row:2425"", ""538-row:2426""]"
538:2020:6292:63091:114862,538_archive,2020,SC,6292,63091,114862,63091,2020-SC-ordinary-general,2020-SC-ordinary-general,general,Class II,0,11/3/20,2020-11-03,2019-12-06,2019-12-11,LV,lv,lv,998,Change Research,false,,Source flags; not independent nonpartisan verification,https://www.changeresearch.com/post/south-carolina-post-and-courier-poll-december,2,"[{""candidate_id"": ""13457"", ""candidate_name"": ""Jaime Harrison"", ""party"": ""DEM"", ""answer"": ""Harrison"", ""pct"": ""45.0""}, {""candidate_id"": ""13458"", ""candidate_name"": ""Lindsey Graham"", ""party"": ""REP"", ""answer"": ""Graham"", ""pct"": ""47.0""}]",false,selected,,Only eligible LV question for this poll/round,,45.0,47.0,0,"[""538-row:2440"", ""538-row:2441""]"
538:2020:6268:63024:114801,538_archive,2020,AZ,6268,63024,114801,63024,2020-AZ-special-general,2020-AZ-special-general,general,Class III,2,11/3/20,2020-11-03,2019-12-03,2019-12-04,LV,lv,lv,628,OH Predictive Insights / MBQF,false,,Source flags; not independent nonpartisan verification,https://ohpredictive.com/press-releases/poll-mcsally-gains-ground-in-az-senate-race/,2,"[{""candidate_id"": ""13445"", ""candidate_name"": ""Mark Kelly"", ""party"": ""DEM"", ""answer"": ""Kelly"", ""pct"": ""47.0""}, {""candidate_id"": ""13446"", ""candidate_name"": ""Martha McSally"", ""party"": ""REP"", ""answer"": ""McSally"", ""pct"": ""44.0""}]",true,selected,,Only eligible LV question for this poll/round,,47.0,44.0,0,"[""538-row:2442"", ""538-row:2443""]"
538:2020:6269:60263:105312,538_archive,2020,CO,6269,60263,105312,60263,2020-CO-ordinary-general,2020-CO-ordinary-general,general,Class II,0,11/3/20,2020-11-03,2019-10-10,2019-10-14,LV,lv,lv,500,Keating Research/OnSight Public Affairs/Melanson,false,,Source flags; not independent nonpartisan verification,http://onsightpublicaffairs.com/2019/10/majority-of-colo-voters-support-impeachment-inquiry-into-president-donald-trump-in-new-kom-poll/,2,"[{""candidate_id"": ""13474"", ""candidate_name"": ""John Wright Hickenlooper"", ""party"": ""DEM"", ""answer"": ""Hickenlooper"", ""pct"": ""53.0""}, {""candidate_id"": ""13475"", ""candidate_name"": ""Cory Gardner"", ""party"": ""REP"", ""answer"": ""Gardner"", ""pct"": ""42.0""}]",false,selected,,Only eligible LV question for this poll/round,,53.0,42.0,0,"[""538-row:2468"", ""538-row:2469""]"
538:2020:6268:58960:100842,538_archive,2020,AZ,6268,58960,100842,58960,2020-AZ-special-general,2020-AZ-special-general,general,Class III,2,11/3/20,2020-11-03,2019-08-13,2019-08-14,LV,lv,lv,600,OH Predictive Insights / MBQF,false,,Source flags; not independent nonpartisan verification,https://ohpredictive.com/press-releases/poll-kelly-flies-by-mcsally-in-q3/,2,"[{""candidate_id"": ""13445"", ""candidate_name"": ""Mark Kelly"", ""party"": ""DEM"", ""answer"": ""Kelly"", ""pct"": ""46.0""}, {""candidate_id"": ""13446"", ""candidate_name"": ""Martha McSally"", ""party"": ""REP"", ""answer"": ""McSally"", ""pct"": ""41.0""}]",true,selected,,Only eligible LV question for this poll/round,,46.0,41.0,0,"[""538-row:2504"", ""538-row:2505""]"
538:2020:6279:59573:102690,538_archive,2020,ME,6279,59573,102690,59573,2020-ME-ordinary-general,2020-ME-ordinary-general,general,Class II,2,11/3/20,2020-11-03,2019-07-29,2019-07-31,LV,lv,lv,600,Fabrizio Ward,false,,Source flags; not independent nonpartisan verification,https://www.aarp.org/content/dam/aarp/research/surveys_statistics/politics/2019/five-state-prescription-drug-survey-annotated-questionnaire-ME.doi.10.26419-2Fres.00335.004.pdf,2,"[{""candidate_id"": ""13455"", ""candidate_name"": ""Sara I. Gideon"", ""party"": ""DEM"", ""answer"": ""Gideon"", ""pct"": ""35.0""}, {""candidate_id"": ""13456"", ""candidate_name"": ""Susan M. Collins"", ""party"": ""REP"", ""answer"": ""Collins"", ""pct"": ""52.0""}]",false,selected,,Only eligible LV question for this poll/round,,35.0,52.0,0,"[""538-row:2514"", ""538-row:2515""]"
538:2020:6268:59584:102774,538_archive,2020,AZ,6268,59584,102774,59584,2020-AZ-special-general,2020-AZ-special-general,general,Class III,2,11/3/20,2020-11-03,2019-07-29,2019-07-31,LV,lv,lv,600,Fabrizio Ward,false,,Source flags; not independent nonpartisan verification,https://www.aarp.org/content/dam/aarp/research/surveys_statistics/politics/2019/five-state-prescription-drug-survey-annotated-questionnaire-AZ.doi.10.26419-2Fres.00335.001.pdf,2,"[{""candidate_id"": ""13445"", ""candidate_name"": ""Mark Kelly"", ""party"": ""DEM"", ""answer"": ""Kelly"", ""pct"": ""44.0""}, {""candidate_id"": ""13446"", ""candidate_name"": ""Martha McSally"", ""party"": ""REP"", ""answer"": ""McSally"", ""pct"": ""45.0""}]",true,selected,,Only eligible LV question for this poll/round,,44.0,45.0,0,"[""538-row:2516"", ""538-row:2517""]"
538:2020:6284:59587:102777,538_archive,2020,NC,6284,59587,102777,59587,2020-NC-ordinary-general,2020-NC-ordinary-general,general,Class II,0,11/3/20,2020-11-03,2019-07-29,2019-07-31,LV,lv,lv,600,Fabrizio Ward,false,,Source flags; not independent nonpartisan verification,https://www.aarp.org/content/dam/aarp/research/surveys_statistics/politics/2019/five-state-prescription-drug-survey-annotated-questionnaire-NC.doi.10.26419-2Fres.00335.005.pdf,2,"[{""candidate_id"": ""13468"", ""candidate_name"": ""Cal Cunningham"", ""party"": ""DEM"", ""answer"": ""Cunningham"", ""pct"": ""42.0""}, {""candidate_id"": ""13461"", ""candidate_name"": ""Thomas Roland Tillis"", ""party"": ""REP"", ""answer"": ""Tillis"", ""pct"": ""41.0""}]",false,selected,,Only eligible LV question for this poll/round,,42.0,41.0,0,"[""538-row:2522"", ""538-row:2523""]"
538:2020:6268:58013:100826,538_archive,2020,AZ,6268,58013,100826,58013,2020-AZ-special-general,2020-AZ-special-general,general,Class III,2,11/3/20,2020-11-03,2019-05-01,2019-05-02,LV,lv,lv,600,OH Predictive Insights / MBQF,false,,Source flags; not independent nonpartisan verification,https://ohpredictive.com/press-releases/poll-former-astronaut-mark-kelly-hot-on-sen-mcsallys-six/,2,"[{""candidate_id"": ""13445"", ""candidate_name"": ""Mark Kelly"", ""party"": ""DEM"", ""answer"": ""Kelly"", ""pct"": ""44.0""}, {""candidate_id"": ""13446"", ""candidate_name"": ""Martha McSally"", ""party"": ""REP"", ""answer"": ""McSally"", ""pct"": ""45.0""}]",true,selected,,Only eligible LV question for this poll/round,,44.0,45.0,0,"[""538-row:2543"", ""538-row:2544""]"
538:2020:6279:58954:100823,538_archive,2020,ME,6279,58954,100823,58954,2020-ME-ordinary-general,2020-ME-ordinary-general,general,Class II,2,11/3/20,2020-11-03,2019-03-04,2019-03-13,LV,lv,lv,500,Pan Atlantic/SMS,false,,Source flags; not independent nonpartisan verification,https://drive.google.com/file/d/0B_W8V6ab5O57VlZHQ1NsR0ZIb0JBM20zU2xkbDktWThwUFow/view,2,"[{""candidate_id"": ""13455"", ""candidate_name"": ""Sara I. Gideon"", ""party"": ""DEM"", ""answer"": ""Gideon"", ""pct"": ""29.1""}, {""candidate_id"": ""13456"", ""candidate_name"": ""Susan M. Collins"", ""party"": ""REP"", ""answer"": ""Collins"", ""pct"": ""51.2""}]",false,selected,,Only eligible LV question for this poll/round,,29.1,51.2,0,"[""538-row:2555"", ""538-row:2556""]"
538:2018:6209:56923:91852,538_archive,2018,MS,6209,56923,91852,56923,2018-MS-special-runoff,2018-MS-special-runoff,runoff,Class II,2,11/27/18,2018-11-27,2018-11-25,2018-11-25,LV,lv,lv,1211,Change Research,false,,Source flags; not independent nonpartisan verification,https://twitter.com/ChangePolls/status/1067122676819406848,2,"[{""candidate_id"": ""13168"", ""candidate_name"": ""Mike Espy"", ""party"": ""DEM"", ""answer"": ""Espy"", ""pct"": ""46.0""}, {""candidate_id"": ""13169"", ""candidate_name"": ""Cindy Hyde-Smith"", ""party"": ""REP"", ""answer"": ""Hyde-Smith"", ""pct"": ""51.0""}]",true,selected,,Only eligible LV question for this poll/round,,46.0,51.0,0,"[""538-row:2575"", ""538-row:2576""]"
538:2018:6209:56921:91850,538_archive,2018,MS,6209,56921,91850,56921,2018-MS-special-runoff,2018-MS-special-runoff,runoff,Class II,2,11/27/18,2018-11-27,2018-11-19,2018-11-24,LV,lv,lv,684,JMC Analytics/Bold Blue Campaigns,false,,Source flags; not independent nonpartisan verification,https://rrhelections.com/index.php/2018/11/25/rrh-elections-mississippi-senate-runoff-poll-cindy-hyde-smith-r-leads-mike-espy-d-54-44/,2,"[{""candidate_id"": ""13168"", ""candidate_name"": ""Mike Espy"", ""party"": ""DEM"", ""answer"": ""Espy"", ""pct"": ""44.0""}, {""candidate_id"": ""13169"", ""candidate_name"": ""Cindy Hyde-Smith"", ""party"": ""REP"", ""answer"": ""Hyde-Smith"", ""pct"": ""54.0""}]",true,selected,,Only eligible LV question for this poll/round,,44.0,54.0,0,"[""538-row:2577"", ""538-row:2578""]"
538:2018:106:56815:91569,538_archive,2018,MI,106,56815,91569,56815,2018-MI-ordinary-general,2018-MI-ordinary-general,general,Class I,0,11/6/18,2018-11-06,2018-11-05,2018-11-05,LV,lv,lv,827,Mitchell,false,,Source flags; not independent nonpartisan verification,https://www.realclearpolitics.com/docs/Mitchell_Poll_Press_Release_11_5_18_A.pdf,2,"[{""candidate_id"": ""11408"", ""candidate_name"": ""Debbie Stabenow"", ""party"": ""DEM"", ""answer"": ""Stabenow"", ""pct"": ""49.0""}, {""candidate_id"": ""11409"", ""candidate_name"": ""John James"", ""party"": ""REP"", ""answer"": ""James"", ""pct"": ""46.0""}]",false,selected,,Only eligible LV question for this poll/round,,49.0,46.0,0,"[""538-row:2579"", ""538-row:2580""]"
538:2018:96:56829:91590,538_archive,2018,AZ,96,56829,91590,56829,2018-AZ-ordinary-general,2018-AZ-ordinary-general,general,Class I,0,11/6/18,2018-11-06,2018-11-03,2018-11-05,LV,lv,lv,600,HarrisX,false,,Source flags; not independent nonpartisan verification,https://www.alliancenrfpoll.com/,2,"[{""candidate_id"": ""12409"", ""candidate_name"": ""Kyrsten Sinema"", ""party"": ""DEM"", ""answer"": ""Sinema"", ""pct"": ""48.6""}, {""candidate_id"": ""12410"", ""candidate_name"": ""Martha McSally"", ""party"": ""REP"", ""answer"": ""McSally"", ""pct"": ""44.0""}]",false,selected,,Only eligible LV question for this poll/round,,48.6,44.0,0,"[""538-row:2587"", ""538-row:2588""]"
538:2018:100:56830:91591,538_archive,2018,FL,100,56830,91591,56830,2018-FL-ordinary-general,2018-FL-ordinary-general,general,Class I,0,11/6/18,2018-11-06,2018-11-03,2018-11-05,LV,lv,lv,600,HarrisX,false,,Source flags; not independent nonpartisan verification,https://www.alliancenrfpoll.com/,2,"[{""candidate_id"": ""12413"", ""candidate_name"": ""Bill Nelson"", ""party"": ""DEM"", ""answer"": ""Nelson"", ""pct"": ""47.6""}, {""candidate_id"": ""12414"", ""candidate_name"": ""Rick Scott"", ""party"": ""REP"", ""answer"": ""Scott"", ""pct"": ""48.2""}]",true,selected,,Only eligible LV question for this poll/round,,47.6,48.2,0,"[""538-row:2589"", ""538-row:2590""]"
538:2018:102:56832:91592,538_archive,2018,IN,102,56832,91592,56832,2018-IN-ordinary-general,2018-IN-ordinary-general,general,Class I,0,11/6/18,2018-11-06,2018-11-03,2018-11-05,LV,lv,lv,600,HarrisX,false,,Source flags; not independent nonpartisan verification,https://www.alliancenrfpoll.com/,2,"[{""candidate_id"": ""11128"", ""candidate_name"": ""Joe Donnelly"", ""party"": ""DEM"", ""answer"": ""Donnelly"", ""pct"": ""41.8""}, {""candidate_id"": ""11129"", ""candidate_name"": ""Mike Braun"", ""party"": ""REP"", ""answer"": ""Braun"", ""pct"": ""42.9""}]",false,selected,,Only eligible LV question for this poll/round,,41.8,42.9,0,"[""538-row:2593"", ""538-row:2594""]"
538:2018:109:56833:91593,538_archive,2018,MO,109,56833,91593,56833,2018-MO-ordinary-general,2018-MO-ordinary-general,general,Class I,0,11/6/18,2018-11-06,2018-11-03,2018-11-05,LV,lv,lv,600,HarrisX,false,,Source flags; not independent nonpartisan verification,https://www.alliancenrfpoll.com/,2,"[{""candidate_id"": ""11410"", ""candidate_name"": ""Claire McCaskill"", ""party"": ""DEM"", ""answer"": ""McCaskill"", ""pct"": ""44.7""}, {""candidate_id"": ""11411"", ""candidate_name"": ""Josh Hawley"", ""party"": ""REP"", ""answer"": ""Hawley"", ""pct"": ""45.5""}]",false,selected,,Only eligible LV question for this poll/round,,44.7,45.5,0,"[""538-row:2595"", ""538-row:2596""]"
538:2018:110:56834:91594,538_archive,2018,MT,110,56834,91594,56834,2018-MT-ordinary-general,2018-MT-ordinary-general,general,Class I,0,11/6/18,2018-11-06,2018-11-01,2018-11-05,LV,lv,lv,500,HarrisX,false,,Source flags; not independent nonpartisan verification,https://www.alliancenrfpoll.com/,2,"[{""candidate_id"": ""11140"", ""candidate_name"": ""Jon Tester"", ""party"": ""DEM"", ""answer"": ""Tester"", ""pct"": ""49.9""}, {""candidate_id"": ""11141"", ""candidate_name"": ""Matt Rosendale"", ""party"": ""REP"", ""answer"": ""Rosendale"", ""pct"": ""42.1""}]",false,selected,,Only eligible LV question for this poll/round,,49.9,42.1,0,"[""538-row:2601"", ""538-row:2602""]"
538:2018:106:56772:91482,538_archive,2018,MI,106,56772,91482,56772,2018-MI-ordinary-general,2018-MI-ordinary-general,general,Class I,0,11/6/18,2018-11-06,2018-11-04,2018-11-04,LV,lv,lv,701,Mitchell,false,,Source flags; not independent nonpartisan verification,https://www.realclearpolitics.com/docs/MI_11-18_Mitchell_Poll_Press_Release_11-5-18_.pdf,2,"[{""candidate_id"": ""11408"", ""candidate_name"": ""Debbie Stabenow"", ""party"": ""DEM"", ""answer"": ""Stabenow"", ""pct"": ""53.0""}, {""candidate_id"": ""11409"", ""candidate_name"": ""John James"", ""party"": ""REP"", ""answer"": ""James"", ""pct"": ""46.0""}]",false,selected,,Only eligible LV question for this poll/round,,53.0,46.0,0,"[""538-row:2603"", ""538-row:2604""]"
538:2018:100:56771:91481,538_archive,2018,FL,100,56771,91481,56771,2018-FL-ordinary-general,2018-FL-ordinary-general,general,Class I,0,11/6/18,2018-11-06,2018-11-03,2018-11-04,LV,lv,lv,3088,St. Pete Polls,false,,Source flags; not independent nonpartisan verification,http://stpetepolls.org/files/StPetePolls_2018_State_GEN_GovSenCFO_November04_UI8E.pdf,2,"[{""candidate_id"": ""12413"", ""candidate_name"": ""Bill Nelson"", ""party"": ""DEM"", ""answer"": ""Nelson"", ""pct"": ""49.9""}, {""candidate_id"": ""12414"", ""candidate_name"": ""Rick Scott"", ""party"": ""REP"", ""answer"": ""Scott"", ""pct"": ""46.2""}]",true,selected,,Only eligible LV question for this poll/round,,49.9,46.2,0,"[""538-row:2605"", ""538-row:2606""]"
538:2018:118:56758:91449,538_archive,2018,PA,118,56758,91449,56758,2018-PA-ordinary-general,2018-PA-ordinary-general,general,Class I,0,11/6/18,2018-11-06,2018-11-02,2018-11-04,LV,lv,lv,1833,Change Research,false,,Source flags; not independent nonpartisan verification,https://twitter.com/ChangePolls/status/1059298234261094401,4,"[{""candidate_id"": ""11138"", ""candidate_name"": ""Robert P. Casey Jr."", ""party"": ""DEM"", ""answer"": ""Casey"", ""pct"": ""51.0""}, {""candidate_id"": ""11139"", ""candidate_name"": ""Lou Barletta"", ""party"": ""REP"", ""answer"": ""Barletta"", ""pct"": ""44.0""}, {""candidate_id"": ""12449"", ""candidate_name"": ""Neal Taylor Gale"", ""party"": ""GRE"", ""answer"": ""Gale"", ""pct"": ""2.0""}, {""candidate_id"": ""12448"", ""candidate_name"": ""Dale R. Kerns"", ""party"": ""LIB"", ""answer"": ""Kerns"", ""pct"": ""1.0""}]",true,selected,,Only eligible LV question for this poll/round,,51.0,44.0,3.0,"[""538-row:2607"", ""538-row:2608"", ""538-row:2609"", ""538-row:2610""]"
538:2018:128:56761:91450,538_archive,2018,WY,128,56761,91450,56761,2018-WY-ordinary-general,2018-WY-ordinary-general,general,Class I,0,11/6/18,2018-11-06,2018-11-02,2018-11-04,LV,lv,lv,858,Change Research,false,,Source flags; not independent nonpartisan verification,https://twitter.com/ChangePolls/status/1059302555488935936,3,"[{""candidate_id"": ""13244"", ""candidate_name"": ""Gary Trauner"", ""party"": ""DEM"", ""answer"": ""Trauner"", ""pct"": ""31.0""}, {""candidate_id"": ""13245"", ""candidate_name"": ""John Barrasso"", ""party"": ""REP"", ""answer"": ""Barrasso"", ""pct"": ""60.0""}, {""candidate_id"": ""13246"", ""candidate_name"": ""Joseph Porambo"", ""party"": ""LIB"", ""answer"": ""Porambo"", ""pct"": ""6.0""}]",true,selected,,Only eligible LV question for this poll/round,,31.0,60.0,6.0,"[""538-row:2611"", ""538-row:2612"", ""538-row:2613""]"
538:2018:110:56762:91446,538_archive,2018,MT,110,56762,91446,56762,2018-MT-ordinary-general,2018-MT-ordinary-general,general,Class I,0,11/6/18,2018-11-06,2018-11-02,2018-11-04,LV,lv,lv,879,Change Research,false,,Source flags; not independent nonpartisan verification,https://twitter.com/ChangePolls/status/1059294833053855744,3,"[{""candidate_id"": ""11140"", ""candidate_name"": ""Jon Tester"", ""party"": ""DEM"", ""answer"": ""Tester"", ""pct"": ""46.0""}, {""candidate_id"": ""11141"", ""candidate_name"": ""Matt Rosendale"", ""party"": ""REP"", ""answer"": ""Rosendale"", ""pct"": ""49.0""}, {""candidate_id"": ""13183"", ""candidate_name"": ""Rick Breckenridge"", ""party"": ""LIB"", ""answer"": ""Breckenridge"", ""pct"": ""3.0""}]",true,selected,,Only eligible LV question for this poll/round,,46.0,49.0,3.0,"[""538-row:2614"", ""538-row:2615"", ""538-row:2616""]"
538:2018:113:56763:91447,538_archive,2018,NJ,113,56763,91447,56763,2018-NJ-ordinary-general,2018-NJ-ordinary-general,general,Class I,0,11/6/18,2018-11-06,2018-11-02,2018-11-04,LV,lv,lv,1006,Change Research,false,,Source flags; not independent nonpartisan verification,https://twitter.com/ChangePolls/status/1059296108386562048,2,"[{""candidate_id"": ""11144"", ""candidate_name"": ""Robert Menendez"", ""party"": ""DEM"", ""answer"": ""Menendez"", ""pct"": ""51.0""}, {""candidate_id"": ""11145"", ""candidate_name"": ""Bob Hugin"", ""party"": ""REP"", ""answer"": ""Hugin"", ""pct"": ""41.0""}]",false,selected,,Only eligible LV question for this poll/round,,51.0,41.0,0,"[""538-row:2617"", ""538-row:2618""]"
538:2018:107:56797:91537,538_archive,2018,MN,107,56797,91537,56797,2018-MN-ordinary-general,2018-MN-ordinary-general,general,Class I,0,11/6/18,2018-11-06,2018-11-02,2018-11-04,LV,lv,lv,953,Change Research,false,,Source flags; not independent nonpartisan verification,https://twitter.com/ChangePolls/status/1059563908942286853,4,"[{""candidate_id"": ""12373"", ""candidate_name"": ""Amy Klobuchar"", ""party"": ""DEM"", ""answer"": ""Klobuchar"", ""pct"": ""55.0""}, {""candidate_id"": ""12374"", ""candidate_name"": ""Jim Newberger"", ""party"": ""REP"", ""answer"": ""Newberger"", ""pct"": ""40.0""}, {""candidate_id"": ""12425"", ""candidate_name"": ""Dennis Schuller"", ""party"": ""IND"", ""answer"": ""Schuller"", ""pct"": ""3.0""}, {""candidate_id"": ""12424"", ""candidate_name"": ""Paula M. Overby"", ""party"": ""GRE"", ""answer"": ""Overby"", ""pct"": ""2.0""}]",true,selected,,Only eligible LV question for this poll/round,,55.0,40.0,5.0,"[""538-row:2621"", ""538-row:2622"", ""538-row:2623"", ""538-row:2624""]"
538:2018:129:56797:91538,538_archive,2018,MN,129,56797,91538,56797,2018-MN-special-general,2018-MN-special-general,general,Class II,2,11/6/18,2018-11-06,2018-11-02,2018-11-04,LV,lv,lv,953,Change Research,false,,Source flags; not independent nonpartisan verification,https://twitter.com/ChangePolls/status/1059564017641914368,4,"[{""candidate_id"": ""12376"", ""candidate_name"": ""Tina Smith"", ""party"": ""DEM"", ""answer"": ""Smith"", ""pct"": ""51.0""}, {""candidate_id"": ""12375"", ""candidate_name"": ""Karin Housley"", ""party"": ""REP"", ""answer"": ""Housley"", ""pct"": ""42.0""}, {""candidate_id"": ""12426"", ""candidate_name"": ""Sarah Wellington"", ""party"": ""IND"", ""answer"": ""Wellington"", ""pct"": ""3.0""}, {""candidate_id"": ""12427"", ""candidate_name"": ""Jerry Trooien"", ""party"": ""IND"", ""answer"": ""Trooien"", ""pct"": ""2.0""}]",true,selected,,Only eligible LV question for this poll/round,,51.0,42.0,5.0,"[""538-row:2625"", ""538-row:2626"", ""538-row:2627"", ""538-row:2628""]"
538:2018:96:56798:91539,538_archive,2018,AZ,96,56798,91539,56798,2018-AZ-ordinary-general,2018-AZ-ordinary-general,general,Class I,0,11/6/18,2018-11-06,2018-11-02,2018-11-04,LV,lv,lv,600,HarrisX,false,,Source flags; not independent nonpartisan verification,https://www.alliancenrfpoll.com/,2,"[{""candidate_id"": ""12409"", ""candidate_name"": ""Kyrsten Sinema"", ""party"": ""DEM"", ""answer"": ""Sinema"", ""pct"": ""47.3""}, {""candidate_id"": ""12410"", ""candidate_name"": ""Martha McSally"", ""party"": ""REP"", ""answer"": ""McSally"", ""pct"": ""46.4""}]",false,selected,,Only eligible LV question for this poll/round,,47.3,46.4,0,"[""538-row:2629"", ""538-row:2630""]"
538:2018:100:56799:91540,538_archive,2018,FL,100,56799,91540,56799,2018-FL-ordinary-general,2018-FL-ordinary-general,general,Class I,0,11/6/18,2018-11-06,2018-11-02,2018-11-04,LV,lv,lv,600,HarrisX,false,,Source flags; not independent nonpartisan verification,https://www.alliancenrfpoll.com/,2,"[{""candidate_id"": ""12413"", ""candidate_name"": ""Bill Nelson"", ""party"": ""DEM"", ""answer"": ""Nelson"", ""pct"": ""45.2""}, {""candidate_id"": ""12414"", ""candidate_name"": ""Rick Scott"", ""party"": ""REP"", ""answer"": ""Scott"", ""pct"": ""49.1""}]",true,selected,,Only eligible LV question for this poll/round,,45.2,49.1,0,"[""538-row:2631"", ""538-row:2632""]"
538:2018:108:56806:91534,538_archive,2018,MS,108,56806,91534,56806,2018-MS-ordinary-general,2018-MS-ordinary-general,general,Class I,0,11/6/18,2018-11-06,2018-11-02,2018-11-04,LV,lv,lv,1003,Change Research,false,,Source flags; not independent nonpartisan verification,https://twitter.com/ChangePolls/status/1059562237898055681,4,"[{""candidate_id"": ""11416"", ""candidate_name"": ""David Baria"", ""party"": ""DEM"", ""answer"": ""Baria"", ""pct"": ""40.0""}, {""candidate_id"": ""11417"", ""candidate_name"": ""Roger F. Wicker"", ""party"": ""REP"", ""answer"": ""Wicker"", ""pct"": ""48.0""}, {""candidate_id"": ""11419"", ""candidate_name"": ""Danny Bedwell"", ""party"": ""LIB"", ""answer"": ""Bedwell"", ""pct"": ""5.0""}, {""candidate_id"": ""11418"", ""candidate_name"": ""Shawn R. O'Hara"", ""party"": ""REF"", ""answer"": ""O'Hara"", ""pct"": ""3.0""}]",true,selected,,Only eligible LV question for this poll/round,,40.0,48.0,8.0,"[""538-row:2635"", ""538-row:2636"", ""538-row:2637"", ""538-row:2638""]"
538:2018:102:56807:91541,538_archive,2018,IN,102,56807,91541,56807,2018-IN-ordinary-general,2018-IN-ordinary-general,general,Class I,0,11/6/18,2018-11-06,2018-11-02,2018-11-04,LV,lv,lv,600,HarrisX,false,,Source flags; not independent nonpartisan verification,https://www.alliancenrfpoll.com/,2,"[{""candidate_id"": ""11128"", ""candidate_name"": ""Joe Donnelly"", ""party"": ""DEM"", ""answer"": ""Donnelly"", ""pct"": ""43.3""}, {""candidate_id"": ""11129"", ""candidate_name"": ""Mike Braun"", ""party"": ""REP"", ""answer"": ""Braun"", ""pct"": ""40.5""}]",false,selected,,Only eligible LV question for this poll/round,,43.3,40.5,0,"[""538-row:2643"", ""538-row:2644""]"
538:2018:109:56808:91542,538_archive,2018,MO,109,56808,91542,56808,2018-MO-ordinary-general,2018-MO-ordinary-general,general,Class I,0,11/6/18,2018-11-06,2018-11-02,2018-11-04,LV,lv,lv,600,HarrisX,false,,Source flags; not independent nonpartisan verification,https://www.alliancenrfpoll.com/,2,"[{""candidate_id"": ""11410"", ""candidate_name"": ""Claire McCaskill"", ""party"": ""DEM"", ""answer"": ""McCaskill"", ""pct"": ""44.4""}, {""candidate_id"": ""11411"", ""candidate_name"": ""Josh Hawley"", ""party"": ""REP"", ""answer"": ""Hawley"", ""pct"": ""46.7""}]",false,selected,,Only eligible LV question for this poll/round,,44.4,46.7,0,"[""538-row:2645"", ""538-row:2646""]"
538:2018:106:56811:91553,538_archive,2018,MI,106,56811,91553,56811,2018-MI-ordinary-general,2018-MI-ordinary-general,general,Class I,0,11/6/18,2018-11-06,2018-11-02,2018-11-04,LV,lv,lv,880,Change Research,false,,Source flags; not independent nonpartisan verification,https://twitter.com/ChangePolls/status/1059563232539471872,5,"[{""candidate_id"": ""11408"", ""candidate_name"": ""Debbie Stabenow"", ""party"": ""DEM"", ""answer"": ""Stabenow"", ""pct"": ""49.0""}, {""candidate_id"": ""11409"", ""candidate_name"": ""John James"", ""party"": ""REP"", ""answer"": ""James"", ""pct"": ""47.0""}, {""candidate_id"": ""13231"", ""candidate_name"": ""George E. Huffman"", ""party"": ""UST"", ""answer"": ""Huffman"", ""pct"": ""1.0""}, {""candidate_id"": ""13232"", ""candidate_name"": ""Marcia Squier"", ""party"": ""GRE"", ""answer"": ""Squier"", ""pct"": ""1.0""}, {""candidate_id"": ""13233"", ""candidate_name"": ""John Howard Wilhelm"", ""party"": ""NLP"", ""answer"": ""Wilhelm"", ""pct"": ""1.0""}]",true,selected,,Only eligible LV question for this poll/round,,49.0,47.0,3.0,"[""538-row:2647"", ""538-row:2648"", ""538-row:2649"", ""538-row:2650"", ""538-row:2651""]"
538:2018:110:56809:91543,538_archive,2018,MT,110,56809,91543,56809,2018-MT-ordinary-general,2018-MT-ordinary-general,general,Class I,0,11/6/18,2018-11-06,2018-10-31,2018-11-04,LV,lv,lv,500,HarrisX,false,,Source flags; not independent nonpartisan verification,https://www.alliancenrfpoll.com/,2,"[{""candidate_id"": ""11140"", ""candidate_name"": ""Jon Tester"", ""party"": ""DEM"", ""answer"": ""Tester"", ""pct"": ""48.5""}, {""candidate_id"": ""11141"", ""candidate_name"": ""Matt Rosendale"", ""party"": ""REP"", ""answer"": ""Rosendale"", ""pct"": ""43.0""}]",false,selected,,Only eligible LV question for this poll/round,,48.5,43.0,0,"[""538-row:2656"", ""538-row:2657""]"
538:2018:100:56770:91479,538_archive,2018,FL,100,56770,91479,56770,2018-FL-ordinary-general,2018-FL-ordinary-general,general,Class I,0,11/6/18,2018-11-06,2018-10-29,2018-11-04,LV,lv,lv,1142,Quinnipiac,false,,Source flags; not independent nonpartisan verification,https://poll.qu.edu/images/polling/fl/fl11052018_frqt85.pdf/,2,"[{""candidate_id"": ""12413"", ""candidate_name"": ""Bill Nelson"", ""party"": ""DEM"", ""answer"": ""Nelson"", ""pct"": ""51.0""}, {""candidate_id"": ""12414"", ""candidate_name"": ""Rick Scott"", ""party"": ""REP"", ""answer"": ""Scott"", ""pct"": ""44.0""}]",true,selected,,Only eligible LV question for this poll/round,,51.0,44.0,0,"[""538-row:2660"", ""538-row:2661""]"
538:2018:113:56774:91480,538_archive,2018,NJ,113,56774,91480,56774,2018-NJ-ordinary-general,2018-NJ-ordinary-general,general,Class I,0,11/6/18,2018-11-06,2018-10-29,2018-11-04,LV,lv,lv,1115,Quinnipiac,false,,Source flags; not independent nonpartisan verification,https://poll.qu.edu/images/polling/nj/nj11052018_nhce62.pdf/,2,"[{""candidate_id"": ""11144"", ""candidate_name"": ""Robert Menendez"", ""party"": ""DEM"", ""answer"": ""Menendez"", ""pct"": ""55.0""}, {""candidate_id"": ""11145"", ""candidate_name"": ""Bob Hugin"", ""party"": ""REP"", ""answer"": ""Hugin"", ""pct"": ""40.0""}]",false,selected,,Only eligible LV question for this poll/round,,55.0,40.0,0,"[""538-row:2662"", ""538-row:2663""]"
538:2018:96:56765:91458,538_archive,2018,AZ,96,56765,91458,56765,2018-AZ-ordinary-general,2018-AZ-ordinary-general,general,Class I,0,11/6/18,2018-11-06,2018-11-02,2018-11-03,LV,lv,lv,631,OH Predictive Insights / MBQF,false,,Source flags; not independent nonpartisan verification,http://createsend.com/t/i-9C28BF62A01126BA2540EF23F30FEDED,3,"[{""candidate_id"": ""12409"", ""candidate_name"": ""Kyrsten Sinema"", ""party"": ""DEM"", ""answer"": ""Sinema"", ""pct"": ""48.0""}, {""candidate_id"": ""12410"", ""candidate_name"": ""Martha McSally"", ""party"": ""REP"", ""answer"": ""McSally"", ""pct"": ""49.0""}, {""candidate_id"": ""13146"", ""candidate_name"": ""Angela Green"", ""party"": ""GRE"", ""answer"": ""Green"", ""pct"": ""0.0""}]",true,selected,,Only eligible LV question for this poll/round,,48.0,49.0,0.0,"[""538-row:2664"", ""538-row:2665"", ""538-row:2666""]"
538:2018:96:56750:91433,538_archive,2018,AZ,96,56750,91433,56750,2018-AZ-ordinary-general,2018-AZ-ordinary-general,general,Class I,0,11/6/18,2018-11-06,2018-11-01,2018-11-03,LV,lv,lv,600,HarrisX,false,,Source flags; not independent nonpartisan verification,https://www.alliancenrfpoll.com/,2,"[{""candidate_id"": ""12409"", ""candidate_name"": ""Kyrsten Sinema"", ""party"": ""DEM"", ""answer"": ""Sinema"", ""pct"": ""45.6""}, {""candidate_id"": ""12410"", ""candidate_name"": ""Martha McSally"", ""party"": ""REP"", ""answer"": ""McSally"", ""pct"": ""47.7""}]",false,selected,,Only eligible LV question for this poll/round,,45.6,47.7,0,"[""538-row:2679"", ""538-row:2680""]"
538:2018:100:56751:91434,538_archive,2018,FL,100,56751,91434,56751,2018-FL-ordinary-general,2018-FL-ordinary-general,general,Class I,0,11/6/18,2018-11-06,2018-11-01,2018-11-03,LV,lv,lv,600,HarrisX,false,,Source flags; not independent nonpartisan verification,https://www.alliancenrfpoll.com/,2,"[{""candidate_id"": ""12413"", ""candidate_name"": ""Bill Nelson"", ""party"": ""DEM"", ""answer"": ""Nelson"", ""pct"": ""45.4""}, {""candidate_id"": ""12414"", ""candidate_name"": ""Rick Scott"", ""party"": ""REP"", ""answer"": ""Scott"", ""pct"": ""47.1""}]",true,selected,,Only eligible LV question for this poll/round,,45.4,47.1,0,"[""538-row:2681"", ""538-row:2682""]"
538:2018:102:56753:91435,538_archive,2018,IN,102,56753,91435,56753,2018-IN-ordinary-general,2018-IN-ordinary-general,general,Class I,0,11/6/18,2018-11-06,2018-11-01,2018-11-03,LV,lv,lv,600,HarrisX,false,,Source flags; not independent nonpartisan verification,https://www.alliancenrfpoll.com/,2,"[{""candidate_id"": ""11128"", ""candidate_name"": ""Joe Donnelly"", ""party"": ""DEM"", ""answer"": ""Donnelly"", ""pct"": ""42.6""}, {""candidate_id"": ""11129"", ""candidate_name"": ""Mike Braun"", ""party"": ""REP"", ""answer"": ""Braun"", ""pct"": ""42.4""}]",false,selected,,Only eligible LV question for this poll/round,,42.6,42.4,0,"[""538-row:2685"", ""538-row:2686""]"
538:2018:109:56754:91436,538_archive,2018,MO,109,56754,91436,56754,2018-MO-ordinary-general,2018-MO-ordinary-general,general,Class I,0,11/6/18,2018-11-06,2018-11-01,2018-11-03,LV,lv,lv,600,HarrisX,false,,Source flags; not independent nonpartisan verification,https://www.alliancenrfpoll.com/,2,"[{""candidate_id"": ""11410"", ""candidate_name"": ""Claire McCaskill"", ""party"": ""DEM"", ""answer"": ""McCaskill"", ""pct"": ""46.0""}, {""candidate_id"": ""11411"", ""candidate_name"": ""Josh Hawley"", ""party"": ""REP"", ""answer"": ""Hawley"", ""pct"": ""46.1""}]",false,selected,,Only eligible LV question for this poll/round,,46.0,46.1,0,"[""538-row:2687"", ""538-row:2688""]"
538:2018:96:56779:91492,538_archive,2018,AZ,96,56779,91492,56779,2018-AZ-ordinary-general,2018-AZ-ordinary-general,general,Class I,0,11/6/18,2018-11-06,2018-11-01,2018-11-03,LV,lv,lv,758,Emerson College Polling Society,false,,Source flags; not independent nonpartisan verification,https://www.emerson.edu/news-events/emerson-college-today/final-emerson-battleground-polls-finds-democratic-momentum-florida-nevada-south-dakota-arizona-republicans-poised-take-missouri-0,3,"[{""candidate_id"": ""12409"", ""candidate_name"": ""Kyrsten Sinema"", ""party"": ""DEM"", ""answer"": ""Sinema"", ""pct"": ""48.5""}, {""candidate_id"": ""12410"", ""candidate_name"": ""Martha McSally"", ""party"": ""REP"", ""answer"": ""McSally"", ""pct"": ""47.8""}, {""candidate_id"": ""13146"", ""candidate_name"": ""Angela Green"", ""party"": ""GRE"", ""answer"": ""Green"", ""pct"": ""1.9""}]",true,selected,,Only eligible LV question for this poll/round,,48.5,47.8,1.9,"[""538-row:2689"", ""538-row:2690"", ""538-row:2691""]"
538:2018:100:56780:91493,538_archive,2018,FL,100,56780,91493,56780,2018-FL-ordinary-general,2018-FL-ordinary-general,general,Class I,0,11/6/18,2018-11-06,2018-11-01,2018-11-03,LV,lv,lv,784,Emerson College Polling Society,false,,Source flags; not independent nonpartisan verification,https://www.emerson.edu/news-events/emerson-college-today/final-emerson-battleground-polls-finds-democratic-momentum-florida-nevada-south-dakota-arizona-republicans-poised-take-missouri-0,2,"[{""candidate_id"": ""12413"", ""candidate_name"": ""Bill Nelson"", ""party"": ""DEM"", ""answer"": ""Nelson"", ""pct"": ""49.9""}, {""candidate_id"": ""12414"", ""candidate_name"": ""Rick Scott"", ""party"": ""REP"", ""answer"": ""Scott"", ""pct"": ""44.9""}]",true,selected,,Only eligible LV question for this poll/round,,49.9,44.9,0,"[""538-row:2692"", ""538-row:2693""]"
538:2018:109:56782:91490,538_archive,2018,MO,109,56782,91490,56782,2018-MO-ordinary-general,2018-MO-ordinary-general,general,Class I,0,11/6/18,2018-11-06,2018-11-01,2018-11-03,LV,lv,lv,732,Emerson College Polling Society,false,,Source flags; not independent nonpartisan verification,https://www.emerson.edu/news-events/emerson-college-today/final-emerson-battleground-polls-finds-democratic-momentum-florida-nevada-south-dakota-arizona-republicans-poised-take-missouri-0,2,"[{""candidate_id"": ""11410"", ""candidate_name"": ""Claire McCaskill"", ""party"": ""DEM"", ""answer"": ""McCaskill"", ""pct"": ""45.6""}, {""candidate_id"": ""11411"", ""candidate_name"": ""Josh Hawley"", ""party"": ""REP"", ""answer"": ""Hawley"", ""pct"": ""49.0""}]",false,selected,,Only eligible LV question for this poll/round,,45.6,49.0,0,"[""538-row:2694"", ""538-row:2695""]"
538:2018:110:56755:91437,538_archive,2018,MT,110,56755,91437,56755,2018-MT-ordinary-general,2018-MT-ordinary-general,general,Class I,0,11/6/18,2018-11-06,2018-10-30,2018-11-03,LV,lv,lv,500,HarrisX,false,,Source flags; not independent nonpartisan verification,https://www.alliancenrfpoll.com/,2,"[{""candidate_id"": ""11140"", ""candidate_name"": ""Jon Tester"", ""party"": ""DEM"", ""answer"": ""Tester"", ""pct"": ""49.2""}, {""candidate_id"": ""11141"", ""candidate_name"": ""Matt Rosendale"", ""party"": ""REP"", ""answer"": ""Rosendale"", ""pct"": ""43.0""}]",false,selected,,Only eligible LV question for this poll/round,,49.2,43.0,0,"[""538-row:2707"", ""538-row:2708""]"
538:2018:109:56695:91314,538_archive,2018,MO,109,56695,91314,56695,2018-MO-ordinary-general,2018-MO-ordinary-general,general,Class I,0,11/6/18,2018-11-06,2018-11-01,2018-11-02,LV,lv,lv,1424,Remington,false,,Source flags; not independent nonpartisan verification,https://moscout.com/s/MOScout-Weekly-Poll-113.pdf,5,"[{""candidate_id"": ""11410"", ""candidate_name"": ""Claire McCaskill"", ""party"": ""DEM"", ""answer"": ""McCaskill"", ""pct"": ""47.0""}, {""candidate_id"": ""11411"", ""candidate_name"": ""Josh Hawley"", ""party"": ""REP"", ""answer"": ""Hawley"", ""pct"": ""47.0""}, {""candidate_id"": ""12455"", ""candidate_name"": ""Japheth R. Campbell"", ""party"": ""LIB"", ""answer"": ""Campbell"", ""pct"": ""1.0""}, {""candidate_id"": ""12456"", ""candidate_name"": ""Jo Crain"", ""party"": ""GRE"", ""answer"": ""Crain"", ""pct"": ""1.0""}, {""candidate_id"": ""12519"", ""candidate_name"": ""Craig S. O'Dear"", ""party"": ""IND"", ""answer"": ""O'Dear"", ""pct"": ""1.0""}]",true,selected,,Only eligible LV question for this poll/round,,47.0,47.0,3.0,"[""538-row:2709"", ""538-row:2710"", ""538-row:2711"", ""538-row:2712"", ""538-row:2713""]"
538:2018:100:56703:91334,538_archive,2018,FL,100,56703,91334,56703,2018-FL-ordinary-general,2018-FL-ordinary-general,general,Class I,0,11/6/18,2018-11-06,2018-11-01,2018-11-02,LV,lv,lv,2733,St. Pete Polls,false,,Source flags; not independent nonpartisan verification,http://stpetepolls.org/files/StPetePolls_2018_State_GEN_GovSenAg_November02_S8UG.pdf,2,"[{""candidate_id"": ""12413"", ""candidate_name"": ""Bill Nelson"", ""party"": ""DEM"", ""answer"": ""Nelson"", ""pct"": ""47.5""}, {""candidate_id"": ""12414"", ""candidate_name"": ""Rick Scott"", ""party"": ""REP"", ""answer"": ""Scott"", ""pct"": ""49.1""}]",true,selected,,Only eligible LV question for this poll/round,,47.5,49.1,0,"[""538-row:2719"", ""538-row:2720""]"
538:2018:96:56716:91361,538_archive,2018,AZ,96,56716,91361,56716,2018-AZ-ordinary-general,2018-AZ-ordinary-general,general,Class I,0,11/6/18,2018-11-06,2018-10-31,2018-11-02,LV,lv,lv,600,HarrisX,false,,Source flags; not independent nonpartisan verification,https://www.alliancenrfpoll.com/,2,"[{""candidate_id"": ""12409"", ""candidate_name"": ""Kyrsten Sinema"", ""party"": ""DEM"", ""answer"": ""Sinema"", ""pct"": ""43.5""}, {""candidate_id"": ""12410"", ""candidate_name"": ""Martha McSally"", ""party"": ""REP"", ""answer"": ""McSally"", ""pct"": ""49.1""}]",false,selected,,Only eligible LV question for this poll/round,,43.5,49.1,0,"[""538-row:2723"", ""538-row:2724""]"
538:2018:100:56717:91362,538_archive,2018,FL,100,56717,91362,56717,2018-FL-ordinary-general,2018-FL-ordinary-general,general,Class I,0,11/6/18,2018-11-06,2018-10-31,2018-11-02,LV,lv,lv,600,HarrisX,false,,Source flags; not independent nonpartisan verification,https://www.alliancenrfpoll.com/,2,"[{""candidate_id"": ""12413"", ""candidate_name"": ""Bill Nelson"", ""party"": ""DEM"", ""answer"": ""Nelson"", ""pct"": ""45.5""}, {""candidate_id"": ""12414"", ""candidate_name"": ""Rick Scott"", ""party"": ""REP"", ""answer"": ""Scott"", ""pct"": ""48.1""}]",true,selected,,Only eligible LV question for this poll/round,,45.5,48.1,0,"[""538-row:2725"", ""538-row:2726""]"
538:2018:102:56719:91363,538_archive,2018,IN,102,56719,91363,56719,2018-IN-ordinary-general,2018-IN-ordinary-general,general,Class I,0,11/6/18,2018-11-06,2018-10-31,2018-11-02,LV,lv,lv,600,HarrisX,false,,Source flags; not independent nonpartisan verification,https://www.alliancenrfpoll.com/,2,"[{""candidate_id"": ""11128"", ""candidate_name"": ""Joe Donnelly"", ""party"": ""DEM"", ""answer"": ""Donnelly"", ""pct"": ""44.4""}, {""candidate_id"": ""11129"", ""candidate_name"": ""Mike Braun"", ""party"": ""REP"", ""answer"": ""Braun"", ""pct"": ""42.0""}]",false,selected,,Only eligible LV question for this poll/round,,44.4,42.0,0,"[""538-row:2729"", ""538-row:2730""]"
538:2018:109:56720:91364,538_archive,2018,MO,109,56720,91364,56720,2018-MO-ordinary-general,2018-MO-ordinary-general,general,Class I,0,11/6/18,2018-11-06,2018-10-31,2018-11-02,LV,lv,lv,600,HarrisX,false,,Source flags; not independent nonpartisan verification,https://www.alliancenrfpoll.com/,2,"[{""candidate_id"": ""11410"", ""candidate_name"": ""Claire McCaskill"", ""party"": ""DEM"", ""answer"": ""McCaskill"", ""pct"": ""45.3""}, {""candidate_id"": ""11411"", ""candidate_name"": ""Josh Hawley"", ""party"": ""REP"", ""answer"": ""Hawley"", ""pct"": ""46.2""}]",false,selected,,Only eligible LV question for this poll/round,,45.3,46.2,0,"[""538-row:2731"", ""538-row:2732""]"
538:2018:100:56769:91477,538_archive,2018,FL,100,56769,91477,56769,2018-FL-ordinary-general,2018-FL-ordinary-general,general,Class I,0,11/6/18,2018-11-06,2018-10-30,2018-11-02,LV,lv,lv,595,Marist,false,,Source flags; not independent nonpartisan verification,https://www.nbcnews.com/politics/first-read/democrats-have-slight-edge-close-florida-senate-governor-races-n931126,2,"[{""candidate_id"": ""12413"", ""candidate_name"": ""Bill Nelson"", ""party"": ""DEM"", ""answer"": ""Nelson"", ""pct"": ""50.0""}, {""candidate_id"": ""12414"", ""candidate_name"": ""Rick Scott"", ""party"": ""REP"", ""answer"": ""Scott"", ""pct"": ""46.0""}]",true,selected,,Only eligible LV question for this poll/round,,50.0,46.0,0,"[""538-row:2733"", ""538-row:2734""]"
538:2018:110:56721:91365,538_archive,2018,MT,110,56721,91365,56721,2018-MT-ordinary-general,2018-MT-ordinary-general,general,Class I,0,11/6/18,2018-11-06,2018-10-29,2018-11-02,LV,lv,lv,500,HarrisX,false,,Source flags; not independent nonpartisan verification,https://www.alliancenrfpoll.com/,2,"[{""candidate_id"": ""11140"", ""candidate_name"": ""Jon Tester"", ""party"": ""DEM"", ""answer"": ""Tester"", ""pct"": ""49.5""}, {""candidate_id"": ""11141"", ""candidate_name"": ""Matt Rosendale"", ""party"": ""REP"", ""answer"": ""Rosendale"", ""pct"": ""41.9""}]",false,selected,,Only eligible LV question for this poll/round,,49.5,41.9,0,"[""538-row:2737"", ""538-row:2738""]"
538:2018:100:56756:91440,538_archive,2018,FL,100,56756,91440,56756,2018-FL-ordinary-general,2018-FL-ordinary-general,general,Class I,0,11/6/18,2018-11-06,2018-10-29,2018-11-02,LV,lv,lv,753,Gravis Marketing,false,,Source flags; not independent nonpartisan verification,https://www.realclearpolitics.com/docs/Florida_November_2_2018.pdf,2,"[{""candidate_id"": ""12413"", ""candidate_name"": ""Bill Nelson"", ""party"": ""DEM"", ""answer"": ""Nelson"", ""pct"": ""50.0""}, {""candidate_id"": ""12414"", ""candidate_name"": ""Rick Scott"", ""party"": ""REP"", ""answer"": ""Scott"", ""pct"": ""47.0""}]",true,selected,,Only eligible LV question for this poll/round,,50.0,47.0,0,"[""538-row:2739"", ""538-row:2740""]"
538:2018:96:56810:91551,538_archive,2018,AZ,96,56810,91551,56810,2018-AZ-ordinary-general,2018-AZ-ordinary-general,general,Class I,0,11/6/18,2018-11-06,2018-10-24,2018-11-02,LV,lv,lv,1165,Gravis Marketing,false,,Source flags; not independent nonpartisan verification,https://www.realclearpolitics.com/docs/Gravis_Arizona_November_2_2018.pdf,2,"[{""candidate_id"": ""12409"", ""candidate_name"": ""Kyrsten Sinema"", ""party"": ""DEM"", ""answer"": ""Sinema"", ""pct"": ""46.0""}, {""candidate_id"": ""12410"", ""candidate_name"": ""Martha McSally"", ""party"": ""REP"", ""answer"": ""McSally"", ""pct"": ""47.0""}]",false,selected,,Only eligible LV question for this poll/round,,46.0,47.0,0,"[""538-row:2741"", ""538-row:2742""]"
538:2018:114:56678:91287,538_archive,2018,NM,114,56678,91287,56678,2018-NM-ordinary-general,2018-NM-ordinary-general,general,Class I,0,11/6/18,2018-11-06,2018-11-01,2018-11-01,LV,lv,lv,1202,Carroll Strategies,false,,Source flags; not independent nonpartisan verification,https://www.kob.com/kobtvimages/repository/cs/files/new%20poll%20results.pdf,3,"[{""candidate_id"": ""11154"", ""candidate_name"": ""Martin Heinrich"", ""party"": ""DEM"", ""answer"": ""Heinrich"", ""pct"": ""50.7""}, {""candidate_id"": ""11155"", ""candidate_name"": ""Mick Rich"", ""party"": ""REP"", ""answer"": ""Rich"", ""pct"": ""37.9""}, {""candidate_id"": ""12389"", ""candidate_name"": ""Gary Johnson"", ""party"": ""LIB"", ""answer"": ""Johnson"", ""pct"": ""8.4""}]",true,selected,,Only eligible LV question for this poll/round,,50.7,37.9,8.4,"[""538-row:2743"", ""538-row:2744"", ""538-row:2745""]"
538:2018:98:56662:91259,538_archive,2018,CT,98,56662,91259,56662,2018-CT-ordinary-general,2018-CT-ordinary-general,general,Class I,0,11/6/18,2018-11-06,2018-10-30,2018-11-01,LV,lv,lv,681,Gravis Marketing,false,,Source flags; not independent nonpartisan verification,https://www.realclearpolitics.com/docs/Connecticut_November_1_2018.pdf,2,"[{""candidate_id"": ""12436"", ""candidate_name"": ""Christopher Murphy"", ""party"": ""DEM"", ""answer"": ""Murphy"", ""pct"": ""58.0""}, {""candidate_id"": ""12437"", ""candidate_name"": ""Matthew Corey"", ""party"": ""REP"", ""answer"": ""Corey"", ""pct"": ""35.0""}]",false,selected,,Only eligible LV question for this poll/round,,58.0,35.0,0,"[""538-row:2746"", ""538-row:2747""]"
538:2018:96:56685:91300,538_archive,2018,AZ,96,56685,91300,56685,2018-AZ-ordinary-general,2018-AZ-ordinary-general,general,Class I,0,11/6/18,2018-11-06,2018-10-30,2018-11-01,LV,lv,lv,600,HarrisX,false,,Source flags; not independent nonpartisan verification,https://www.alliancenrfpoll.com/,2,"[{""candidate_id"": ""12409"", ""candidate_name"": ""Kyrsten Sinema"", ""party"": ""DEM"", ""answer"": ""Sinema"", ""pct"": ""41.7""}, {""candidate_id"": ""12410"", ""candidate_name"": ""Martha McSally"", ""party"": ""REP"", ""answer"": ""McSally"", ""pct"": ""48.4""}]",false,selected,,Only eligible LV question for this poll/round,,41.7,48.4,0,"[""538-row:2750"", ""538-row:2751""]"
538:2018:100:56686:91301,538_archive,2018,FL,100,56686,91301,56686,2018-FL-ordinary-general,2018-FL-ordinary-general,general,Class I,0,11/6/18,2018-11-06,2018-10-30,2018-11-01,LV,lv,lv,600,HarrisX,false,,Source flags; not independent nonpartisan verification,https://www.alliancenrfpoll.com/,2,"[{""candidate_id"": ""12413"", ""candidate_name"": ""Bill Nelson"", ""party"": ""DEM"", ""answer"": ""Nelson"", ""pct"": ""44.6""}, {""candidate_id"": ""12414"", ""candidate_name"": ""Rick Scott"", ""party"": ""REP"", ""answer"": ""Scott"", ""pct"": ""49.6""}]",true,selected,,Only eligible LV question for this poll/round,,44.6,49.6,0,"[""538-row:2752"", ""538-row:2753""]"
538:2018:102:56688:91302,538_archive,2018,IN,102,56688,91302,56688,2018-IN-ordinary-general,2018-IN-ordinary-general,general,Class I,0,11/6/18,2018-11-06,2018-10-30,2018-11-01,LV,lv,lv,600,HarrisX,false,,Source flags; not independent nonpartisan verification,https://www.alliancenrfpoll.com/,2,"[{""candidate_id"": ""11128"", ""candidate_name"": ""Joe Donnelly"", ""party"": ""DEM"", ""answer"": ""Donnelly"", ""pct"": ""42.7""}, {""candidate_id"": ""11129"", ""candidate_name"": ""Mike Braun"", ""party"": ""REP"", ""answer"": ""Braun"", ""pct"": ""43.1""}]",false,selected,,Only eligible LV question for this poll/round,,42.7,43.1,0,"[""538-row:2756"", ""538-row:2757""]"
538:2018:109:56689:91303,538_archive,2018,MO,109,56689,91303,56689,2018-MO-ordinary-general,2018-MO-ordinary-general,general,Class I,0,11/6/18,2018-11-06,2018-10-30,2018-11-01,LV,lv,lv,600,HarrisX,false,,Source flags; not independent nonpartisan verification,https://www.alliancenrfpoll.com/,2,"[{""candidate_id"": ""11410"", ""candidate_name"": ""Claire McCaskill"", ""party"": ""DEM"", ""answer"": ""McCaskill"", ""pct"": ""45.8""}, {""candidate_id"": ""11411"", ""candidate_name"": ""Josh Hawley"", ""party"": ""REP"", ""answer"": ""Hawley"", ""pct"": ""43.3""}]",false,selected,,Only eligible LV question for this poll/round,,45.8,43.3,0,"[""538-row:2758"", ""538-row:2759""]"
538:2018:118:56682:91293,538_archive,2018,PA,118,56682,91293,56682,2018-PA-ordinary-general,2018-PA-ordinary-general,general,Class I,0,11/6/18,2018-11-06,2018-10-28,2018-11-01,LV,lv,lv,421,Muhlenberg,false,,Source flags; not independent nonpartisan verification,https://www.mcall.com/news/nationworld/pennsylvania/capitol-ideas/mc-nws-muhlenberg-pa-poll-wolf-casey-20181102-story.html,2,"[{""candidate_id"": ""11138"", ""candidate_name"": ""Robert P. Casey Jr."", ""party"": ""DEM"", ""answer"": ""Casey"", ""pct"": ""54.0""}, {""candidate_id"": ""11139"", ""candidate_name"": ""Lou Barletta"", ""party"": ""REP"", ""answer"": ""Barletta"", ""pct"": ""40.0""}]",false,selected,,Only eligible LV question for this poll/round,,54.0,40.0,0,"[""538-row:2776"", ""538-row:2777""]"
538:2018:110:56690:91304,538_archive,2018,MT,110,56690,91304,56690,2018-MT-ordinary-general,2018-MT-ordinary-general,general,Class I,0,11/6/18,2018-11-06,2018-10-28,2018-11-01,LV,lv,lv,500,HarrisX,false,,Source flags; not independent nonpartisan verification,https://www.alliancenrfpoll.com/,2,"[{""candidate_id"": ""11140"", ""candidate_name"": ""Jon Tester"", ""party"": ""DEM"", ""answer"": ""Tester"", ""pct"": ""48.8""}, {""candidate_id"": ""11141"", ""candidate_name"": ""Matt Rosendale"", ""party"": ""REP"", ""answer"": ""Rosendale"", ""pct"": ""42.2""}]",false,selected,,Only eligible LV question for this poll/round,,48.8,42.2,0,"[""538-row:2778"", ""538-row:2779""]"
538:2018:115:56733:91399,538_archive,2018,NY,115,56733,91399,56733,2018-NY-ordinary-general,2018-NY-ordinary-general,general,Class I,0,11/6/18,2018-11-06,2018-10-28,2018-11-01,LV,lv,lv,641,Siena,false,,Source flags; not independent nonpartisan verification,https://scri.siena.edu/wp-content/uploads/2018/11/SNY1018LV-Crosstabs_37042.pdf,2,"[{""candidate_id"": ""11202"", ""candidate_name"": ""Kirsten E. Gillibrand"", ""party"": ""DEM"", ""answer"": ""Gillibrand"", ""pct"": ""58.0""}, {""candidate_id"": ""11203"", ""candidate_name"": ""Chele Farley"", ""party"": ""REP"", ""answer"": ""Farley"", ""pct"": ""35.0""}]",true,selected,,Only eligible LV question for this poll/round,,58.0,35.0,0,"[""538-row:2780"", ""538-row:2781""]"
538:2018:114:56732:91395,538_archive,2018,NM,114,56732,91395,56732,2018-NM-ordinary-general,2018-NM-ordinary-general,general,Class I,0,11/6/18,2018-11-06,2018-10-26,2018-11-01,LV,lv,lv,993,Research & Polling,false,,Source flags; not independent nonpartisan verification,https://www.abqjournal.com/1241736/herrell-torres-small-locked-in-tight-race-for-congress.html,3,"[{""candidate_id"": ""11154"", ""candidate_name"": ""Martin Heinrich"", ""party"": ""DEM"", ""answer"": ""Heinrich"", ""pct"": ""51.0""}, {""candidate_id"": ""11155"", ""candidate_name"": ""Mick Rich"", ""party"": ""REP"", ""answer"": ""Rich"", ""pct"": ""31.0""}, {""candidate_id"": ""12389"", ""candidate_name"": ""Gary Johnson"", ""party"": ""LIB"", ""answer"": ""Johnson"", ""pct"": ""12.0""}]",true,selected,,Only eligible LV question for this poll/round,,51.0,31.0,12.0,"[""538-row:2782"", ""538-row:2783"", ""538-row:2784""]"
538:2018:96:73024:136957,538_archive,2018,AZ,96,73024,136957,73024,2018-AZ-ordinary-general,2018-AZ-ordinary-general,general,Class I,0,11/6/18,2018-11-06,2018-10-26,2018-11-01,LV,lv,lv,1400,HarrisX,false,,Source flags; not independent nonpartisan verification,https://www.alliancenrfpoll.com/,2,"[{""candidate_id"": ""12409"", ""candidate_name"": ""Kyrsten Sinema"", ""party"": ""DEM"", ""answer"": ""Sinema"", ""pct"": ""42.0""}, {""candidate_id"": ""12410"", ""candidate_name"": ""Martha McSally"", ""party"": ""REP"", ""answer"": ""McSally"", ""pct"": ""49.0""}]",false,selected,,Only eligible LV question for this poll/round,,42.0,49.0,0,"[""538-row:2785"", ""538-row:2786""]"
538:2018:100:73026:136959,538_archive,2018,FL,100,73026,136959,73026,2018-FL-ordinary-general,2018-FL-ordinary-general,general,Class I,0,11/6/18,2018-11-06,2018-10-26,2018-11-01,LV,lv,lv,1400,HarrisX,false,,Source flags; not independent nonpartisan verification,https://www.alliancenrfpoll.com/,2,"[{""candidate_id"": ""12413"", ""candidate_name"": ""Bill Nelson"", ""party"": ""DEM"", ""answer"": ""Nelson"", ""pct"": ""46.0""}, {""candidate_id"": ""12414"", ""candidate_name"": ""Rick Scott"", ""party"": ""REP"", ""answer"": ""Scott"", ""pct"": ""48.0""}]",true,selected,,Only eligible LV question for this poll/round,,46.0,48.0,0,"[""538-row:2787"", ""538-row:2788""]"
538:2018:102:73028:136961,538_archive,2018,IN,102,73028,136961,73028,2018-IN-ordinary-general,2018-IN-ordinary-general,general,Class I,0,11/6/18,2018-11-06,2018-10-26,2018-11-01,LV,lv,lv,1400,HarrisX,false,,Source flags; not independent nonpartisan verification,https://www.alliancenrfpoll.com/,2,"[{""candidate_id"": ""11128"", ""candidate_name"": ""Joe Donnelly"", ""party"": ""DEM"", ""answer"": ""Donnelly"", ""pct"": ""40.0""}, {""candidate_id"": ""11129"", ""candidate_name"": ""Mike Braun"", ""party"": ""REP"", ""answer"": ""Braun"", ""pct"": ""42.0""}]",false,selected,,Only eligible LV question for this poll/round,,40.0,42.0,0,"[""538-row:2789"", ""538-row:2790""]"
538:2018:109:73030:136963,538_archive,2018,MO,109,73030,136963,73030,2018-MO-ordinary-general,2018-MO-ordinary-general,general,Class I,0,11/6/18,2018-11-06,2018-10-26,2018-11-01,LV,lv,lv,1400,HarrisX,false,,Source flags; not independent nonpartisan verification,https://www.alliancenrfpoll.com/,2,"[{""candidate_id"": ""11410"", ""candidate_name"": ""Claire McCaskill"", ""party"": ""DEM"", ""answer"": ""McCaskill"", ""pct"": ""46.0""}, {""candidate_id"": ""11411"", ""candidate_name"": ""Josh Hawley"", ""party"": ""REP"", ""answer"": ""Hawley"", ""pct"": ""44.0""}]",false,selected,,Only eligible LV question for this poll/round,,46.0,44.0,0,"[""538-row:2791"", ""538-row:2792""]"
538:2018:110:73032:136965,538_archive,2018,MT,110,73032,136965,73032,2018-MT-ordinary-general,2018-MT-ordinary-general,general,Class I,0,11/6/18,2018-11-06,2018-10-26,2018-11-01,LV,lv,lv,700,HarrisX,false,,Source flags; not independent nonpartisan verification,https://www.alliancenrfpoll.com/,2,"[{""candidate_id"": ""11140"", ""candidate_name"": ""Jon Tester"", ""party"": ""DEM"", ""answer"": ""Tester"", ""pct"": ""49.0""}, {""candidate_id"": ""11141"", ""candidate_name"": ""Matt Rosendale"", ""party"": ""REP"", ""answer"": ""Rosendale"", ""pct"": ""42.0""}]",false,selected,,Only eligible LV question for this poll/round,,49.0,42.0,0,"[""538-row:2793"", ""538-row:2794""]"
538:2018:100:56631:91193,538_archive,2018,FL,100,56631,91193,56631,2018-FL-ordinary-general,2018-FL-ordinary-general,general,Class I,0,11/6/18,2018-11-06,2018-10-30,2018-10-31,LV,lv,lv,2470,St. Pete Polls,false,,Source flags; not independent nonpartisan verification,http://stpetepolls.org/files/StPetePolls_2018_State_GEN_SenAmend_October31_Q7FH.pdf,2,"[{""candidate_id"": ""12413"", ""candidate_name"": ""Bill Nelson"", ""party"": ""DEM"", ""answer"": ""Nelson"", ""pct"": ""49.3""}, {""candidate_id"": ""12414"", ""candidate_name"": ""Rick Scott"", ""party"": ""REP"", ""answer"": ""Scott"", ""pct"": ""47.4""}]",true,selected,,Only eligible LV question for this poll/round,,49.3,47.4,0,"[""538-row:2797"", ""538-row:2798""]"
538:2018:96:56649:91237,538_archive,2018,AZ,96,56649,91237,56649,2018-AZ-ordinary-general,2018-AZ-ordinary-general,general,Class I,0,11/6/18,2018-11-06,2018-10-29,2018-10-31,LV,lv,lv,600,HarrisX,false,,Source flags; not independent nonpartisan verification,https://www.alliancenrfpoll.com/,2,"[{""candidate_id"": ""12409"", ""candidate_name"": ""Kyrsten Sinema"", ""party"": ""DEM"", ""answer"": ""Sinema"", ""pct"": ""41.5""}, {""candidate_id"": ""12410"", ""candidate_name"": ""Martha McSally"", ""party"": ""REP"", ""answer"": ""McSally"", ""pct"": ""48.5""}]",false,selected,,Only eligible LV question for this poll/round,,41.5,48.5,0,"[""538-row:2801"", ""538-row:2802""]"
538:2018:100:56650:91238,538_archive,2018,FL,100,56650,91238,56650,2018-FL-ordinary-general,2018-FL-ordinary-general,general,Class I,0,11/6/18,2018-11-06,2018-10-29,2018-10-31,LV,lv,lv,600,HarrisX,false,,Source flags; not independent nonpartisan verification,https://www.alliancenrfpoll.com/,2,"[{""candidate_id"": ""12413"", ""candidate_name"": ""Bill Nelson"", ""party"": ""DEM"", ""answer"": ""Nelson"", ""pct"": ""45.0""}, {""candidate_id"": ""12414"", ""candidate_name"": ""Rick Scott"", ""party"": ""REP"", ""answer"": ""Scott"", ""pct"": ""48.2""}]",true,selected,,Only eligible LV question for this poll/round,,45.0,48.2,0,"[""538-row:2803"", ""538-row:2804""]"
538:2018:107:56652:91459,538_archive,2018,MN,107,56652,91459,56652,2018-MN-ordinary-general,2018-MN-ordinary-general,general,Class I,0,11/6/18,2018-11-06,2018-10-29,2018-10-31,LV,lv,lv,600,SurveyUSA,false,,Source flags; not independent nonpartisan verification,http://www.surveyusa.com/client/PollReport.aspx?g=eedbecb7-3e86-4c18-9e63-32cc003abf74,2,"[{""candidate_id"": ""12373"", ""candidate_name"": ""Amy Klobuchar"", ""party"": ""DEM"", ""answer"": ""Klobuchar"", ""pct"": ""57.0""}, {""candidate_id"": ""12374"", ""candidate_name"": ""Jim Newberger"", ""party"": ""REP"", ""answer"": ""Newberger"", ""pct"": ""34.0""}]",false,selected,,Only eligible LV question for this poll/round,,57.0,34.0,0,"[""538-row:2807"", ""538-row:2808""]"
538:2018:129:56652:91460,538_archive,2018,MN,129,56652,91460,56652,2018-MN-special-general,2018-MN-special-general,general,Class II,2,11/6/18,2018-11-06,2018-10-29,2018-10-31,LV,lv,lv,600,SurveyUSA,false,,Source flags; not independent nonpartisan verification,http://www.surveyusa.com/client/PollReport.aspx?g=eedbecb7-3e86-4c18-9e63-32cc003abf74,2,"[{""candidate_id"": ""12376"", ""candidate_name"": ""Tina Smith"", ""party"": ""DEM"", ""answer"": ""Smith"", ""pct"": ""48.0""}, {""candidate_id"": ""12375"", ""candidate_name"": ""Karin Housley"", ""party"": ""REP"", ""answer"": ""Housley"", ""pct"": ""40.0""}]",false,selected,,Only eligible LV question for this poll/round,,48.0,40.0,0,"[""538-row:2809"", ""538-row:2810""]"
538:2018:102:56653:91239,538_archive,2018,IN,102,56653,91239,56653,2018-IN-ordinary-general,2018-IN-ordinary-general,general,Class I,0,11/6/18,2018-11-06,2018-10-29,2018-10-31,LV,lv,lv,600,HarrisX,false,,Source flags; not independent nonpartisan verification,https://www.alliancenrfpoll.com/,2,"[{""candidate_id"": ""11128"", ""candidate_name"": ""Joe Donnelly"", ""party"": ""DEM"", ""answer"": ""Donnelly"", ""pct"": ""39.5""}, {""candidate_id"": ""11129"", ""candidate_name"": ""Mike Braun"", ""party"": ""REP"", ""answer"": ""Braun"", ""pct"": ""43.1""}]",false,selected,,Only eligible LV question for this poll/round,,39.5,43.1,0,"[""538-row:2811"", ""538-row:2812""]"
538:2018:109:56654:91240,538_archive,2018,MO,109,56654,91240,56654,2018-MO-ordinary-general,2018-MO-ordinary-general,general,Class I,0,11/6/18,2018-11-06,2018-10-29,2018-10-31,LV,lv,lv,600,HarrisX,false,,Source flags; not independent nonpartisan verification,https://www.alliancenrfpoll.com/,2,"[{""candidate_id"": ""11410"", ""candidate_name"": ""Claire McCaskill"", ""party"": ""DEM"", ""answer"": ""McCaskill"", ""pct"": ""45.2""}, {""candidate_id"": ""11411"", ""candidate_name"": ""Josh Hawley"", ""party"": ""REP"", ""answer"": ""Hawley"", ""pct"": ""43.4""}]",false,selected,,Only eligible LV question for this poll/round,,45.2,43.4,0,"[""538-row:2813"", ""538-row:2814""]"
538:2018:127:56671:91275,538_archive,2018,WI,127,56671,91275,56671,2018-WI-ordinary-general,2018-WI-ordinary-general,general,Class I,0,11/6/18,2018-11-06,2018-10-29,2018-10-31,LV,lv,lv,604,Emerson College Polling Society,false,,Source flags; not independent nonpartisan verification,https://www.emerson.edu/news-events/emerson-college-today/emerson-polls-tight-governor-races-georgia-wisconsin-iowa-democrats-look-pick-two-house-seats-iowa,2,"[{""candidate_id"": ""12400"", ""candidate_name"": ""Tammy Baldwin"", ""party"": ""DEM"", ""answer"": ""Baldwin"", ""pct"": ""53.1""}, {""candidate_id"": ""12401"", ""candidate_name"": ""Leah Vukmir"", ""party"": ""REP"", ""answer"": ""Vukmir"", ""pct"": ""44.4""}]",true,selected,,Only eligible LV question for this poll/round,,53.1,44.4,0,"[""538-row:2815"", ""538-row:2816""]"
538:2018:120:56705:91341,538_archive,2018,TN,120,56705,91341,56705,2018-TN-ordinary-general,2018-TN-ordinary-general,general,Class I,0,11/6/18,2018-11-06,2018-10-28,2018-10-31,LV,lv,lv,480,Targoz Market Research,false,,Source flags; not independent nonpartisan verification,https://www.targoz.com/market-matters-blog/2018/11/3/tennessee-poll-the-race-for-senate-is-too-close-to-call,2,"[{""candidate_id"": ""11382"", ""candidate_name"": ""Phil Bredesen"", ""party"": ""DEM"", ""answer"": ""Bredesen"", ""pct"": ""49.0""}, {""candidate_id"": ""11383"", ""candidate_name"": ""Marsha Blackburn"", ""party"": ""REP"", ""answer"": ""Blackburn"", ""pct"": ""49.0""}]",false,selected,,Only eligible LV question for this poll/round,,49.0,49.0,0,"[""538-row:2820"", ""538-row:2821""]"
538:2018:100:56706:91342,538_archive,2018,FL,100,56706,91342,56706,2018-FL-ordinary-general,2018-FL-ordinary-general,general,Class I,0,11/6/18,2018-11-06,2018-10-28,2018-10-31,LV,lv,lv,558,Targoz Market Research,false,,Source flags; not independent nonpartisan verification,https://www.targoz.com/market-matters-blog/2018/11/3/florida-poll-tight-races-for-senate-and-governor-could-yield-another-election-night-surprise,2,"[{""candidate_id"": ""12413"", ""candidate_name"": ""Bill Nelson"", ""party"": ""DEM"", ""answer"": ""Nelson"", ""pct"": ""45.0""}, {""candidate_id"": ""12414"", ""candidate_name"": ""Rick Scott"", ""party"": ""REP"", ""answer"": ""Scott"", ""pct"": ""49.0""}]",true,selected,,Only eligible LV question for this poll/round,,45.0,49.0,0,"[""538-row:2822"", ""538-row:2823""]"
538:2018:110:56655:91241,538_archive,2018,MT,110,56655,91241,56655,2018-MT-ordinary-general,2018-MT-ordinary-general,general,Class I,0,11/6/18,2018-11-06,2018-10-27,2018-10-31,LV,lv,lv,500,HarrisX,false,,Source flags; not independent nonpartisan verification,https://www.alliancenrfpoll.com/,2,"[{""candidate_id"": ""11140"", ""candidate_name"": ""Jon Tester"", ""party"": ""DEM"", ""answer"": ""Tester"", ""pct"": ""48.5""}, {""candidate_id"": ""11141"", ""candidate_name"": ""Matt Rosendale"", ""party"": ""REP"", ""answer"": ""Rosendale"", ""pct"": ""41.8""}]",false,selected,,Only eligible LV question for this poll/round,,48.5,41.8,0,"[""538-row:2824"", ""538-row:2825""]"
538:2018:113:56677:91286,538_archive,2018,NJ,113,56677,91286,56677,2018-NJ-ordinary-general,2018-NJ-ordinary-general,general,Class I,0,11/6/18,2018-11-06,2018-10-25,2018-10-31,LV,lv,lv,598,Stockton University,false,,Source flags; not independent nonpartisan verification,https://stockton.edu/hughes-center/polling/documents/2018-1102-statewide-poll-2-wfs.pdf,3,"[{""candidate_id"": ""11144"", ""candidate_name"": ""Robert Menendez"", ""party"": ""DEM"", ""answer"": ""Menendez"", ""pct"": ""51.3""}, {""candidate_id"": ""11145"", ""candidate_name"": ""Bob Hugin"", ""party"": ""REP"", ""answer"": ""Hugin"", ""pct"": ""39.3""}, {""candidate_id"": ""12402"", ""candidate_name"": ""Murray Sabrin"", ""party"": ""LIB"", ""answer"": ""Sabrin"", ""pct"": ""2.9""}]",false,selected,,Only eligible LV question for this poll/round,,51.3,39.3,2.9,"[""538-row:2826"", ""538-row:2827"", ""538-row:2828""]"
538:2018:100:69584:129671,538_archive,2018,FL,100,69584,129671,69584,2018-FL-ordinary-general,2018-FL-ordinary-general,general,Class I,0,11/6/18,2018-11-06,2018-10-25,2018-10-31,LV,lv,lv,1005,MWR Strategies,false,,Source flags; not independent nonpartisan verification,https://consumerenergyalliance.org/cms/wp-content/uploads/2018/11/Florida-Energy-Production-Tables.pdf,2,"[{""candidate_id"": ""12413"", ""candidate_name"": ""Bill Nelson"", ""party"": ""DEM"", ""answer"": ""Nelson"", ""pct"": ""40.5""}, {""candidate_id"": ""12414"", ""candidate_name"": ""Rick Scott"", ""party"": ""REP"", ""answer"": ""Scott"", ""pct"": ""42.8""}]",true,selected,,Only eligible LV question for this poll/round,,40.5,42.8,0,"[""538-row:2829"", ""538-row:2830""]"
538:2018:96:73025:136958,538_archive,2018,AZ,96,73025,136958,73025,2018-AZ-ordinary-general,2018-AZ-ordinary-general,general,Class I,0,11/6/18,2018-11-06,2018-10-25,2018-10-31,LV,lv,lv,1400,HarrisX,false,,Source flags; not independent nonpartisan verification,https://www.alliancenrfpoll.com/,2,"[{""candidate_id"": ""12409"", ""candidate_name"": ""Kyrsten Sinema"", ""party"": ""DEM"", ""answer"": ""Sinema"", ""pct"": ""43.0""}, {""candidate_id"": ""12410"", ""candidate_name"": ""Martha McSally"", ""party"": ""REP"", ""answer"": ""McSally"", ""pct"": ""48.0""}]",false,selected,,Only eligible LV question for this poll/round,,43.0,48.0,0,"[""538-row:2831"", ""538-row:2832""]"
538:2018:100:73027:136960,538_archive,2018,FL,100,73027,136960,73027,2018-FL-ordinary-general,2018-FL-ordinary-general,general,Class I,0,11/6/18,2018-11-06,2018-10-25,2018-10-31,LV,lv,lv,1400,HarrisX,false,,Source flags; not independent nonpartisan verification,https://www.alliancenrfpoll.com/,2,"[{""candidate_id"": ""12413"", ""candidate_name"": ""Bill Nelson"", ""party"": ""DEM"", ""answer"": ""Nelson"", ""pct"": ""46.0""}, {""candidate_id"": ""12414"", ""candidate_name"": ""Rick Scott"", ""party"": ""REP"", ""answer"": ""Scott"", ""pct"": ""47.0""}]",true,selected,,Only eligible LV question for this poll/round,,46.0,47.0,0,"[""538-row:2833"", ""538-row:2834""]"
538:2018:102:73029:136962,538_archive,2018,IN,102,73029,136962,73029,2018-IN-ordinary-general,2018-IN-ordinary-general,general,Class I,0,11/6/18,2018-11-06,2018-10-25,2018-10-31,LV,lv,lv,1400,HarrisX,false,,Source flags; not independent nonpartisan verification,https://www.alliancenrfpoll.com/,2,"[{""candidate_id"": ""11128"", ""candidate_name"": ""Joe Donnelly"", ""party"": ""DEM"", ""answer"": ""Donnelly"", ""pct"": ""42.0""}, {""candidate_id"": ""11129"", ""candidate_name"": ""Mike Braun"", ""party"": ""REP"", ""answer"": ""Braun"", ""pct"": ""42.0""}]",false,selected,,Only eligible LV question for this poll/round,,42.0,42.0,0,"[""538-row:2835"", ""538-row:2836""]"
538:2018:109:73031:136964,538_archive,2018,MO,109,73031,136964,73031,2018-MO-ordinary-general,2018-MO-ordinary-general,general,Class I,0,11/6/18,2018-11-06,2018-10-25,2018-10-31,LV,lv,lv,1400,HarrisX,false,,Source flags; not independent nonpartisan verification,https://www.alliancenrfpoll.com/,2,"[{""candidate_id"": ""11410"", ""candidate_name"": ""Claire McCaskill"", ""party"": ""DEM"", ""answer"": ""McCaskill"", ""pct"": ""46.0""}, {""candidate_id"": ""11411"", ""candidate_name"": ""Josh Hawley"", ""party"": ""REP"", ""answer"": ""Hawley"", ""pct"": ""44.0""}]",false,selected,,Only eligible LV question for this poll/round,,46.0,44.0,0,"[""538-row:2837"", ""538-row:2838""]"
538:2018:110:73033:136966,538_archive,2018,MT,110,73033,136966,73033,2018-MT-ordinary-general,2018-MT-ordinary-general,general,Class I,0,11/6/18,2018-11-06,2018-10-25,2018-10-31,LV,lv,lv,700,HarrisX,false,,Source flags; not independent nonpartisan verification,https://www.alliancenrfpoll.com/,2,"[{""candidate_id"": ""11140"", ""candidate_name"": ""Jon Tester"", ""party"": ""DEM"", ""answer"": ""Tester"", ""pct"": ""48.0""}, {""candidate_id"": ""11141"", ""candidate_name"": ""Matt Rosendale"", ""party"": ""REP"", ""answer"": ""Rosendale"", ""pct"": ""41.0""}]",false,selected,,Only eligible LV question for this poll/round,,48.0,41.0,0,"[""538-row:2839"", ""538-row:2840""]"
538:2018:106:56620:91171,538_archive,2018,MI,106,56620,91171,56620,2018-MI-ordinary-general,2018-MI-ordinary-general,general,Class I,0,11/6/18,2018-11-06,2018-10-29,2018-10-30,LV,lv,lv,764,Gravis Marketing,false,,Source flags; not independent nonpartisan verification,https://www.realclearpolitics.com/docs/Michigan_Statewide_October_30_2018_v2.pdf,2,"[{""candidate_id"": ""11408"", ""candidate_name"": ""Debbie Stabenow"", ""party"": ""DEM"", ""answer"": ""Stabenow"", ""pct"": ""54.0""}, {""candidate_id"": ""11409"", ""candidate_name"": ""John James"", ""party"": ""REP"", ""answer"": ""James"", ""pct"": ""41.0""}]",false,selected,,Only eligible LV question for this poll/round,,54.0,41.0,0,"[""538-row:2843"", ""538-row:2844""]"
538:2018:121:56632:91196,538_archive,2018,TX,121,56632,91196,56632,2018-TX-ordinary-general,2018-TX-ordinary-general,general,Class I,0,11/6/18,2018-11-06,2018-10-28,2018-10-30,LV,lv,lv,781,Emerson College Polling Society,false,,Source flags; not independent nonpartisan verification,https://www.emerson.edu/news-events/emerson-college-today/emerson-poll-west-virginia-senate-race-tightens-texas-senate-race-remains-close-republicans-look-hold-three-house-seats-wv,3,"[{""candidate_id"": ""11125"", ""candidate_name"": ""Beto O'Rourke"", ""party"": ""DEM"", ""answer"": ""O'Rourke"", ""pct"": ""47.2""}, {""candidate_id"": ""11126"", ""candidate_name"": ""Ted Cruz"", ""party"": ""REP"", ""answer"": ""Cruz"", ""pct"": ""50.3""}, {""candidate_id"": ""11247"", ""candidate_name"": ""Neal M. Dikeman"", ""party"": ""LIB"", ""answer"": ""Dikeman"", ""pct"": ""1.0""}]",true,selected,,Only eligible LV question for this poll/round,,47.2,50.3,1.0,"[""538-row:2849"", ""538-row:2850"", ""538-row:2851""]"
538:2018:120:56633:91198,538_archive,2018,TN,120,56633,91198,56633,2018-TN-ordinary-general,2018-TN-ordinary-general,general,Class I,0,11/6/18,2018-11-06,2018-10-28,2018-10-30,LV,lv,lv,632,Emerson College Polling Society,false,,Source flags; not independent nonpartisan verification,https://www.emerson.edu/news-events/emerson-college-today/emerson-poll-west-virginia-senate-race-tightens-texas-senate-race-remains-close-republicans-look-hold-three-house-seats-wv,2,"[{""candidate_id"": ""11382"", ""candidate_name"": ""Phil Bredesen"", ""party"": ""DEM"", ""answer"": ""Bredesen"", ""pct"": ""43.6""}, {""candidate_id"": ""11383"", ""candidate_name"": ""Marsha Blackburn"", ""party"": ""REP"", ""answer"": ""Blackburn"", ""pct"": ""52.0""}]",false,selected,,Only eligible LV question for this poll/round,,43.6,52.0,0,"[""538-row:2852"", ""538-row:2853""]"
538:2018:100:74940:142773,538_archive,2018,FL,100,74940,142773,74940,2018-FL-ordinary-general,2018-FL-ordinary-general,general,Class I,0,11/6/18,2018-11-06,2018-10-28,2018-10-30,LV,lv,lv,1193,The Political Matrix/The Listener Group,false,,Source flags; not independent nonpartisan verification,https://ricksblog.biz/inweekly-polls-nelson-desantis-have-leads/,2,"[{""candidate_id"": ""12413"", ""candidate_name"": ""Bill Nelson"", ""party"": ""DEM"", ""answer"": ""Nelson"", ""pct"": ""47.3""}, {""candidate_id"": ""12414"", ""candidate_name"": ""Rick Scott"", ""party"": ""REP"", ""answer"": ""Scott"", ""pct"": ""46.9""}]",true,selected,,Only eligible LV question for this poll/round,,47.3,46.9,0,"[""538-row:2854"", ""538-row:2855""]"
538:2018:120:56616:91159,538_archive,2018,TN,120,56616,91159,56616,2018-TN-ordinary-general,2018-TN-ordinary-general,general,Class I,0,11/6/18,2018-11-06,2018-10-27,2018-10-30,LV,lv,lv,718,Beacon Research/Shaw & Company,false,,Source flags; not independent nonpartisan verification,https://www.foxnews.com/politics/fox-news-tennessee-senate-poll-10-31-2018,2,"[{""candidate_id"": ""11382"", ""candidate_name"": ""Phil Bredesen"", ""party"": ""DEM"", ""answer"": ""Bredesen"", ""pct"": ""41.0""}, {""candidate_id"": ""11383"", ""candidate_name"": ""Marsha Blackburn"", ""party"": ""REP"", ""answer"": ""Blackburn"", ""pct"": ""50.0""}]",false,selected,,Only eligible LV question for this poll/round,,41.0,50.0,0,"[""538-row:2856"", ""538-row:2857""]"
538:2018:116:56617:91161,538_archive,2018,ND,116,56617,91161,56617,2018-ND-ordinary-general,2018-ND-ordinary-general,general,Class I,0,11/6/18,2018-11-06,2018-10-27,2018-10-30,LV,lv,lv,789,Beacon Research/Shaw & Company,false,,Source flags; not independent nonpartisan verification,https://www.foxnews.com/politics/fox-news-north-dakota-senate-poll-10-31-2018,2,"[{""candidate_id"": ""11148"", ""candidate_name"": ""Heidi Heitkamp"", ""party"": ""DEM"", ""answer"": ""Heitkamp"", ""pct"": ""42.0""}, {""candidate_id"": ""11149"", ""candidate_name"": ""Kevin Cramer"", ""party"": ""REP"", ""answer"": ""Cramer"", ""pct"": ""51.0""}]",true,selected,,Only eligible LV question for this poll/round,,42.0,51.0,0,"[""538-row:2860"", ""538-row:2861""]"
538:2018:102:56618:91163,538_archive,2018,IN,102,56618,91163,56618,2018-IN-ordinary-general,2018-IN-ordinary-general,general,Class I,0,11/6/18,2018-11-06,2018-10-27,2018-10-30,LV,lv,lv,722,Beacon Research/Shaw & Company,false,,Source flags; not independent nonpartisan verification,https://www.foxnews.com/politics/fox-news-indiana-senate-poll-10-31-2018,3,"[{""candidate_id"": ""11128"", ""candidate_name"": ""Joe Donnelly"", ""party"": ""DEM"", ""answer"": ""Donnelly"", ""pct"": ""45.0""}, {""candidate_id"": ""11129"", ""candidate_name"": ""Mike Braun"", ""party"": ""REP"", ""answer"": ""Braun"", ""pct"": ""38.0""}, {""candidate_id"": ""12458"", ""candidate_name"": ""Lucy M. Brenton"", ""party"": ""LIB"", ""answer"": ""Brenton"", ""pct"": ""5.0""}]",true,selected,,Only eligible LV question for this poll/round,,45.0,38.0,5.0,"[""538-row:2864"", ""538-row:2865"", ""538-row:2866""]"
538:2018:109:56619:91167,538_archive,2018,MO,109,56619,91167,56619,2018-MO-ordinary-general,2018-MO-ordinary-general,general,Class I,0,11/6/18,2018-11-06,2018-10-27,2018-10-30,LV,lv,lv,741,Beacon Research/Shaw & Company,false,,Source flags; not independent nonpartisan verification,https://www.foxnews.com/politics/fox-news-missouri-senate-poll-10-31-2018,5,"[{""candidate_id"": ""11410"", ""candidate_name"": ""Claire McCaskill"", ""party"": ""DEM"", ""answer"": ""McCaskill"", ""pct"": ""43.0""}, {""candidate_id"": ""11411"", ""candidate_name"": ""Josh Hawley"", ""party"": ""REP"", ""answer"": ""Hawley"", ""pct"": ""43.0""}, {""candidate_id"": ""12456"", ""candidate_name"": ""Jo Crain"", ""party"": ""GRE"", ""answer"": ""Crain"", ""pct"": ""1.0""}, {""candidate_id"": ""12455"", ""candidate_name"": ""Japheth R. Campbell"", ""party"": ""LIB"", ""answer"": ""Campbell"", ""pct"": ""0.0""}, {""candidate_id"": ""12519"", ""candidate_name"": ""Craig S. O'Dear"", ""party"": ""IND"", ""answer"": ""O'Dear"", ""pct"": ""3.0""}]",true,selected,,Unique full-ballot LV question (Decision 013),,43.0,43.0,4.0,"[""538-row:2874"", ""538-row:2875"", ""538-row:2876"", ""538-row:2877"", ""538-row:2878""]"
538:2018:96:56673:91276,538_archive,2018,AZ,96,56673,91276,56673,2018-AZ-ordinary-general,2018-AZ-ordinary-general,general,Class I,0,11/6/18,2018-11-06,2018-10-27,2018-10-30,LV,lv,lv,677,Vox Populi Polling,false,,Source flags; not independent nonpartisan verification,https://voxpoppolling.com/wp-content/uploads/2018/11/AZ-Statewide-Wave-2-Toplines-10.31.18.pdf,2,"[{""candidate_id"": ""12409"", ""candidate_name"": ""Kyrsten Sinema"", ""party"": ""DEM"", ""answer"": ""Sinema"", ""pct"": ""52.0""}, {""candidate_id"": ""12410"", ""candidate_name"": ""Martha McSally"", ""party"": ""REP"", ""answer"": ""McSally"", ""pct"": ""48.0""}]",false,selected,,Only eligible LV question for this poll/round,,52.0,48.0,0,"[""538-row:2884"", ""538-row:2885""]"
538:2018:100:56674:91277,538_archive,2018,FL,100,56674,91277,56674,2018-FL-ordinary-general,2018-FL-ordinary-general,general,Class I,0,11/6/18,2018-11-06,2018-10-27,2018-10-30,LV,lv,lv,696,Vox Populi Polling,false,,Source flags; not independent nonpartisan verification,https://voxpoppolling.com/wp-content/uploads/2018/10/FL-Statewide-Survey-Results-10.31.18.pdf,2,"[{""candidate_id"": ""12413"", ""candidate_name"": ""Bill Nelson"", ""party"": ""DEM"", ""answer"": ""Nelson"", ""pct"": ""50.0""}, {""candidate_id"": ""12414"", ""candidate_name"": ""Rick Scott"", ""party"": ""REP"", ""answer"": ""Scott"", ""pct"": ""50.0""}]",true,selected,,Only eligible LV question for this poll/round,,50.0,50.0,0,"[""538-row:2886"", ""538-row:2887""]"
538:2018:96:56710:91352,538_archive,2018,AZ,96,56710,91352,56710,2018-AZ-ordinary-general,2018-AZ-ordinary-general,general,Class I,0,11/6/18,2018-11-06,2018-10-24,2018-10-30,LV,lv,lv,1400,HarrisX,false,,Source flags; not independent nonpartisan verification,https://www.alliancenrfpoll.com/,2,"[{""candidate_id"": ""12409"", ""candidate_name"": ""Kyrsten Sinema"", ""party"": ""DEM"", ""answer"": ""Sinema"", ""pct"": ""42.7""}, {""candidate_id"": ""12410"", ""candidate_name"": ""Martha McSally"", ""party"": ""REP"", ""answer"": ""McSally"", ""pct"": ""47.5""}]",false,selected,,Only eligible LV question for this poll/round,,42.7,47.5,0,"[""538-row:2890"", ""538-row:2891""]"
538:2018:100:56711:91353,538_archive,2018,FL,100,56711,91353,56711,2018-FL-ordinary-general,2018-FL-ordinary-general,general,Class I,0,11/6/18,2018-11-06,2018-10-24,2018-10-30,LV,lv,lv,1400,HarrisX,false,,Source flags; not independent nonpartisan verification,https://www.alliancenrfpoll.com/,2,"[{""candidate_id"": ""12413"", ""candidate_name"": ""Bill Nelson"", ""party"": ""DEM"", ""answer"": ""Nelson"", ""pct"": ""43.4""}, {""candidate_id"": ""12414"", ""candidate_name"": ""Rick Scott"", ""party"": ""REP"", ""answer"": ""Scott"", ""pct"": ""44.3""}]",true,selected,,Only eligible LV question for this poll/round,,43.4,44.3,0,"[""538-row:2892"", ""538-row:2893""]"
538:2018:102:56713:91354,538_archive,2018,IN,102,56713,91354,56713,2018-IN-ordinary-general,2018-IN-ordinary-general,general,Class I,0,11/6/18,2018-11-06,2018-10-24,2018-10-30,LV,lv,lv,1400,HarrisX,false,,Source flags; not independent nonpartisan verification,https://www.alliancenrfpoll.com/,2,"[{""candidate_id"": ""11128"", ""candidate_name"": ""Joe Donnelly"", ""party"": ""DEM"", ""answer"": ""Donnelly"", ""pct"": ""41.6""}, {""candidate_id"": ""11129"", ""candidate_name"": ""Mike Braun"", ""party"": ""REP"", ""answer"": ""Braun"", ""pct"": ""42.1""}]",false,selected,,Only eligible LV question for this poll/round,,41.6,42.1,0,"[""538-row:2896"", ""538-row:2897""]"
538:2018:109:56714:91355,538_archive,2018,MO,109,56714,91355,56714,2018-MO-ordinary-general,2018-MO-ordinary-general,general,Class I,0,11/6/18,2018-11-06,2018-10-24,2018-10-30,LV,lv,lv,1400,HarrisX,false,,Source flags; not independent nonpartisan verification,https://www.alliancenrfpoll.com/,2,"[{""candidate_id"": ""11410"", ""candidate_name"": ""Claire McCaskill"", ""party"": ""DEM"", ""answer"": ""McCaskill"", ""pct"": ""46.0""}, {""candidate_id"": ""11411"", ""candidate_name"": ""Josh Hawley"", ""party"": ""REP"", ""answer"": ""Hawley"", ""pct"": ""44.1""}]",false,selected,,Only eligible LV question for this poll/round,,46.0,44.1,0,"[""538-row:2898"", ""538-row:2899""]"
538:2018:110:56715:91356,538_archive,2018,MT,110,56715,91356,56715,2018-MT-ordinary-general,2018-MT-ordinary-general,general,Class I,0,11/6/18,2018-11-06,2018-10-24,2018-10-30,LV,lv,lv,700,HarrisX,false,,Source flags; not independent nonpartisan verification,https://www.alliancenrfpoll.com/,2,"[{""candidate_id"": ""11140"", ""candidate_name"": ""Jon Tester"", ""party"": ""DEM"", ""answer"": ""Tester"", ""pct"": ""47.8""}, {""candidate_id"": ""11141"", ""candidate_name"": ""Matt Rosendale"", ""party"": ""REP"", ""answer"": ""Rosendale"", ""pct"": ""40.1""}]",false,selected,,Only eligible LV question for this poll/round,,47.8,40.1,0,"[""538-row:2900"", ""538-row:2901""]"
538:2018:107:66738:124507,538_archive,2018,MN,107,66738,124507,66738,2018-MN-ordinary-general,2018-MN-ordinary-general,general,Class I,0,11/6/18,2018-11-06,2018-10-15,2018-10-30,LV,lv,lv,420,St. Cloud State,false,,Source flags; not independent nonpartisan verification,https://drive.google.com/file/d/1tbm8hPcbiLAvcSZ3oxqB79CmWNlyCNsl/view?usp=sharing,2,"[{""candidate_id"": ""12373"", ""candidate_name"": ""Amy Klobuchar"", ""party"": ""DEM"", ""answer"": ""Klobuchar"", ""pct"": ""54.0""}, {""candidate_id"": ""12374"", ""candidate_name"": ""Jim Newberger"", ""party"": ""REP"", ""answer"": ""Newberger"", ""pct"": ""28.0""}]",false,selected,,Only eligible LV question for this poll/round,,54.0,28.0,0,"[""538-row:2905"", ""538-row:2906""]"
538:2018:129:66738:124513,538_archive,2018,MN,129,66738,124513,66738,2018-MN-special-general,2018-MN-special-general,general,Class II,2,11/6/18,2018-11-06,2018-10-15,2018-10-30,LV,lv,lv,420,St. Cloud State,false,,Source flags; not independent nonpartisan verification,https://drive.google.com/file/d/1tbm8hPcbiLAvcSZ3oxqB79CmWNlyCNsl/view?usp=sharing,2,"[{""candidate_id"": ""12376"", ""candidate_name"": ""Tina Smith"", ""party"": ""DEM"", ""answer"": ""Smith"", ""pct"": ""44.0""}, {""candidate_id"": ""12375"", ""candidate_name"": ""Karin Housley"", ""party"": ""REP"", ""answer"": ""Housley"", ""pct"": ""29.0""}]",false,selected,,Only eligible LV question for this poll/round,,44.0,29.0,0,"[""538-row:2907"", ""538-row:2908""]"
538:2018:120:56580:91073,538_archive,2018,TN,120,56580,91073,56580,2018-TN-ordinary-general,2018-TN-ordinary-general,general,Class I,0,11/6/18,2018-11-06,2018-10-27,2018-10-29,LV,lv,lv,780,Vox Populi Polling,false,,Source flags; not independent nonpartisan verification,https://voxpoppolling.com/wp-content/uploads/2018/10/TN-Statewide-Topline-Results-10.30.18.pdf,2,"[{""candidate_id"": ""11382"", ""candidate_name"": ""Phil Bredesen"", ""party"": ""DEM"", ""answer"": ""Bredesen"", ""pct"": ""47.0""}, {""candidate_id"": ""11383"", ""candidate_name"": ""Marsha Blackburn"", ""party"": ""REP"", ""answer"": ""Blackburn"", ""pct"": ""53.0""}]",false,selected,,Only eligible LV question for this poll/round,,47.0,53.0,0,"[""538-row:2909"", ""538-row:2910""]"
538:2018:113:56589:91084,538_archive,2018,NJ,113,56589,91084,56589,2018-NJ-ordinary-general,2018-NJ-ordinary-general,general,Class I,0,11/6/18,2018-11-06,2018-10-27,2018-10-29,LV,lv,lv,814,Vox Populi Polling,false,,Source flags; not independent nonpartisan verification,https://voxpoppolling.com/wp-content/uploads/2018/10/NJ-Statewide-Survey-Results-10.30.18.pdf,2,"[{""candidate_id"": ""11144"", ""candidate_name"": ""Robert Menendez"", ""party"": ""DEM"", ""answer"": ""Menendez"", ""pct"": ""54.0""}, {""candidate_id"": ""11145"", ""candidate_name"": ""Bob Hugin"", ""party"": ""REP"", ""answer"": ""Hugin"", ""pct"": ""46.0""}]",false,selected,,Only eligible LV question for this poll/round,,54.0,46.0,0,"[""538-row:2911"", ""538-row:2912""]"
538:2018:98:56596:91110,538_archive,2018,CT,98,56596,91110,56596,2018-CT-ordinary-general,2018-CT-ordinary-general,general,Class I,0,11/6/18,2018-11-06,2018-10-27,2018-10-29,LV,lv,lv,780,Emerson College Polling Society,false,,Source flags; not independent nonpartisan verification,https://www.emerson.edu/news-events/emerson-college-today/emerson-polls-ct-me-nh-two-house-races-play-potential-gubernatorial-upset,2,"[{""candidate_id"": ""12436"", ""candidate_name"": ""Christopher Murphy"", ""party"": ""DEM"", ""answer"": ""Murphy"", ""pct"": ""55.1""}, {""candidate_id"": ""12437"", ""candidate_name"": ""Matthew Corey"", ""party"": ""REP"", ""answer"": ""Corey"", ""pct"": ""35.1""}]",false,selected,,Only eligible LV question for this poll/round,,55.1,35.1,0,"[""538-row:2913"", ""538-row:2914""]"
538:2018:103:56597:91111,538_archive,2018,ME,103,56597,91111,56597,2018-ME-ordinary-general,2018-ME-ordinary-general,general,Class I,0,11/6/18,2018-11-06,2018-10-27,2018-10-29,LV,lv,lv,883,Emerson College Polling Society,false,,Source flags; not independent nonpartisan verification,https://www.emerson.edu/news-events/emerson-college-today/emerson-polls-ct-me-nh-two-house-races-play-potential-gubernatorial-upset,3,"[{""candidate_id"": ""11393"", ""candidate_name"": ""Zak Ringelstein"", ""party"": ""DEM"", ""answer"": ""Ringelstein"", ""pct"": ""5.8""}, {""candidate_id"": ""11394"", ""candidate_name"": ""Eric L. Brakey"", ""party"": ""REP"", ""answer"": ""Brakey"", ""pct"": ""37.2""}, {""candidate_id"": ""11395"", ""candidate_name"": ""Angus S. King Jr."", ""party"": ""IND"", ""answer"": ""King"", ""pct"": ""50.4""}]",true,selected,,Only eligible LV question for this poll/round,,50.4,37.2,5.8,"[""538-row:2915"", ""538-row:2916"", ""538-row:2917""]"
538:2018:100:56610:91144,538_archive,2018,FL,100,56610,91144,56610,2018-FL-ordinary-general,2018-FL-ordinary-general,general,Class I,0,11/6/18,2018-11-06,2018-10-27,2018-10-29,LV,lv,lv,495,Cygnal Political,false,,Source flags; not independent nonpartisan verification,http://www.cygn.al/wp-content/uploads/2018/10/42503-Cygnal-FL-Toplines-3.pdf,2,"[{""candidate_id"": ""12413"", ""candidate_name"": ""Bill Nelson"", ""party"": ""DEM"", ""answer"": ""Nelson"", ""pct"": ""50.1""}, {""candidate_id"": ""12414"", ""candidate_name"": ""Rick Scott"", ""party"": ""REP"", ""answer"": ""Scott"", ""pct"": ""48.3""}]",true,selected,,Only eligible LV question for this poll/round,,50.1,48.3,0,"[""538-row:2918"", ""538-row:2919""]"
538:2018:96:56615:91157,538_archive,2018,AZ,96,56615,91157,56615,2018-AZ-ordinary-general,2018-AZ-ordinary-general,general,Class I,0,11/6/18,2018-11-06,2018-10-27,2018-10-29,LV,lv,lv,643,Beacon Research/Shaw & Company,false,,Source flags; not independent nonpartisan verification,https://www.foxnews.com/politics/fox-news-arizona-senate-poll-10-31-2018,2,"[{""candidate_id"": ""12409"", ""candidate_name"": ""Kyrsten Sinema"", ""party"": ""DEM"", ""answer"": ""Sinema"", ""pct"": ""46.0""}, {""candidate_id"": ""12410"", ""candidate_name"": ""Martha McSally"", ""party"": ""REP"", ""answer"": ""McSally"", ""pct"": ""46.0""}]",false,selected,,Only eligible LV question for this poll/round,,46.0,46.0,0,"[""538-row:2920"", ""538-row:2921""]"
538:2018:96:56600:91126,538_archive,2018,AZ,96,56600,91126,56600,2018-AZ-ordinary-general,2018-AZ-ordinary-general,general,Class I,0,11/6/18,2018-11-06,2018-10-24,2018-10-29,LV,lv,lv,702,SSRS,false,,Source flags; not independent nonpartisan verification,http://cdn.cnn.com/cnn/2018/images/10/31/rel2_az.pdf,2,"[{""candidate_id"": ""12409"", ""candidate_name"": ""Kyrsten Sinema"", ""party"": ""DEM"", ""answer"": ""Sinema"", ""pct"": ""51.0""}, {""candidate_id"": ""12410"", ""candidate_name"": ""Martha McSally"", ""party"": ""REP"", ""answer"": ""McSally"", ""pct"": ""47.0""}]",false,selected,,Only eligible LV question for this poll/round,,51.0,47.0,0,"[""538-row:2926"", ""538-row:2927""]"
538:2018:100:56640:91217,538_archive,2018,FL,100,56640,91217,56640,2018-FL-ordinary-general,2018-FL-ordinary-general,general,Class I,0,11/6/18,2018-11-06,2018-10-24,2018-10-29,LV,lv,lv,781,SSRS,false,,Source flags; not independent nonpartisan verification,http://cdn.cnn.com/cnn/2018/images/11/01/rel2_fl.pdf,2,"[{""candidate_id"": ""12413"", ""candidate_name"": ""Bill Nelson"", ""party"": ""DEM"", ""answer"": ""Nelson"", ""pct"": ""49.0""}, {""candidate_id"": ""12414"", ""candidate_name"": ""Rick Scott"", ""party"": ""REP"", ""answer"": ""Scott"", ""pct"": ""47.0""}]",true,selected,,Only eligible LV question for this poll/round,,49.0,47.0,0,"[""538-row:2936"", ""538-row:2937""]"
538:2018:120:56641:91219,538_archive,2018,TN,120,56641,91219,56641,2018-TN-ordinary-general,2018-TN-ordinary-general,general,Class I,0,11/6/18,2018-11-06,2018-10-24,2018-10-29,LV,lv,lv,764,SSRS,false,,Source flags; not independent nonpartisan verification,http://cdn.cnn.com/cnn/2018/images/11/01/rel2_tn.pdf,2,"[{""candidate_id"": ""11382"", ""candidate_name"": ""Phil Bredesen"", ""party"": ""DEM"", ""answer"": ""Bredesen"", ""pct"": ""45.0""}, {""candidate_id"": ""11383"", ""candidate_name"": ""Marsha Blackburn"", ""party"": ""REP"", ""answer"": ""Blackburn"", ""pct"": ""49.0""}]",false,selected,,Only eligible LV question for this poll/round,,45.0,49.0,0,"[""538-row:2940"", ""538-row:2941""]"
538:2018:120:56681:91291,538_archive,2018,TN,120,56681,91291,56681,2018-TN-ordinary-general,2018-TN-ordinary-general,general,Class I,0,11/6/18,2018-11-06,2018-10-22,2018-10-29,LV,lv,lv,495,East Tennessee State University,false,,Source flags; not independent nonpartisan verification,https://www.etsu.edu/cas/sociology/asrl/,2,"[{""candidate_id"": ""11382"", ""candidate_name"": ""Phil Bredesen"", ""party"": ""DEM"", ""answer"": ""Bredesen"", ""pct"": ""44.0""}, {""candidate_id"": ""11383"", ""candidate_name"": ""Marsha Blackburn"", ""party"": ""REP"", ""answer"": ""Blackburn"", ""pct"": ""44.0""}]",false,selected,,Only eligible LV question for this poll/round,,44.0,44.0,0,"[""538-row:2942"", ""538-row:2943""]"
538:2018:96:56522:90927,538_archive,2018,AZ,96,56522,90927,56522,2018-AZ-ordinary-general,2018-AZ-ordinary-general,general,Class I,0,11/6/18,2018-11-06,2018-10-26,2018-10-28,LV,lv,lv,400,HighGround,false,,Source flags; not independent nonpartisan verification,http://www.azhighground.com/blog/post/breaking--senate-dead-heat-and-dominant-ducey,3,"[{""candidate_id"": ""12409"", ""candidate_name"": ""Kyrsten Sinema"", ""party"": ""DEM"", ""answer"": ""Sinema"", ""pct"": ""45.3""}, {""candidate_id"": ""12410"", ""candidate_name"": ""Martha McSally"", ""party"": ""REP"", ""answer"": ""McSally"", ""pct"": ""46.5""}, {""candidate_id"": ""13146"", ""candidate_name"": ""Angela Green"", ""party"": ""GRE"", ""answer"": ""Green"", ""pct"": ""3.5""}]",true,selected,,Only eligible LV question for this poll/round,,45.3,46.5,3.5,"[""538-row:2944"", ""538-row:2945"", ""538-row:2946""]"
538:2018:100:56554:90991,538_archive,2018,FL,100,56554,90991,56554,2018-FL-ordinary-general,2018-FL-ordinary-general,general,Class I,0,11/6/18,2018-11-06,2018-10-25,2018-10-28,LV,lv,lv,500,Suffolk,false,,Source flags; not independent nonpartisan verification,https://www.suffolk.edu/documents/SUPRC/10_30_2018_marginals.pdf,2,"[{""candidate_id"": ""12413"", ""candidate_name"": ""Bill Nelson"", ""party"": ""DEM"", ""answer"": ""Nelson"", ""pct"": ""45.0""}, {""candidate_id"": ""12414"", ""candidate_name"": ""Rick Scott"", ""party"": ""REP"", ""answer"": ""Scott"", ""pct"": ""43.2""}]",true,selected,,Only eligible LV question for this poll/round,,45.0,43.2,0,"[""538-row:2950"", ""538-row:2951""]"
538:2018:105:56606:91139,538_archive,2018,MA,105,56606,91139,56606,2018-MA-ordinary-general,2018-MA-ordinary-general,general,Class I,0,11/6/18,2018-11-06,2018-10-25,2018-10-28,LV,lv,lv,502,MassINC Polling Group,false,,Source flags; not independent nonpartisan verification,https://d279m997dpfwgl.cloudfront.net/wp/2018/10/1030_senate-poll-topline.pdf,3,"[{""candidate_id"": ""12480"", ""candidate_name"": ""Elizabeth Warren"", ""party"": ""DEM"", ""answer"": ""Warren"", ""pct"": ""54.0""}, {""candidate_id"": ""12481"", ""candidate_name"": ""Geoff Diehl"", ""party"": ""REP"", ""answer"": ""Diehl"", ""pct"": ""32.0""}, {""candidate_id"": ""13149"", ""candidate_name"": ""Shiva Ayyadurai"", ""party"": ""IND"", ""answer"": ""Ayyadurai"", ""pct"": ""6.0""}]",true,selected,,Only eligible LV question for this poll/round,,54.0,32.0,6.0,"[""538-row:2952"", ""538-row:2953"", ""538-row:2954""]"
538:2018:105:56512:90913,538_archive,2018,MA,105,56512,90913,56512,2018-MA-ordinary-general,2018-MA-ordinary-general,general,Class I,0,11/6/18,2018-11-06,2018-10-24,2018-10-28,LV,lv,lv,500,Suffolk,false,,Source flags; not independent nonpartisan verification,https://www.bostonglobe.com/metro/2018/10/29/support-dropping-for-ballot-question-nurse-staffing-poll-shows/6NoQKNXT79DTTfMYicoyiJ/story.html,3,"[{""candidate_id"": ""12480"", ""candidate_name"": ""Elizabeth Warren"", ""party"": ""DEM"", ""answer"": ""Warren"", ""pct"": ""55.6""}, {""candidate_id"": ""12481"", ""candidate_name"": ""Geoff Diehl"", ""party"": ""REP"", ""answer"": ""Diehl"", ""pct"": ""34.4""}, {""candidate_id"": ""13149"", ""candidate_name"": ""Shiva Ayyadurai"", ""party"": ""IND"", ""answer"": ""Ayyadurai"", ""pct"": ""4.4""}]",true,selected,,Only eligible LV question for this poll/round,,55.6,34.4,4.4,"[""538-row:2955"", ""538-row:2956"", ""538-row:2957""]"
538:2018:127:56602:91132,538_archive,2018,WI,127,56602,91132,56602,2018-WI-ordinary-general,2018-WI-ordinary-general,general,Class I,0,11/6/18,2018-11-06,2018-10-24,2018-10-28,LV,lv,lv,1154,Marquette Law School,false,,Source flags; not independent nonpartisan verification,https://law.marquette.edu/poll/2018/10/31/mlsp50release/,2,"[{""candidate_id"": ""12400"", ""candidate_name"": ""Tammy Baldwin"", ""party"": ""DEM"", ""answer"": ""Baldwin"", ""pct"": ""54.0""}, {""candidate_id"": ""12401"", ""candidate_name"": ""Leah Vukmir"", ""party"": ""REP"", ""answer"": ""Vukmir"", ""pct"": ""43.0""}]",true,selected,,Only eligible LV question for this poll/round,,54.0,43.0,0,"[""538-row:2958"", ""538-row:2959""]"
538:2018:102:56612:91148,538_archive,2018,IN,102,56612,91148,56612,2018-IN-ordinary-general,2018-IN-ordinary-general,general,Class I,0,11/6/18,2018-11-06,2018-10-24,2018-10-28,LV,lv,lv,496,Marist,false,,Source flags; not independent nonpartisan verification,http://maristpoll.marist.edu/wp-content/uploads/2018/10/NBC-News_Marist-Poll_IN-NOS-and-Tables_Adults-and-Registered-Voters-and-Likely-Voters_1810291546.pdf,3,"[{""candidate_id"": ""11128"", ""candidate_name"": ""Joe Donnelly"", ""party"": ""DEM"", ""answer"": ""Donnelly"", ""pct"": ""45.0""}, {""candidate_id"": ""11129"", ""candidate_name"": ""Mike Braun"", ""party"": ""REP"", ""answer"": ""Braun"", ""pct"": ""42.0""}, {""candidate_id"": ""12458"", ""candidate_name"": ""Lucy M. Brenton"", ""party"": ""LIB"", ""answer"": ""Brenton"", ""pct"": ""7.0""}]",true,selected,,Unique full-ballot LV question (Decision 013),,45.0,42.0,7.0,"[""538-row:2967"", ""538-row:2968"", ""538-row:2969""]"
538:2018:121:56513:90915,538_archive,2018,TX,121,56513,90915,56513,2018-TX-ordinary-general,2018-TX-ordinary-general,general,Class I,0,11/6/18,2018-11-06,2018-10-22,2018-10-28,LV,lv,lv,1078,Quinnipiac,false,,Source flags; not independent nonpartisan verification,https://poll.qu.edu/images/polling/tx/tx10292018_tjfp53.pdf/,2,"[{""candidate_id"": ""11125"", ""candidate_name"": ""Beto O'Rourke"", ""party"": ""DEM"", ""answer"": ""O'Rourke"", ""pct"": ""46.0""}, {""candidate_id"": ""11126"", ""candidate_name"": ""Ted Cruz"", ""party"": ""REP"", ""answer"": ""Cruz"", ""pct"": ""51.0""}]",false,selected,,Only eligible LV question for this poll/round,,46.0,51.0,0,"[""538-row:2972"", ""538-row:2973""]"
538:2018:98:56538:90962,538_archive,2018,CT,98,56538,90962,56538,2018-CT-ordinary-general,2018-CT-ordinary-general,general,Class I,0,11/6/18,2018-11-06,2018-10-22,2018-10-28,LV,lv,lv,1201,Quinnipiac,false,,Source flags; not independent nonpartisan verification,https://poll.qu.edu/poll-release-legacy?releaseid=2584,2,"[{""candidate_id"": ""12436"", ""candidate_name"": ""Christopher Murphy"", ""party"": ""DEM"", ""answer"": ""Murphy"", ""pct"": ""56.0""}, {""candidate_id"": ""12437"", ""candidate_name"": ""Matthew Corey"", ""party"": ""REP"", ""answer"": ""Corey"", ""pct"": ""41.0""}]",false,selected,,Only eligible LV question for this poll/round,,56.0,41.0,0,"[""538-row:2974"", ""538-row:2975""]"
538:2018:118:56628:91190,538_archive,2018,PA,118,56628,91190,56628,2018-PA-ordinary-general,2018-PA-ordinary-general,general,Class I,0,11/6/18,2018-11-06,2018-10-22,2018-10-28,LV,lv,lv,214,Franklin and Marshall College,false,,Source flags; not independent nonpartisan verification,https://www.fandm.edu/uploads/files/499165642819184003-f-m-poll-release-october-2018-draft-1.pdf,2,"[{""candidate_id"": ""11138"", ""candidate_name"": ""Robert P. Casey Jr."", ""party"": ""DEM"", ""answer"": ""Casey"", ""pct"": ""50.0""}, {""candidate_id"": ""11139"", ""candidate_name"": ""Lou Barletta"", ""party"": ""REP"", ""answer"": ""Barletta"", ""pct"": ""35.0""}]",false,selected,,Only eligible LV question for this poll/round,,50.0,35.0,0,"[""538-row:2980"", ""538-row:2981""]"
538:2018:121:56590:91093,538_archive,2018,TX,121,56590,91093,56590,2018-TX-ordinary-general,2018-TX-ordinary-general,general,Class I,0,11/6/18,2018-11-06,2018-10-15,2018-10-28,LV,lv,lv,905,University of Texas at Tyler,false,,Source flags; not independent nonpartisan verification,https://tylerpaper.com/news/local/ut-tyler-poll-shows-ted-cruz-leading-beto-o-rourke/article_ba27d004-dc91-11e8-8a2e-0b1de9580b62.html,2,"[{""candidate_id"": ""11125"", ""candidate_name"": ""Beto O'Rourke"", ""party"": ""DEM"", ""answer"": ""O'Rourke"", ""pct"": ""43.4""}, {""candidate_id"": ""11126"", ""candidate_name"": ""Ted Cruz"", ""party"": ""REP"", ""answer"": ""Cruz"", ""pct"": ""47.0""}]",false,selected,,Only eligible LV question for this poll/round,,43.4,47.0,0,"[""538-row:2984"", ""538-row:2985""]"
538:2018:102:56557:90994,538_archive,2018,IN,102,56557,90994,56557,2018-IN-ordinary-general,2018-IN-ordinary-general,general,Class I,0,11/6/18,2018-11-06,2018-10-26,2018-10-27,LV,lv,lv,505,Cygnal Political,false,,Source flags; not independent nonpartisan verification,http://www.cygn.al/wp-content/uploads/2018/10/42514-Cygnal-IN-Toplines.pdf,2,"[{""candidate_id"": ""11128"", ""candidate_name"": ""Joe Donnelly"", ""party"": ""DEM"", ""answer"": ""Donnelly"", ""pct"": ""46.2""}, {""candidate_id"": ""11129"", ""candidate_name"": ""Mike Braun"", ""party"": ""REP"", ""answer"": ""Braun"", ""pct"": ""49.1""}]",false,selected,,Only eligible LV question for this poll/round,,46.2,49.1,0,"[""538-row:2986"", ""538-row:2987""]"
538:2018:109:56558:90995,538_archive,2018,MO,109,56558,90995,56558,2018-MO-ordinary-general,2018-MO-ordinary-general,general,Class I,0,11/6/18,2018-11-06,2018-10-26,2018-10-27,LV,lv,lv,501,Cygnal Political,false,,Source flags; not independent nonpartisan verification,http://www.cygn.al/wp-content/uploads/2018/10/42511-Cygnal-MO-Toplines.pdf,2,"[{""candidate_id"": ""11410"", ""candidate_name"": ""Claire McCaskill"", ""party"": ""DEM"", ""answer"": ""McCaskill"", ""pct"": ""46.4""}, {""candidate_id"": ""11411"", ""candidate_name"": ""Josh Hawley"", ""party"": ""REP"", ""answer"": ""Hawley"", ""pct"": ""49.4""}]",false,selected,,Only eligible LV question for this poll/round,,46.4,49.4,0,"[""538-row:2988"", ""538-row:2989""]"
538:2018:120:56604:91137,538_archive,2018,TN,120,56604,91137,56604,2018-TN-ordinary-general,2018-TN-ordinary-general,general,Class I,0,11/6/18,2018-11-06,2018-10-26,2018-10-27,LV,lv,lv,497,Cygnal Political,false,,Source flags; not independent nonpartisan verification,http://www.cygn.al/wp-content/uploads/2018/10/42501-Cygnal-TN-Toplines.pdf,2,"[{""candidate_id"": ""11382"", ""candidate_name"": ""Phil Bredesen"", ""party"": ""DEM"", ""answer"": ""Bredesen"", ""pct"": ""44.7""}, {""candidate_id"": ""11383"", ""candidate_name"": ""Marsha Blackburn"", ""party"": ""REP"", ""answer"": ""Blackburn"", ""pct"": ""50.5""}]",false,selected,,Only eligible LV question for this poll/round,,44.7,50.5,0,"[""538-row:2990"", ""538-row:2991""]"
538:2018:106:56520:90929,538_archive,2018,MI,106,56520,90929,56520,2018-MI-ordinary-general,2018-MI-ordinary-general,general,Class I,0,11/6/18,2018-11-06,2018-10-25,2018-10-27,LV,lv,lv,600,Glengariff Group Inc.,false,,Source flags; not independent nonpartisan verification,https://www.detroitnews.com/story/news/politics/2018/10/29/michigan-poll-debbie-stabenow-john-james-senate-race/1807448002/,5,"[{""candidate_id"": ""11408"", ""candidate_name"": ""Debbie Stabenow"", ""party"": ""DEM"", ""answer"": ""Stabenow"", ""pct"": ""53.0""}, {""candidate_id"": ""11409"", ""candidate_name"": ""John James"", ""party"": ""REP"", ""answer"": ""James"", ""pct"": ""36.3""}, {""candidate_id"": ""13231"", ""candidate_name"": ""George E. Huffman"", ""party"": ""UST"", ""answer"": ""Huffman"", ""pct"": ""1.2""}, {""candidate_id"": ""13232"", ""candidate_name"": ""Marcia Squier"", ""party"": ""GRE"", ""answer"": ""Squier"", ""pct"": ""1.2""}, {""candidate_id"": ""13233"", ""candidate_name"": ""John Howard Wilhelm"", ""party"": ""NLP"", ""answer"": ""Wilhelm"", ""pct"": ""0.3""}]",true,selected,,Only eligible LV question for this poll/round,,53.0,36.3,2.7,"[""538-row:2992"", ""538-row:2993"", ""538-row:2994"", ""538-row:2995"", ""538-row:2996""]"
538:2018:100:56450:90791,538_archive,2018,FL,100,56450,90791,56450,2018-FL-ordinary-general,2018-FL-ordinary-general,general,Class I,0,11/6/18,2018-11-06,2018-10-23,2018-10-27,LV,lv,lv,737,Siena College/NYT Upshot,false,,Source flags; not independent nonpartisan verification,https://www.nytimes.com/interactive/2018/upshot/elections-poll-flsen-3.html,2,"[{""candidate_id"": ""12413"", ""candidate_name"": ""Bill Nelson"", ""party"": ""DEM"", ""answer"": ""Nelson"", ""pct"": ""47.89""}, {""candidate_id"": ""12414"", ""candidate_name"": ""Rick Scott"", ""party"": ""REP"", ""answer"": ""Scott"", ""pct"": ""44.36""}]",true,selected,,Only eligible LV question for this poll/round,,47.89,44.36,0,"[""538-row:2997"", ""538-row:2998""]"
538:2018:96:56539:90965,538_archive,2018,AZ,96,56539,90965,56539,2018-AZ-ordinary-general,2018-AZ-ordinary-general,general,Class I,0,11/6/18,2018-11-06,2018-10-23,2018-10-27,LV,lv,lv,506,Marist,false,,Source flags; not independent nonpartisan verification,https://www.nbcnews.com/politics/first-read/poll-sinema-leads-mcsally-arizona-senate-race-n925876,3,"[{""candidate_id"": ""12409"", ""candidate_name"": ""Kyrsten Sinema"", ""party"": ""DEM"", ""answer"": ""Sinema"", ""pct"": ""47.0""}, {""candidate_id"": ""12410"", ""candidate_name"": ""Martha McSally"", ""party"": ""REP"", ""answer"": ""McSally"", ""pct"": ""44.0""}, {""candidate_id"": ""13146"", ""candidate_name"": ""Angela Green"", ""party"": ""GRE"", ""answer"": ""Green"", ""pct"": ""6.0""}]",true,selected,,Unique full-ballot LV question (Decision 013),,47.0,44.0,6.0,"[""538-row:3005"", ""538-row:3006"", ""538-row:3007""]"
538:2018:120:56577:91065,538_archive,2018,TN,120,56577,91065,56577,2018-TN-ordinary-general,2018-TN-ordinary-general,general,Class I,0,11/6/18,2018-11-06,2018-10-23,2018-10-27,LV,lv,lv,471,Marist,false,,Source flags; not independent nonpartisan verification,http://media1.s-nbcnews.com/i/today/z_creative/NBCNewsMaristPollTNAnnotatedQuestionnaire1810291305.pdf,2,"[{""candidate_id"": ""11382"", ""candidate_name"": ""Phil Bredesen"", ""party"": ""DEM"", ""answer"": ""Bredesen"", ""pct"": ""46.0""}, {""candidate_id"": ""11383"", ""candidate_name"": ""Marsha Blackburn"", ""party"": ""REP"", ""answer"": ""Blackburn"", ""pct"": ""51.0""}]",false,selected,,Only eligible LV question for this poll/round,,46.0,51.0,0,"[""538-row:3013"", ""538-row:3014""]"
538:2018:105:56585:91085,538_archive,2018,MA,105,56585,91085,56585,2018-MA-ordinary-general,2018-MA-ordinary-general,general,Class I,0,11/6/18,2018-11-06,2018-10-10,2018-10-27,LV,lv,lv,402,Western New England University,false,,Source flags; not independent nonpartisan verification,https://www1.wne.edu/polling-institute/doc/2018-oct-10-27/ma1018-tables.pdf,3,"[{""candidate_id"": ""12480"", ""candidate_name"": ""Elizabeth Warren"", ""party"": ""DEM"", ""answer"": ""Warren"", ""pct"": ""57.0""}, {""candidate_id"": ""12481"", ""candidate_name"": ""Geoff Diehl"", ""party"": ""REP"", ""answer"": ""Diehl"", ""pct"": ""27.0""}, {""candidate_id"": ""13149"", ""candidate_name"": ""Shiva Ayyadurai"", ""party"": ""IND"", ""answer"": ""Ayyadurai"", ""pct"": ""7.0""}]",true,selected,,Only eligible LV question for this poll/round,,57.0,27.0,7.0,"[""538-row:3019"", ""538-row:3020"", ""538-row:3021""]"
538:2018:121:56562:91001,538_archive,2018,TX,121,56562,91001,56562,2018-TX-ordinary-general,2018-TX-ordinary-general,general,Class I,0,11/6/18,2018-11-06,2018-10-25,2018-10-26,LV,lv,lv,588,Dixie Strategies,false,,Source flags; not independent nonpartisan verification,https://dfw.cbslocal.com/2018/10/30/cruz-abbott-pull-ahead-in-latest-poll/,2,"[{""candidate_id"": ""11125"", ""candidate_name"": ""Beto O'Rourke"", ""party"": ""DEM"", ""answer"": ""O'Rourke"", ""pct"": ""42.0""}, {""candidate_id"": ""11126"", ""candidate_name"": ""Ted Cruz"", ""party"": ""REP"", ""answer"": ""Cruz"", ""pct"": ""52.0""}]",false,selected,,Only eligible LV question for this poll/round,,42.0,52.0,0,"[""538-row:3025"", ""538-row:3026""]"
538:2018:106:56507:90904,538_archive,2018,MI,106,56507,90904,56507,2018-MI-ordinary-general,2018-MI-ordinary-general,general,Class I,0,11/6/18,2018-11-06,2018-10-24,2018-10-26,LV,lv,lv,822,Emerson College Polling Society,false,,Source flags; not independent nonpartisan verification,https://www.emerson.edu/news-events/emerson-college-today/emerson-poll-democrats-favored-pick-governorships-mi-nm-hold-us-senate-seat-nj,2,"[{""candidate_id"": ""11408"", ""candidate_name"": ""Debbie Stabenow"", ""party"": ""DEM"", ""answer"": ""Stabenow"", ""pct"": ""51.9""}, {""candidate_id"": ""11409"", ""candidate_name"": ""John James"", ""party"": ""REP"", ""answer"": ""James"", ""pct"": ""42.5""}]",false,selected,,Only eligible LV question for this poll/round,,51.9,42.5,0,"[""538-row:3027"", ""538-row:3028""]"
538:2018:114:56508:90905,538_archive,2018,NM,114,56508,90905,56508,2018-NM-ordinary-general,2018-NM-ordinary-general,general,Class I,0,11/6/18,2018-11-06,2018-10-24,2018-10-26,LV,lv,lv,936,Emerson College Polling Society,false,,Source flags; not independent nonpartisan verification,https://www.emerson.edu/news-events/emerson-college-today/emerson-poll-democrats-favored-pick-governorships-mi-nm-hold-us-senate-seat-nj,3,"[{""candidate_id"": ""11154"", ""candidate_name"": ""Martin Heinrich"", ""party"": ""DEM"", ""answer"": ""Heinrich"", ""pct"": ""48.0""}, {""candidate_id"": ""11155"", ""candidate_name"": ""Mick Rich"", ""party"": ""REP"", ""answer"": ""Rich"", ""pct"": ""31.5""}, {""candidate_id"": ""12389"", ""candidate_name"": ""Gary Johnson"", ""party"": ""LIB"", ""answer"": ""Johnson"", ""pct"": ""15.9""}]",true,selected,,Only eligible LV question for this poll/round,,48.0,31.5,15.9,"[""538-row:3029"", ""538-row:3030"", ""538-row:3031""]"
538:2018:113:56509:90903,538_archive,2018,NJ,113,56509,90903,56509,2018-NJ-ordinary-general,2018-NJ-ordinary-general,general,Class I,0,11/6/18,2018-11-06,2018-10-24,2018-10-26,LV,lv,lv,659,Emerson College Polling Society,false,,Source flags; not independent nonpartisan verification,https://www.emerson.edu/news-events/emerson-college-today/emerson-poll-democrats-favored-pick-governorships-mi-nm-hold-us-senate-seat-nj,2,"[{""candidate_id"": ""11144"", ""candidate_name"": ""Robert Menendez"", ""party"": ""DEM"", ""answer"": ""Menendez"", ""pct"": ""47.3""}, {""candidate_id"": ""11145"", ""candidate_name"": ""Bob Hugin"", ""party"": ""REP"", ""answer"": ""Hugin"", ""pct"": ""42.0""}]",false,selected,,Only eligible LV question for this poll/round,,47.3,42.0,0,"[""538-row:3032"", ""538-row:3033""]"
538:2018:110:56546:90981,538_archive,2018,MT,110,56546,90981,56546,2018-MT-ordinary-general,2018-MT-ordinary-general,general,Class I,0,11/6/18,2018-11-06,2018-10-24,2018-10-26,LV,lv,lv,782,Gravis Marketing,false,,Source flags; not independent nonpartisan verification,https://www.realclearpolitics.com/docs/Gravis_Montana_October_27_2018.pdf,2,"[{""candidate_id"": ""11140"", ""candidate_name"": ""Jon Tester"", ""party"": ""DEM"", ""answer"": ""Tester"", ""pct"": ""48.0""}, {""candidate_id"": ""11141"", ""candidate_name"": ""Matt Rosendale"", ""party"": ""REP"", ""answer"": ""Rosendale"", ""pct"": ""45.0""}]",false,selected,,Only eligible LV question for this poll/round,,48.0,45.0,0,"[""538-row:3034"", ""538-row:3035""]"
538:2018:96:56497:90884,538_archive,2018,AZ,96,56497,90884,56497,2018-AZ-ordinary-general,2018-AZ-ordinary-general,general,Class I,0,11/6/18,2018-11-06,2018-10-23,2018-10-26,LV,lv,lv,972,YouGov,false,,Source flags; not independent nonpartisan verification,https://d25d2506sfb94s.cloudfront.net/cumulus_uploads/document/k1oa1jks0d/cbs_20181028_AZ_final.pdf,2,"[{""candidate_id"": ""12409"", ""candidate_name"": ""Kyrsten Sinema"", ""party"": ""DEM"", ""answer"": ""Sinema"", ""pct"": ""47.0""}, {""candidate_id"": ""12410"", ""candidate_name"": ""Martha McSally"", ""party"": ""REP"", ""answer"": ""McSally"", ""pct"": ""44.0""}]",false,selected,,Only eligible LV question for this poll/round,,47.0,44.0,0,"[""538-row:3038"", ""538-row:3039""]"
538:2018:100:56498:90886,538_archive,2018,FL,100,56498,90886,56498,2018-FL-ordinary-general,2018-FL-ordinary-general,general,Class I,0,11/6/18,2018-11-06,2018-10-23,2018-10-26,LV,lv,lv,991,YouGov,false,,Source flags; not independent nonpartisan verification,https://d25d2506sfb94s.cloudfront.net/cumulus_uploads/document/shtloc96e5/cbs_20181028_FL_final.pdf,2,"[{""candidate_id"": ""12413"", ""candidate_name"": ""Bill Nelson"", ""party"": ""DEM"", ""answer"": ""Nelson"", ""pct"": ""46.0""}, {""candidate_id"": ""12414"", ""candidate_name"": ""Rick Scott"", ""party"": ""REP"", ""answer"": ""Scott"", ""pct"": ""46.0""}]",true,selected,,Only eligible LV question for this poll/round,,46.0,46.0,0,"[""538-row:3040"", ""538-row:3041""]"
538:2018:102:56499:90885,538_archive,2018,IN,102,56499,90885,56499,2018-IN-ordinary-general,2018-IN-ordinary-general,general,Class I,0,11/6/18,2018-11-06,2018-10-23,2018-10-26,LV,lv,lv,975,YouGov,false,,Source flags; not independent nonpartisan verification,https://d25d2506sfb94s.cloudfront.net/cumulus_uploads/document/9w35f9m36n/cbs_20181028_IN_final.pdf,3,"[{""candidate_id"": ""11128"", ""candidate_name"": ""Joe Donnelly"", ""party"": ""DEM"", ""answer"": ""Donnelly"", ""pct"": ""43.0""}, {""candidate_id"": ""11129"", ""candidate_name"": ""Mike Braun"", ""party"": ""REP"", ""answer"": ""Braun"", ""pct"": ""46.0""}, {""candidate_id"": ""12458"", ""candidate_name"": ""Lucy M. Brenton"", ""party"": ""LIB"", ""answer"": ""Brenton"", ""pct"": ""3.0""}]",true,selected,,Only eligible LV question for this poll/round,,43.0,46.0,3.0,"[""538-row:3042"", ""538-row:3043"", ""538-row:3044""]"
538:2018:100:56537:90956,538_archive,2018,FL,100,56537,90956,56537,2018-FL-ordinary-general,2018-FL-ordinary-general,general,Class I,0,11/6/18,2018-11-06,2018-10-23,2018-10-26,LV,lv,lv,1051,U. North Florida,false,,Source flags; not independent nonpartisan verification,https://www.unf.edu/coas/porl/2018FL2Fall.aspx,2,"[{""candidate_id"": ""12413"", ""candidate_name"": ""Bill Nelson"", ""party"": ""DEM"", ""answer"": ""Nelson"", ""pct"": ""47.0""}, {""candidate_id"": ""12414"", ""candidate_name"": ""Rick Scott"", ""party"": ""REP"", ""answer"": ""Scott"", ""pct"": ""46.0""}]",true,selected,,Only eligible LV question for this poll/round,,47.0,46.0,0,"[""538-row:3045"", ""538-row:3046""]"
538:2018:96:56586:91086,538_archive,2018,AZ,96,56586,91086,56586,2018-AZ-ordinary-general,2018-AZ-ordinary-general,general,Class I,0,11/6/18,2018-11-06,2018-10-17,2018-10-26,LV,lv,lv,799,Ipsos,false,,Source flags; not independent nonpartisan verification,https://www.ipsos.com/sites/default/files/ct/news/documents/2018-10/october_2018_state_topline_-_arizona_october.pdf,2,"[{""candidate_id"": ""12409"", ""candidate_name"": ""Kyrsten Sinema"", ""party"": ""DEM"", ""answer"": ""Sinema"", ""pct"": ""46.0""}, {""candidate_id"": ""12410"", ""candidate_name"": ""Martha McSally"", ""party"": ""REP"", ""answer"": ""McSally"", ""pct"": ""48.0""}]",false,selected,,Only eligible LV question for this poll/round,,46.0,48.0,0,"[""538-row:3047"", ""538-row:3048""]"
538:2018:106:56488:90863,538_archive,2018,MI,106,56488,90863,56488,2018-MI-ordinary-general,2018-MI-ordinary-general,general,Class I,0,11/6/18,2018-11-06,2018-10-25,2018-10-25,LV,lv,lv,400,Mitchell,false,,Source flags; not independent nonpartisan verification,https://www.realclearpolitics.com/docs/MI_8-18_Press_Release_10-26-18.pdf,2,"[{""candidate_id"": ""11408"", ""candidate_name"": ""Debbie Stabenow"", ""party"": ""DEM"", ""answer"": ""Stabenow"", ""pct"": ""52.0""}, {""candidate_id"": ""11409"", ""candidate_name"": ""John James"", ""party"": ""REP"", ""answer"": ""James"", ""pct"": ""46.0""}]",false,selected,,Only eligible LV question for this poll/round,,52.0,46.0,0,"[""538-row:3051"", ""538-row:3052""]"
538:2018:109:56493:90872,538_archive,2018,MO,109,56493,90872,56493,2018-MO-ordinary-general,2018-MO-ordinary-general,general,Class I,0,11/6/18,2018-11-06,2018-10-24,2018-10-25,LV,lv,lv,1376,Remington,false,,Source flags; not independent nonpartisan verification,https://moscout.com/s/MOScout-Weekly-Poll-102618.pdf,5,"[{""candidate_id"": ""11410"", ""candidate_name"": ""Claire McCaskill"", ""party"": ""DEM"", ""answer"": ""McCaskill"", ""pct"": ""45.0""}, {""candidate_id"": ""11411"", ""candidate_name"": ""Josh Hawley"", ""party"": ""REP"", ""answer"": ""Hawley"", ""pct"": ""49.0""}, {""candidate_id"": ""12455"", ""candidate_name"": ""Japheth R. Campbell"", ""party"": ""LIB"", ""answer"": ""Campbell"", ""pct"": ""1.0""}, {""candidate_id"": ""12456"", ""candidate_name"": ""Jo Crain"", ""party"": ""GRE"", ""answer"": ""Crain"", ""pct"": ""1.0""}, {""candidate_id"": ""12519"", ""candidate_name"": ""Craig S. O'Dear"", ""party"": ""IND"", ""answer"": ""O'Dear"", ""pct"": ""1.0""}]",true,selected,,Only eligible LV question for this poll/round,,45.0,49.0,3.0,"[""538-row:3053"", ""538-row:3054"", ""538-row:3055"", ""538-row:3056"", ""538-row:3057""]"
538:2018:100:56587:91087,538_archive,2018,FL,100,56587,91087,56587,2018-FL-ordinary-general,2018-FL-ordinary-general,general,Class I,0,11/6/18,2018-11-06,2018-10-17,2018-10-25,LV,lv,lv,1069,Ipsos,false,,Source flags; not independent nonpartisan verification,https://www.ipsos.com/sites/default/files/ct/news/documents/2018-10/october_2018_state_topline_-_florida_october.pdf,2,"[{""candidate_id"": ""12413"", ""candidate_name"": ""Bill Nelson"", ""party"": ""DEM"", ""answer"": ""Nelson"", ""pct"": ""49.0""}, {""candidate_id"": ""12414"", ""candidate_name"": ""Rick Scott"", ""party"": ""REP"", ""answer"": ""Scott"", ""pct"": ""44.0""}]",true,selected,,Only eligible LV question for this poll/round,,49.0,44.0,0,"[""538-row:3060"", ""538-row:3061""]"
538:2018:106:56743:91420,538_archive,2018,MI,106,56743,91420,56743,2018-MI-ordinary-general,2018-MI-ordinary-general,general,Class I,0,11/6/18,2018-11-06,2018-10-22,2018-10-24,LV,lv,lv,800,Target Insyght,false,,Source flags; not independent nonpartisan verification,https://mirsnews.com/images/TargetInsyght_Statewide_Poll_10_25_2018_(1).pdf,5,"[{""candidate_id"": ""11408"", ""candidate_name"": ""Debbie Stabenow"", ""party"": ""DEM"", ""answer"": ""Stabenow"", ""pct"": ""53.0""}, {""candidate_id"": ""11409"", ""candidate_name"": ""John James"", ""party"": ""REP"", ""answer"": ""James"", ""pct"": ""43.0""}, {""candidate_id"": ""13231"", ""candidate_name"": ""George E. Huffman"", ""party"": ""UST"", ""answer"": ""Huffman"", ""pct"": ""1.0""}, {""candidate_id"": ""13232"", ""candidate_name"": ""Marcia Squier"", ""party"": ""GRE"", ""answer"": ""Squier"", ""pct"": ""2.0""}, {""candidate_id"": ""13233"", ""candidate_name"": ""John Howard Wilhelm"", ""party"": ""NLP"", ""answer"": ""Wilhelm"", ""pct"": ""1.0""}]",true,selected,,Only eligible LV question for this poll/round,,53.0,43.0,4.0,"[""538-row:3066"", ""538-row:3067"", ""538-row:3068"", ""538-row:3069"", ""538-row:3070""]"
538:2018:119:56518:90931,538_archive,2018,RI,119,56518,90931,56518,2018-RI-ordinary-general,2018-RI-ordinary-general,general,Class I,0,11/6/18,2018-11-06,2018-10-20,2018-10-24,LV,lv,lv,416,Fleming & Associates,false,,Source flags; not independent nonpartisan verification,https://media.wpri.com/nxs-wpritv-media-us-east-1/document_dev/2018/10/30/WPRI%20RWU%20Survey%20Poll%20Oct%202018%20for%20web_1540903923989_60683066_ver1.0.pdf,2,"[{""candidate_id"": ""12537"", ""candidate_name"": ""Sheldon Whitehouse"", ""party"": ""DEM"", ""answer"": ""Whitehouse"", ""pct"": ""55.3""}, {""candidate_id"": ""12538"", ""candidate_name"": ""Bob Flanders"", ""party"": ""REP"", ""answer"": ""Flanders"", ""pct"": ""36.3""}]",true,selected,,Only eligible LV question for this poll/round,,55.3,36.3,0,"[""538-row:3071"", ""538-row:3072""]"
538:2018:114:56479:90847,538_archive,2018,NM,114,56479,90847,56479,2018-NM-ordinary-general,2018-NM-ordinary-general,general,Class I,0,11/6/18,2018-11-06,2018-10-19,2018-10-24,LV,lv,lv,400,Pacific Market Research,false,,Source flags; not independent nonpartisan verification,https://www.krqe.com/news/politics-governement/elections/krqe-news-13-statewide-new-mexico-poll/1552195786,3,"[{""candidate_id"": ""11154"", ""candidate_name"": ""Martin Heinrich"", ""party"": ""DEM"", ""answer"": ""Heinrich"", ""pct"": ""45.0""}, {""candidate_id"": ""11155"", ""candidate_name"": ""Mick Rich"", ""party"": ""REP"", ""answer"": ""Rich"", ""pct"": ""32.0""}, {""candidate_id"": ""12389"", ""candidate_name"": ""Gary Johnson"", ""party"": ""LIB"", ""answer"": ""Johnson"", ""pct"": ""22.0""}]",true,selected,,Only eligible LV question for this poll/round,,45.0,32.0,22.0,"[""538-row:3073"", ""538-row:3074"", ""538-row:3075""]"
538:2018:100:56419:90691,538_archive,2018,FL,100,56419,90691,56419,2018-FL-ordinary-general,2018-FL-ordinary-general,general,Class I,0,11/6/18,2018-11-06,2018-10-22,2018-10-23,LV,lv,lv,773,Gravis Marketing,false,,Source flags; not independent nonpartisan verification,https://www.realclearpolitics.com/docs/Gravis_Florida_October_23_2018.pdf,2,"[{""candidate_id"": ""12413"", ""candidate_name"": ""Bill Nelson"", ""party"": ""DEM"", ""answer"": ""Nelson"", ""pct"": ""49.0""}, {""candidate_id"": ""12414"", ""candidate_name"": ""Rick Scott"", ""party"": ""REP"", ""answer"": ""Scott"", ""pct"": ""45.0""}]",true,selected,,Only eligible LV question for this poll/round,,49.0,45.0,0,"[""538-row:3078"", ""538-row:3079""]"
538:2018:96:56625:91182,538_archive,2018,AZ,96,56625,91182,56625,2018-AZ-ordinary-general,2018-AZ-ordinary-general,general,Class I,0,11/6/18,2018-11-06,2018-10-22,2018-10-23,LV,lv,lv,600,OH Predictive Insights / MBQF,false,,Source flags; not independent nonpartisan verification,https://ohpredictiveinsights.cmail20.com/t/ViewEmail/i/D0C41D836413B9DA2540EF23F30FEDED,3,"[{""candidate_id"": ""12409"", ""candidate_name"": ""Kyrsten Sinema"", ""party"": ""DEM"", ""answer"": ""Sinema"", ""pct"": ""45.0""}, {""candidate_id"": ""12410"", ""candidate_name"": ""Martha McSally"", ""party"": ""REP"", ""answer"": ""McSally"", ""pct"": ""52.0""}, {""candidate_id"": ""13146"", ""candidate_name"": ""Angela Green"", ""party"": ""GRE"", ""answer"": ""Green"", ""pct"": ""1.0""}]",true,selected,,Only eligible LV question for this poll/round,,45.0,52.0,1.0,"[""538-row:3080"", ""538-row:3081"", ""538-row:3082""]"
538:2018:106:56452:90800,538_archive,2018,MI,106,56452,90800,56452,2018-MI-ordinary-general,2018-MI-ordinary-general,general,Class I,0,11/6/18,2018-11-06,2018-10-18,2018-10-23,LV,lv,lv,600,EPIC/MRA,false,,Source flags; not independent nonpartisan verification,https://www.freep.com/story/news/politics/elections/2018/10/25/free-press-poll-whitmer-lead-over-schuette-shrinks-5-points/1748709002/,2,"[{""candidate_id"": ""11408"", ""candidate_name"": ""Debbie Stabenow"", ""party"": ""DEM"", ""answer"": ""Stabenow"", ""pct"": ""49.0""}, {""candidate_id"": ""11409"", ""candidate_name"": ""John James"", ""party"": ""REP"", ""answer"": ""James"", ""pct"": ""42.0""}]",false,selected,,Only eligible LV question for this poll/round,,49.0,42.0,0,"[""538-row:3083"", ""538-row:3084""]"
538:2018:100:56466:90818,538_archive,2018,FL,100,56466,90818,56466,2018-FL-ordinary-general,2018-FL-ordinary-general,general,Class I,0,11/6/18,2018-11-06,2018-10-16,2018-10-23,LV,lv,lv,800,Strategic Research Associates,false,,Source flags; not independent nonpartisan verification,http://media.graytvinc.com/documents/GRAY_FL_October_Survey.pdf,2,"[{""candidate_id"": ""12413"", ""candidate_name"": ""Bill Nelson"", ""party"": ""DEM"", ""answer"": ""Nelson"", ""pct"": ""46.0""}, {""candidate_id"": ""12414"", ""candidate_name"": ""Rick Scott"", ""party"": ""REP"", ""answer"": ""Scott"", ""pct"": ""45.0""}]",true,selected,,Only eligible LV question for this poll/round,,46.0,45.0,0,"[""538-row:3085"", ""538-row:3086""]"
538:2018:100:56429:90710,538_archive,2018,FL,100,56429,90710,56429,2018-FL-ordinary-general,2018-FL-ordinary-general,general,Class I,0,11/6/18,2018-11-06,2018-10-16,2018-10-22,LV,lv,lv,698,Saint Leo U.,false,,Source flags; not independent nonpartisan verification,http://polls.saintleo.edu/wp-content/uploads/2018/10/Saint-Leo-University-Polling-Report-Florida-Political-Polling-Results-October-2018.pdf,2,"[{""candidate_id"": ""12413"", ""candidate_name"": ""Bill Nelson"", ""party"": ""DEM"", ""answer"": ""Nelson"", ""pct"": ""46.6""}, {""candidate_id"": ""12414"", ""candidate_name"": ""Rick Scott"", ""party"": ""REP"", ""answer"": ""Scott"", ""pct"": ""38.4""}]",true,selected,,Only eligible LV question for this poll/round,,46.6,38.4,0,"[""538-row:3089"", ""538-row:3090""]"
538:2018:100:56344:90578,538_archive,2018,FL,100,56344,90578,56344,2018-FL-ordinary-general,2018-FL-ordinary-general,general,Class I,0,11/6/18,2018-11-06,2018-10-20,2018-10-21,LV,lv,lv,1575,St. Pete Polls,false,,Source flags; not independent nonpartisan verification,http://stpetepolls.org/files/StPetePolls_2018_State_GEN_GovSenate_October21_J83D.pdf,2,"[{""candidate_id"": ""12413"", ""candidate_name"": ""Bill Nelson"", ""party"": ""DEM"", ""answer"": ""Nelson"", ""pct"": ""48.3""}, {""candidate_id"": ""12414"", ""candidate_name"": ""Rick Scott"", ""party"": ""REP"", ""answer"": ""Scott"", ""pct"": ""48.6""}]",true,selected,,Only eligible LV question for this poll/round,,48.3,48.6,0,"[""538-row:3093"", ""538-row:3094""]"
538:2018:100:56365:90606,538_archive,2018,FL,100,56365,90606,56365,2018-FL-ordinary-general,2018-FL-ordinary-general,general,Class I,0,11/6/18,2018-11-06,2018-10-18,2018-10-21,LV,lv,lv,665,SurveyUSA,false,,Source flags; not independent nonpartisan verification,http://www.surveyusa.com/client/PollReport.aspx?g=cfbb4f43-54d4-4d79-b06f-5bfd01c72a34,2,"[{""candidate_id"": ""12413"", ""candidate_name"": ""Bill Nelson"", ""party"": ""DEM"", ""answer"": ""Nelson"", ""pct"": ""49.0""}, {""candidate_id"": ""12414"", ""candidate_name"": ""Rick Scott"", ""party"": ""REP"", ""answer"": ""Scott"", ""pct"": ""41.0""}]",true,selected,,Only eligible LV question for this poll/round,,49.0,41.0,0,"[""538-row:3095"", ""538-row:3096""]"
538:2018:100:56390:90651,538_archive,2018,FL,100,56390,90651,56390,2018-FL-ordinary-general,2018-FL-ordinary-general,general,Class I,0,11/6/18,2018-11-06,2018-10-18,2018-10-21,LV,lv,lv,704,Florida Atlantic University,false,,Source flags; not independent nonpartisan verification,https://business.fau.edu/departments/economics/business-economics-polling/bepi-polls/bepi-polls-2018/competitive-us-senate-and-governor-races-in-florida.php,2,"[{""candidate_id"": ""12413"", ""candidate_name"": ""Bill Nelson"", ""party"": ""DEM"", ""answer"": ""Nelson"", ""pct"": ""40.6""}, {""candidate_id"": ""12414"", ""candidate_name"": ""Rick Scott"", ""party"": ""REP"", ""answer"": ""Scott"", ""pct"": ""42.3""}]",true,selected,,Only eligible LV question for this poll/round,,40.6,42.3,0,"[""538-row:3100"", ""538-row:3101""]"
538:2018:100:56353:90589,538_archive,2018,FL,100,56353,90589,56353,2018-FL-ordinary-general,2018-FL-ordinary-general,general,Class I,0,11/6/18,2018-11-06,2018-10-17,2018-10-21,LV,lv,lv,1161,Quinnipiac,false,,Source flags; not independent nonpartisan verification,https://poll.qu.edu/images/polling/fl/fl10222018_fdom21.pdf/,2,"[{""candidate_id"": ""12413"", ""candidate_name"": ""Bill Nelson"", ""party"": ""DEM"", ""answer"": ""Nelson"", ""pct"": ""52.0""}, {""candidate_id"": ""12414"", ""candidate_name"": ""Rick Scott"", ""party"": ""REP"", ""answer"": ""Scott"", ""pct"": ""46.0""}]",true,selected,,Only eligible LV question for this poll/round,,52.0,46.0,0,"[""538-row:3102"", ""538-row:3103""]"
538:2018:121:56481:90848,538_archive,2018,TX,121,56481,90848,56481,2018-TX-ordinary-general,2018-TX-ordinary-general,general,Class I,0,11/6/18,2018-11-06,2018-10-15,2018-10-21,LV,lv,lv,927,YouGov,false,,Source flags; not independent nonpartisan verification,https://www.texastribune.org/2018/10/26/ut-tt-poll-ted-cruz-leads-beto-orourke-texas-senate/,3,"[{""candidate_id"": ""11125"", ""candidate_name"": ""Beto O'Rourke"", ""party"": ""DEM"", ""answer"": ""O'Rourke"", ""pct"": ""45.0""}, {""candidate_id"": ""11126"", ""candidate_name"": ""Ted Cruz"", ""party"": ""REP"", ""answer"": ""Cruz"", ""pct"": ""51.0""}, {""candidate_id"": ""11247"", ""candidate_name"": ""Neal M. Dikeman"", ""party"": ""LIB"", ""answer"": ""Dikeman"", ""pct"": ""2.0""}]",true,selected,,Only eligible LV question for this poll/round,,45.0,51.0,2.0,"[""538-row:3104"", ""538-row:3105"", ""538-row:3106""]"
538:2018:100:56334:90559,538_archive,2018,FL,100,56334,90559,56334,2018-FL-ordinary-general,2018-FL-ordinary-general,general,Class I,0,11/6/18,2018-11-06,2018-10-16,2018-10-20,LV,lv,lv,759,SSRS,false,,Source flags; not independent nonpartisan verification,http://cdn.cnn.com/cnn/2018/images/10/21/rel1_fl.pdf,2,"[{""candidate_id"": ""12413"", ""candidate_name"": ""Bill Nelson"", ""party"": ""DEM"", ""answer"": ""Nelson"", ""pct"": ""50.0""}, {""candidate_id"": ""12414"", ""candidate_name"": ""Rick Scott"", ""party"": ""REP"", ""answer"": ""Scott"", ""pct"": ""45.0""}]",true,selected,,Only eligible LV question for this poll/round,,50.0,45.0,0,"[""538-row:3113"", ""538-row:3114""]"
538:2018:102:56375:90632,538_archive,2018,IN,102,56375,90632,56375,2018-IN-ordinary-general,2018-IN-ordinary-general,general,Class I,0,11/6/18,2018-11-06,2018-10-15,2018-10-20,LV,lv,lv,600,Mason Strategies,false,,Source flags; not independent nonpartisan verification,http://indypolitics.org/braun-has-slight-lead-as-campaign-enters-home-stretch/,3,"[{""candidate_id"": ""11128"", ""candidate_name"": ""Joe Donnelly"", ""party"": ""DEM"", ""answer"": ""Donnelly"", ""pct"": ""43.0""}, {""candidate_id"": ""11129"", ""candidate_name"": ""Mike Braun"", ""party"": ""REP"", ""answer"": ""Braun"", ""pct"": ""47.0""}, {""candidate_id"": ""12458"", ""candidate_name"": ""Lucy M. Brenton"", ""party"": ""LIB"", ""answer"": ""Brenton"", ""pct"": ""3.0""}]",true,selected,,Only eligible LV question for this poll/round,,43.0,47.0,3.0,"[""538-row:3115"", ""538-row:3116"", ""538-row:3117""]"
538:2018:96:56263:90409,538_archive,2018,AZ,96,56263,90409,56263,2018-AZ-ordinary-general,2018-AZ-ordinary-general,general,Class I,0,11/6/18,2018-11-06,2018-10-15,2018-10-19,LV,lv,lv,606,Siena College/NYT Upshot,false,,Source flags; not independent nonpartisan verification,https://www.nytimes.com/interactive/2018/upshot/elections-poll-azsen-3.html,2,"[{""candidate_id"": ""12409"", ""candidate_name"": ""Kyrsten Sinema"", ""party"": ""DEM"", ""answer"": ""Sinema"", ""pct"": ""45.86""}, {""candidate_id"": ""12410"", ""candidate_name"": ""Martha McSally"", ""party"": ""REP"", ""answer"": ""McSally"", ""pct"": ""47.65""}]",false,selected,,Only eligible LV question for this poll/round,,45.86,47.65,0,"[""538-row:3120"", ""538-row:3121""]"
538:2018:116:56356:90592,538_archive,2018,ND,116,56356,90592,56356,2018-ND-ordinary-general,2018-ND-ordinary-general,general,Class I,0,11/6/18,2018-11-06,2018-10-12,2018-10-19,LV,lv,lv,650,Strategic Research Associates,false,,Source flags; not independent nonpartisan verification,http://media.graytvinc.com/documents/GRAY_ND_October_Survey.pdf,2,"[{""candidate_id"": ""11148"", ""candidate_name"": ""Heidi Heitkamp"", ""party"": ""DEM"", ""answer"": ""Heitkamp"", ""pct"": ""40.0""}, {""candidate_id"": ""11149"", ""candidate_name"": ""Kevin Cramer"", ""party"": ""REP"", ""answer"": ""Cramer"", ""pct"": ""56.0""}]",true,selected,,Only eligible LV question for this poll/round,,40.0,56.0,0,"[""538-row:3127"", ""538-row:3128""]"
538:2018:113:56416:90686,538_archive,2018,NJ,113,56416,90686,56416,2018-NJ-ordinary-general,2018-NJ-ordinary-general,general,Class I,0,11/6/18,2018-11-06,2018-10-12,2018-10-19,LV,lv,lv,496,Rutgers-Eagleton,false,,Source flags; not independent nonpartisan verification,http://eagletonpoll.rutgers.edu/Menendez-Hugin-October2018/,2,"[{""candidate_id"": ""11144"", ""candidate_name"": ""Robert Menendez"", ""party"": ""DEM"", ""answer"": ""Menendez"", ""pct"": ""51.0""}, {""candidate_id"": ""11145"", ""candidate_name"": ""Bob Hugin"", ""party"": ""REP"", ""answer"": ""Hugin"", ""pct"": ""46.0""}]",false,selected,,Only eligible LV question for this poll/round,,51.0,46.0,0,"[""538-row:3133"", ""538-row:3134""]"
538:2018:109:56325:90542,538_archive,2018,MO,109,56325,90542,56325,2018-MO-ordinary-general,2018-MO-ordinary-general,general,Class I,0,11/6/18,2018-11-06,2018-10-17,2018-10-18,LV,lv,lv,1215,Remington,false,,Source flags; not independent nonpartisan verification,https://moscout.com/s/MOScout-Weekly-Poll-101918.pdf,5,"[{""candidate_id"": ""11410"", ""candidate_name"": ""Claire McCaskill"", ""party"": ""DEM"", ""answer"": ""McCaskill"", ""pct"": ""46.0""}, {""candidate_id"": ""11411"", ""candidate_name"": ""Josh Hawley"", ""party"": ""REP"", ""answer"": ""Hawley"", ""pct"": ""47.0""}, {""candidate_id"": ""12455"", ""candidate_name"": ""Japheth R. Campbell"", ""party"": ""LIB"", ""answer"": ""Campbell"", ""pct"": ""2.0""}, {""candidate_id"": ""12456"", ""candidate_name"": ""Jo Crain"", ""party"": ""GRE"", ""answer"": ""Crain"", ""pct"": ""1.0""}, {""candidate_id"": ""12519"", ""candidate_name"": ""Craig S. O'Dear"", ""party"": ""IND"", ""answer"": ""O'Dear"", ""pct"": ""1.0""}]",true,selected,,Only eligible LV question for this poll/round,,46.0,47.0,4.0,"[""538-row:3137"", ""538-row:3138"", ""538-row:3139"", ""538-row:3140"", ""538-row:3141""]"
538:2018:106:56362:90713,538_archive,2018,MI,106,56362,90713,56362,2018-MI-ordinary-general,2018-MI-ordinary-general,general,Class I,0,11/6/18,2018-11-06,2018-10-14,2018-10-18,LV,lv,lv,600,MRG,false,,Source flags; not independent nonpartisan verification,https://www.mrgmi.com/2018/10/democrat-candidates-maintain-lead-in-u-s-senate-secretary-of-state-and-attorney-general-races/,2,"[{""candidate_id"": ""11408"", ""candidate_name"": ""Debbie Stabenow"", ""party"": ""DEM"", ""answer"": ""Stabenow"", ""pct"": ""53.0""}, {""candidate_id"": ""11409"", ""candidate_name"": ""John James"", ""party"": ""REP"", ""answer"": ""James"", ""pct"": ""37.0""}]",false,selected,,Only eligible LV question for this poll/round,,53.0,37.0,0,"[""538-row:3151"", ""538-row:3152""]"
538:2018:6209:56373:90620,538_archive,2018,MS,6209,56373,90620,56373,2018-MS-special-runoff,2018-MS-special-runoff,runoff,Class II,2,11/27/18,2018-11-27,2018-10-13,2018-10-18,LV,lv,lv,511,Marist,false,,Source flags; not independent nonpartisan verification,https://www.nbcnews.com/politics/first-read/poll-runoff-very-possible-mississippi-senate-race-n923011,2,"[{""candidate_id"": ""13168"", ""candidate_name"": ""Mike Espy"", ""party"": ""DEM"", ""answer"": ""Espy"", ""pct"": ""36.0""}, {""candidate_id"": ""13169"", ""candidate_name"": ""Cindy Hyde-Smith"", ""party"": ""REP"", ""answer"": ""Hyde-Smith"", ""pct"": ""50.0""}]",true,selected,,Only eligible LV question for this poll/round,,36.0,50.0,0,"[""538-row:3161"", ""538-row:3162""]"
538:2018:108:56373:90626,538_archive,2018,MS,108,56373,90626,56373,2018-MS-ordinary-general,2018-MS-ordinary-general,general,Class I,0,11/6/18,2018-11-06,2018-10-13,2018-10-18,LV,lv,lv,511,Marist,false,,Source flags; not independent nonpartisan verification,https://www.nbcnews.com/politics/first-read/poll-runoff-very-possible-mississippi-senate-race-n923011,4,"[{""candidate_id"": ""11416"", ""candidate_name"": ""David Baria"", ""party"": ""DEM"", ""answer"": ""Baria"", ""pct"": ""31.0""}, {""candidate_id"": ""11417"", ""candidate_name"": ""Roger F. Wicker"", ""party"": ""REP"", ""answer"": ""Wicker"", ""pct"": ""57.0""}, {""candidate_id"": ""11419"", ""candidate_name"": ""Danny Bedwell"", ""party"": ""LIB"", ""answer"": ""Bedwell"", ""pct"": ""2.0""}, {""candidate_id"": ""11418"", ""candidate_name"": ""Shawn R. O'Hara"", ""party"": ""REF"", ""answer"": ""O'Hara"", ""pct"": ""1.0""}]",true,selected,,Unique full-ballot LV question (Decision 013),,31.0,57.0,3.0,"[""538-row:3173"", ""538-row:3174"", ""538-row:3175"", ""538-row:3176""]"
538:2018:121:56413:90683,538_archive,2018,TX,121,56413,90683,56413,2018-TX-ordinary-general,2018-TX-ordinary-general,general,Class I,0,11/6/18,2018-11-06,2018-10-12,2018-10-18,LV,lv,lv,1298,Ipsos,false,,Source flags; not independent nonpartisan verification,https://www.reuters.com/article/us-usa-election-statepolls/republicans-gain-ground-in-texas-nevada-u-s-senate-races-poll-idUSKCN1MY18D,2,"[{""candidate_id"": ""11125"", ""candidate_name"": ""Beto O'Rourke"", ""party"": ""DEM"", ""answer"": ""O'Rourke"", ""pct"": ""44.4""}, {""candidate_id"": ""11126"", ""candidate_name"": ""Ted Cruz"", ""party"": ""REP"", ""answer"": ""Cruz"", ""pct"": ""48.9""}]",false,selected,,Only eligible LV question for this poll/round,,44.4,48.9,0,"[""538-row:3181"", ""538-row:3182""]"
538:2018:127:56415:90685,538_archive,2018,WI,127,56415,90685,56415,2018-WI-ordinary-general,2018-WI-ordinary-general,general,Class I,0,11/6/18,2018-11-06,2018-10-12,2018-10-18,LV,lv,lv,1193,Ipsos,false,,Source flags; not independent nonpartisan verification,https://www.reuters.com/article/us-usa-election-statepolls/republicans-gain-ground-in-texas-nevada-u-s-senate-races-poll-idUSKCN1MY18D,2,"[{""candidate_id"": ""12400"", ""candidate_name"": ""Tammy Baldwin"", ""party"": ""DEM"", ""answer"": ""Baldwin"", ""pct"": ""53.7""}, {""candidate_id"": ""12401"", ""candidate_name"": ""Leah Vukmir"", ""party"": ""REP"", ""answer"": ""Vukmir"", ""pct"": ""38.5""}]",true,selected,,Only eligible LV question for this poll/round,,53.7,38.5,0,"[""538-row:3185"", ""538-row:3186""]"
538:2018:110:56483:90850,538_archive,2018,MT,110,56483,90850,56483,2018-MT-ordinary-general,2018-MT-ordinary-general,general,Class I,0,11/6/18,2018-11-06,2018-10-10,2018-10-18,LV,lv,lv,533,University of Montana,false,,Source flags; not independent nonpartisan verification,http://www.umt.edu/bigskypoll/Methodology/UMBigSkyPoll-BackgroundMemoPoll2-Fall2018.pdf,3,"[{""candidate_id"": ""11140"", ""candidate_name"": ""Jon Tester"", ""party"": ""DEM"", ""answer"": ""Tester"", ""pct"": ""48.9""}, {""candidate_id"": ""11141"", ""candidate_name"": ""Matt Rosendale"", ""party"": ""REP"", ""answer"": ""Rosendale"", ""pct"": ""38.8""}, {""candidate_id"": ""13183"", ""candidate_name"": ""Rick Breckenridge"", ""party"": ""LIB"", ""answer"": ""Breckenridge"", ""pct"": ""1.9""}]",true,selected,,Only eligible LV question for this poll/round,,48.9,38.8,1.9,"[""538-row:3189"", ""538-row:3190"", ""538-row:3191""]"
538:2018:107:56330:90566,538_archive,2018,MN,107,56330,90566,56330,2018-MN-ordinary-general,2018-MN-ordinary-general,general,Class I,0,11/6/18,2018-11-06,2018-10-15,2018-10-17,LV,lv,lv,800,Mason-Dixon,false,,Source flags; not independent nonpartisan verification,http://www.startribune.com/the-poll-numbers-minnesota-senate-race/498049881/,4,"[{""candidate_id"": ""12373"", ""candidate_name"": ""Amy Klobuchar"", ""party"": ""DEM"", ""answer"": ""Klobuchar"", ""pct"": ""56.0""}, {""candidate_id"": ""12374"", ""candidate_name"": ""Jim Newberger"", ""party"": ""REP"", ""answer"": ""Newberger"", ""pct"": ""33.0""}, {""candidate_id"": ""12425"", ""candidate_name"": ""Dennis Schuller"", ""party"": ""IND"", ""answer"": ""Schuller"", ""pct"": ""2.0""}, {""candidate_id"": ""12424"", ""candidate_name"": ""Paula M. Overby"", ""party"": ""GRE"", ""answer"": ""Overby"", ""pct"": ""2.0""}]",true,selected,,Only eligible LV question for this poll/round,,56.0,33.0,4.0,"[""538-row:3198"", ""538-row:3199"", ""538-row:3200"", ""538-row:3201""]"
538:2018:129:56330:90567,538_archive,2018,MN,129,56330,90567,56330,2018-MN-special-general,2018-MN-special-general,general,Class II,2,11/6/18,2018-11-06,2018-10-15,2018-10-17,LV,lv,lv,800,Mason-Dixon,false,,Source flags; not independent nonpartisan verification,http://www.startribune.com/the-poll-numbers-minnesota-senate-race/498049881/,4,"[{""candidate_id"": ""12376"", ""candidate_name"": ""Tina Smith"", ""party"": ""DEM"", ""answer"": ""Smith"", ""pct"": ""47.0""}, {""candidate_id"": ""12375"", ""candidate_name"": ""Karin Housley"", ""party"": ""REP"", ""answer"": ""Housley"", ""pct"": ""41.0""}, {""candidate_id"": ""12427"", ""candidate_name"": ""Jerry Trooien"", ""party"": ""IND"", ""answer"": ""Trooien"", ""pct"": ""1.0""}, {""candidate_id"": ""12426"", ""candidate_name"": ""Sarah Wellington"", ""party"": ""IND"", ""answer"": ""Wellington"", ""pct"": ""1.0""}]",true,selected,,Only eligible LV question for this poll/round,,47.0,41.0,2.0,"[""538-row:3202"", ""538-row:3203"", ""538-row:3204"", ""538-row:3205""]"
538:2018:100:56267:90420,538_archive,2018,FL,100,56267,90420,56267,2018-FL-ordinary-general,2018-FL-ordinary-general,general,Class I,0,11/6/18,2018-11-06,2018-10-15,2018-10-16,LV,lv,lv,1974,St. Pete Polls,false,,Source flags; not independent nonpartisan verification,http://stpetepolls.org/files/StPetePolls_2018_State_GEN_GovSenate_October16_H72F.pdf,2,"[{""candidate_id"": ""12413"", ""candidate_name"": ""Bill Nelson"", ""party"": ""DEM"", ""answer"": ""Nelson"", ""pct"": ""47.2""}, {""candidate_id"": ""12414"", ""candidate_name"": ""Rick Scott"", ""party"": ""REP"", ""answer"": ""Scott"", ""pct"": ""48.6""}]",true,selected,,Only eligible LV question for this poll/round,,47.2,48.6,0,"[""538-row:3211"", ""538-row:3212""]"
538:2018:102:56280:90438,538_archive,2018,IN,102,56280,90438,56280,2018-IN-ordinary-general,2018-IN-ordinary-general,general,Class I,0,11/6/18,2018-11-06,2018-10-12,2018-10-16,LV,lv,lv,377,Gravis Marketing,false,,Source flags; not independent nonpartisan verification,https://www.realclearpolitics.com/docs/Gravis_Indiana_October_16_2018.pdf,3,"[{""candidate_id"": ""11128"", ""candidate_name"": ""Joe Donnelly"", ""party"": ""DEM"", ""answer"": ""Donnelly"", ""pct"": ""44.0""}, {""candidate_id"": ""11129"", ""candidate_name"": ""Mike Braun"", ""party"": ""REP"", ""answer"": ""Braun"", ""pct"": ""40.0""}, {""candidate_id"": ""12458"", ""candidate_name"": ""Lucy M. Brenton"", ""party"": ""LIB"", ""answer"": ""Brenton"", ""pct"": ""7.0""}]",true,selected,,Only eligible LV question for this poll/round,,44.0,40.0,7.0,"[""538-row:3215"", ""538-row:3216"", ""538-row:3217""]"
538:2018:102:56359:90595,538_archive,2018,IN,102,56359,90595,56359,2018-IN-ordinary-general,2018-IN-ordinary-general,general,Class I,0,11/6/18,2018-11-06,2018-10-12,2018-10-16,LV,lv,lv,816,SurveyUSA,false,,Source flags; not independent nonpartisan verification,http://www.surveyusa.com/client/PollReport.aspx?g=456be67c-296d-4769-8161-3b2ebe487018,3,"[{""candidate_id"": ""11128"", ""candidate_name"": ""Joe Donnelly"", ""party"": ""DEM"", ""answer"": ""Donnelly"", ""pct"": ""41.0""}, {""candidate_id"": ""11129"", ""candidate_name"": ""Mike Braun"", ""party"": ""REP"", ""answer"": ""Braun"", ""pct"": ""40.0""}, {""candidate_id"": ""12458"", ""candidate_name"": ""Lucy M. Brenton"", ""party"": ""LIB"", ""answer"": ""Brenton"", ""pct"": ""8.0""}]",true,selected,,Only eligible LV question for this poll/round,,41.0,40.0,8.0,"[""538-row:3218"", ""538-row:3219"", ""538-row:3220""]"
538:2018:113:56278:90435,538_archive,2018,NJ,113,56278,90435,56278,2018-NJ-ordinary-general,2018-NJ-ordinary-general,general,Class I,0,11/6/18,2018-11-06,2018-10-10,2018-10-16,LV,lv,lv,873,Quinnipiac,false,,Source flags; not independent nonpartisan verification,https://poll.qu.edu/images/polling/nj/nj10172018_nrpv59.pdf/,2,"[{""candidate_id"": ""11144"", ""candidate_name"": ""Robert Menendez"", ""party"": ""DEM"", ""answer"": ""Menendez"", ""pct"": ""51.0""}, {""candidate_id"": ""11145"", ""candidate_name"": ""Bob Hugin"", ""party"": ""REP"", ""answer"": ""Hugin"", ""pct"": ""44.0""}]",false,selected,,Only eligible LV question for this poll/round,,51.0,44.0,0,"[""538-row:3221"", ""538-row:3222""]"
538:2018:115:56301:90482,538_archive,2018,NY,115,56301,90482,56301,2018-NY-ordinary-general,2018-NY-ordinary-general,general,Class I,0,11/6/18,2018-11-06,2018-10-10,2018-10-16,LV,lv,lv,852,Quinnipiac,false,,Source flags; not independent nonpartisan verification,https://poll.qu.edu/images/polling/ny/ny10182018_nabf28.pdf/,2,"[{""candidate_id"": ""11202"", ""candidate_name"": ""Kirsten E. Gillibrand"", ""party"": ""DEM"", ""answer"": ""Gillibrand"", ""pct"": ""58.0""}, {""candidate_id"": ""11203"", ""candidate_name"": ""Chele Farley"", ""party"": ""REP"", ""answer"": ""Farley"", ""pct"": ""33.0""}]",true,selected,,Only eligible LV question for this poll/round,,58.0,33.0,0,"[""538-row:3223"", ""538-row:3224""]"
538:2018:102:56297:90471,538_archive,2018,IN,102,56297,90471,56297,2018-IN-ordinary-general,2018-IN-ordinary-general,general,Class I,0,11/6/18,2018-11-06,2018-10-13,2018-10-15,LV,lv,lv,783,Vox Populi Polling,false,,Source flags; not independent nonpartisan verification,https://voxpoppolling.com/wp-content/uploads/2018/10/IN-Statewide-Survey-Topline-Results-October-2018.pdf,2,"[{""candidate_id"": ""11128"", ""candidate_name"": ""Joe Donnelly"", ""party"": ""DEM"", ""answer"": ""Donnelly"", ""pct"": ""55.0""}, {""candidate_id"": ""11129"", ""candidate_name"": ""Mike Braun"", ""party"": ""REP"", ""answer"": ""Braun"", ""pct"": ""45.0""}]",false,selected,,Only eligible LV question for this poll/round,,55.0,45.0,0,"[""538-row:3230"", ""538-row:3231""]"
538:2018:107:56196:90243,538_archive,2018,MN,107,56196,90243,56196,2018-MN-ordinary-general,2018-MN-ordinary-general,general,Class I,0,11/6/18,2018-11-06,2018-10-12,2018-10-13,LV,lv,lv,1413,Change Research,false,,Source flags; not independent nonpartisan verification,https://docs.google.com/spreadsheets/d/1nHaf6GeLgwHTUaJyvQMQcbP7ATsYv0vWAZgqFTKwYCo/edit#gid=0,4,"[{""candidate_id"": ""12373"", ""candidate_name"": ""Amy Klobuchar"", ""party"": ""DEM"", ""answer"": ""Klobuchar"", ""pct"": ""50.0""}, {""candidate_id"": ""12374"", ""candidate_name"": ""Jim Newberger"", ""party"": ""REP"", ""answer"": ""Newberger"", ""pct"": ""41.0""}, {""candidate_id"": ""12425"", ""candidate_name"": ""Dennis Schuller"", ""party"": ""IND"", ""answer"": ""Schuller"", ""pct"": ""5.0""}, {""candidate_id"": ""12424"", ""candidate_name"": ""Paula M. Overby"", ""party"": ""GRE"", ""answer"": ""Overby"", ""pct"": ""2.0""}]",true,selected,,Only eligible LV question for this poll/round,,50.0,41.0,7.0,"[""538-row:3262"", ""538-row:3263"", ""538-row:3264"", ""538-row:3265""]"
538:2018:129:56196:90244,538_archive,2018,MN,129,56196,90244,56196,2018-MN-special-general,2018-MN-special-general,general,Class II,2,11/6/18,2018-11-06,2018-10-12,2018-10-13,LV,lv,lv,1413,Change Research,false,,Source flags; not independent nonpartisan verification,https://docs.google.com/spreadsheets/d/1nHaf6GeLgwHTUaJyvQMQcbP7ATsYv0vWAZgqFTKwYCo/edit#gid=0,4,"[{""candidate_id"": ""12376"", ""candidate_name"": ""Tina Smith"", ""party"": ""DEM"", ""answer"": ""Smith"", ""pct"": ""46.0""}, {""candidate_id"": ""12375"", ""candidate_name"": ""Karin Housley"", ""party"": ""REP"", ""answer"": ""Housley"", ""pct"": ""43.0""}, {""candidate_id"": ""12426"", ""candidate_name"": ""Sarah Wellington"", ""party"": ""IND"", ""answer"": ""Wellington"", ""pct"": ""5.0""}, {""candidate_id"": ""12427"", ""candidate_name"": ""Jerry Trooien"", ""party"": ""IND"", ""answer"": ""Trooien"", ""pct"": ""2.0""}]",true,selected,,Only eligible LV question for this poll/round,,46.0,43.0,7.0,"[""538-row:3266"", ""538-row:3267"", ""538-row:3268"", ""538-row:3269""]"
538:2018:121:56237:90327,538_archive,2018,TX,121,56237,90327,56237,2018-TX-ordinary-general,2018-TX-ordinary-general,general,Class I,0,11/6/18,2018-11-06,2018-10-09,2018-10-13,LV,lv,lv,716,SSRS,false,,Source flags; not independent nonpartisan verification,http://cdn.cnn.com/cnn/2018/images/10/16/rel1_tx.pdf,2,"[{""candidate_id"": ""11125"", ""candidate_name"": ""Beto O'Rourke"", ""party"": ""DEM"", ""answer"": ""O'Rourke"", ""pct"": ""45.0""}, {""candidate_id"": ""11126"", ""candidate_name"": ""Ted Cruz"", ""party"": ""REP"", ""answer"": ""Cruz"", ""pct"": ""52.0""}]",false,selected,,Only eligible LV question for this poll/round,,45.0,52.0,0,"[""538-row:3274"", ""538-row:3275""]"
538:2018:110:56394:90655,538_archive,2018,MT,110,56394,90655,56394,2018-MT-ordinary-general,2018-MT-ordinary-general,general,Class I,0,11/6/18,2018-11-06,2018-10-08,2018-10-13,LV,lv,lv,471,MSU - Billings,false,,Source flags; not independent nonpartisan verification,http://www.msubillings.edu/urelations/releases/newsphotos2018/oct/2018%20Montana%20Poll%20report.pdf,3,"[{""candidate_id"": ""11140"", ""candidate_name"": ""Jon Tester"", ""party"": ""DEM"", ""answer"": ""Tester"", ""pct"": ""47.0""}, {""candidate_id"": ""11141"", ""candidate_name"": ""Matt Rosendale"", ""party"": ""REP"", ""answer"": ""Rosendale"", ""pct"": ""38.0""}, {""candidate_id"": ""13183"", ""candidate_name"": ""Rick Breckenridge"", ""party"": ""LIB"", ""answer"": ""Breckenridge"", ""pct"": ""3.0""}]",true,selected,,Only eligible LV question for this poll/round,,47.0,38.0,3.0,"[""538-row:3283"", ""538-row:3284"", ""538-row:3285""]"
538:2018:120:56704:91339,538_archive,2018,TN,120,56704,91339,56704,2018-TN-ordinary-general,2018-TN-ordinary-general,general,Class I,0,11/6/18,2018-11-06,2018-10-09,2018-10-12,LV,lv,lv,558,Targoz Market Research,false,,Source flags; not independent nonpartisan verification,https://www.targoz.com/market-matters-blog/2018/10/15/the-race-to-elect-tennessees-next-senator-may-be-closer-than-many-expect,2,"[{""candidate_id"": ""11382"", ""candidate_name"": ""Phil Bredesen"", ""party"": ""DEM"", ""answer"": ""Bredesen"", ""pct"": ""48.0""}, {""candidate_id"": ""11383"", ""candidate_name"": ""Marsha Blackburn"", ""party"": ""REP"", ""answer"": ""Blackburn"", ""pct"": ""52.0""}]",false,selected,,Only eligible LV question for this poll/round,,48.0,52.0,0,"[""538-row:3288"", ""538-row:3289""]"
538:2018:121:56090:89955,538_archive,2018,TX,121,56090,89955,56090,2018-TX-ordinary-general,2018-TX-ordinary-general,general,Class I,0,11/6/18,2018-11-06,2018-10-08,2018-10-11,LV,lv,lv,800,Siena College/NYT Upshot,false,,Source flags; not independent nonpartisan verification,https://www.nytimes.com/interactive/2018/upshot/elections-poll-txsen-2.html,2,"[{""candidate_id"": ""11125"", ""candidate_name"": ""Beto O'Rourke"", ""party"": ""DEM"", ""answer"": ""O'Rourke"", ""pct"": ""43.19""}, {""candidate_id"": ""11126"", ""candidate_name"": ""Ted Cruz"", ""party"": ""REP"", ""answer"": ""Cruz"", ""pct"": ""51.25""}]",false,selected,,Only eligible LV question for this poll/round,,43.19,51.25,0,"[""538-row:3294"", ""538-row:3295""]"
538:2018:120:56118:90074,538_archive,2018,TN,120,56118,90074,56118,2018-TN-ordinary-general,2018-TN-ordinary-general,general,Class I,0,11/6/18,2018-11-06,2018-10-08,2018-10-11,LV,lv,lv,593,Siena College/NYT Upshot,false,,Source flags; not independent nonpartisan verification,https://www.nytimes.com/interactive/2018/upshot/elections-poll-tnsen-2.html,2,"[{""candidate_id"": ""11382"", ""candidate_name"": ""Phil Bredesen"", ""party"": ""DEM"", ""answer"": ""Bredesen"", ""pct"": ""40.03""}, {""candidate_id"": ""11383"", ""candidate_name"": ""Marsha Blackburn"", ""party"": ""REP"", ""answer"": ""Blackburn"", ""pct"": ""54.46""}]",false,selected,,Only eligible LV question for this poll/round,,40.03,54.46,0,"[""538-row:3298"", ""538-row:3299""]"
538:2018:120:56270:90419,538_archive,2018,TN,120,56270,90419,56270,2018-TN-ordinary-general,2018-TN-ordinary-general,general,Class I,0,11/6/18,2018-11-06,2018-10-04,2018-10-11,LV,lv,lv,1108,Ipsos,false,,Source flags; not independent nonpartisan verification,https://www.ipsos.com/en-us/news-polls/tennessee-2018-midterm-race-for-senate,2,"[{""candidate_id"": ""11382"", ""candidate_name"": ""Phil Bredesen"", ""party"": ""DEM"", ""answer"": ""Bredesen"", ""pct"": ""44.0""}, {""candidate_id"": ""11383"", ""candidate_name"": ""Marsha Blackburn"", ""party"": ""REP"", ""answer"": ""Blackburn"", ""pct"": ""47.0""}]",false,selected,,Only eligible LV question for this poll/round,,44.0,47.0,0,"[""538-row:3302"", ""538-row:3303""]"
538:2018:121:56154:90142,538_archive,2018,TX,121,56154,90142,56154,2018-TX-ordinary-general,2018-TX-ordinary-general,general,Class I,0,11/6/18,2018-11-06,2018-10-03,2018-10-09,LV,lv,lv,730,Quinnipiac,false,,Source flags; not independent nonpartisan verification,https://poll.qu.edu/poll-release-legacy?releaseid=2578,2,"[{""candidate_id"": ""11125"", ""candidate_name"": ""Beto O'Rourke"", ""party"": ""DEM"", ""answer"": ""O'Rourke"", ""pct"": ""45.0""}, {""candidate_id"": ""11126"", ""candidate_name"": ""Ted Cruz"", ""party"": ""REP"", ""answer"": ""Cruz"", ""pct"": ""54.0""}]",false,selected,,Only eligible LV question for this poll/round,,45.0,54.0,0,"[""538-row:3326"", ""538-row:3327""]"
538:2018:98:56129:90095,538_archive,2018,CT,98,56129,90095,56129,2018-CT-ordinary-general,2018-CT-ordinary-general,general,Class I,0,11/6/18,2018-11-06,2018-10-03,2018-10-08,LV,lv,lv,767,Quinnipiac,false,,Source flags; not independent nonpartisan verification,https://poll.qu.edu/poll-release-legacy?releaseid=2577,2,"[{""candidate_id"": ""12436"", ""candidate_name"": ""Christopher Murphy"", ""party"": ""DEM"", ""answer"": ""Murphy"", ""pct"": ""57.0""}, {""candidate_id"": ""12437"", ""candidate_name"": ""Matthew Corey"", ""party"": ""REP"", ""answer"": ""Corey"", ""pct"": ""42.0""}]",false,selected,,Only eligible LV question for this poll/round,,57.0,42.0,0,"[""538-row:3333"", ""538-row:3334""]"
538:2018:127:56142:90114,538_archive,2018,WI,127,56142,90114,56142,2018-WI-ordinary-general,2018-WI-ordinary-general,general,Class I,0,11/6/18,2018-11-06,2018-10-03,2018-10-07,LV,lv,lv,799,Marquette Law School,false,,Source flags; not independent nonpartisan verification,https://law.marquette.edu/poll/2018/10/10/mlsp49release/,2,"[{""candidate_id"": ""12400"", ""candidate_name"": ""Tammy Baldwin"", ""party"": ""DEM"", ""answer"": ""Baldwin"", ""pct"": ""53.0""}, {""candidate_id"": ""12401"", ""candidate_name"": ""Leah Vukmir"", ""party"": ""REP"", ""answer"": ""Vukmir"", ""pct"": ""43.0""}]",true,selected,,Only eligible LV question for this poll/round,,53.0,43.0,0,"[""538-row:3337"", ""538-row:3338""]"
538:2018:105:56133:90098,538_archive,2018,MA,105,56133,90098,56133,2018-MA-ordinary-general,2018-MA-ordinary-general,general,Class I,0,11/6/18,2018-11-06,2018-10-01,2018-10-07,LV,lv,lv,485,U. Massachusetts - Lowell,false,,Source flags; not independent nonpartisan verification,https://www.uml.edu/docs/TOPLINE%20-%20UMass%20Lowell-Boston%20Globe%20MA%20Statewide%20October%202018_tcm18-300195.pdf,3,"[{""candidate_id"": ""12480"", ""candidate_name"": ""Elizabeth Warren"", ""party"": ""DEM"", ""answer"": ""Warren"", ""pct"": ""56.0""}, {""candidate_id"": ""12481"", ""candidate_name"": ""Geoff Diehl"", ""party"": ""REP"", ""answer"": ""Diehl"", ""pct"": ""31.0""}, {""candidate_id"": ""13149"", ""candidate_name"": ""Shiva Ayyadurai"", ""party"": ""IND"", ""answer"": ""Ayyadurai"", ""pct"": ""8.0""}]",true,selected,,Only eligible LV question for this poll/round,,56.0,31.0,8.0,"[""538-row:3344"", ""538-row:3345"", ""538-row:3346""]"
538:2018:103:56319:90518,538_archive,2018,ME,103,56319,90518,56319,2018-ME-ordinary-general,2018-ME-ordinary-general,general,Class I,0,11/6/18,2018-11-06,2018-10-01,2018-10-07,LV,lv,lv,500,Pan Atlantic/SMS,false,,Source flags; not independent nonpartisan verification,https://www.realclearpolitics.com/docs/Pan_Atlantic_Research_Maine.pdf,3,"[{""candidate_id"": ""11393"", ""candidate_name"": ""Zak Ringelstein"", ""party"": ""DEM"", ""answer"": ""Ringelstein"", ""pct"": ""8.2""}, {""candidate_id"": ""11394"", ""candidate_name"": ""Eric L. Brakey"", ""party"": ""REP"", ""answer"": ""Brakey"", ""pct"": ""29.6""}, {""candidate_id"": ""11395"", ""candidate_name"": ""Angus S. King Jr."", ""party"": ""IND"", ""answer"": ""King"", ""pct"": ""57.2""}]",true,selected,,Only eligible LV question for this poll/round,,57.2,29.6,8.2,"[""538-row:3347"", ""538-row:3348"", ""538-row:3349""]"
538:2018:109:56137:90101,538_archive,2018,MO,109,56137,90101,56137,2018-MO-ordinary-general,2018-MO-ordinary-general,general,Class I,0,11/6/18,2018-11-06,2018-09-27,2018-10-07,LV,lv,lv,1111,Ipsos,false,,Source flags; not independent nonpartisan verification,https://www.ipsos.com/en-us/news-polls/midterm-election-data-Missouri-Senate,5,"[{""candidate_id"": ""11410"", ""candidate_name"": ""Claire McCaskill"", ""party"": ""DEM"", ""answer"": ""McCaskill"", ""pct"": ""44.0""}, {""candidate_id"": ""11411"", ""candidate_name"": ""Josh Hawley"", ""party"": ""REP"", ""answer"": ""Hawley"", ""pct"": ""45.2""}, {""candidate_id"": ""12455"", ""candidate_name"": ""Japheth R. Campbell"", ""party"": ""LIB"", ""answer"": ""Campbell"", ""pct"": ""1.0""}, {""candidate_id"": ""12456"", ""candidate_name"": ""Jo Crain"", ""party"": ""GRE"", ""answer"": ""Crain"", ""pct"": ""0.0""}, {""candidate_id"": ""12519"", ""candidate_name"": ""Craig S. O'Dear"", ""party"": ""IND"", ""answer"": ""O'Dear"", ""pct"": ""2.0""}]",true,selected,,Only eligible LV question for this poll/round,,44.0,45.2,3.0,"[""538-row:3352"", ""538-row:3353"", ""538-row:3354"", ""538-row:3355"", ""538-row:3356""]"
538:2018:109:56155:90143,538_archive,2018,MO,109,56155,90143,56155,2018-MO-ordinary-general,2018-MO-ordinary-general,general,Class I,0,11/6/18,2018-11-06,2018-10-05,2018-10-06,LV,lv,lv,1052,1st Tuesday Campaigns,false,,Source flags; not independent nonpartisan verification,http://1sttuesdaycampaigns.com/download/ft-mo-poll-results-for-dist..pdf,5,"[{""candidate_id"": ""11410"", ""candidate_name"": ""Claire McCaskill"", ""party"": ""DEM"", ""answer"": ""McCaskill"", ""pct"": ""42.0""}, {""candidate_id"": ""11411"", ""candidate_name"": ""Josh Hawley"", ""party"": ""REP"", ""answer"": ""Hawley"", ""pct"": ""44.0""}, {""candidate_id"": ""12519"", ""candidate_name"": ""Craig S. O'Dear"", ""party"": ""IND"", ""answer"": ""O'Dear"", ""pct"": ""1.0""}, {""candidate_id"": ""12456"", ""candidate_name"": ""Jo Crain"", ""party"": ""GRE"", ""answer"": ""Crain"", ""pct"": ""1.0""}, {""candidate_id"": ""12455"", ""candidate_name"": ""Japheth R. Campbell"", ""party"": ""LIB"", ""answer"": ""Campbell"", ""pct"": ""1.0""}]",true,selected,,Only eligible LV question for this poll/round,,42.0,44.0,3.0,"[""538-row:3362"", ""538-row:3363"", ""538-row:3364"", ""538-row:3365"", ""538-row:3366""]"
538:2018:119:56114:90068,538_archive,2018,RI,119,56114,90068,56114,2018-RI-ordinary-general,2018-RI-ordinary-general,general,Class I,0,11/6/18,2018-11-06,2018-09-27,2018-10-06,LV,lv,lv,503,U. New Hampshire,false,,Source flags; not independent nonpartisan verification,https://assets.documentcloud.org/documents/4999232/Projo-RIPR-ABC6-RI-Election-Poll-First-of-Three.pdf,2,"[{""candidate_id"": ""12537"", ""candidate_name"": ""Sheldon Whitehouse"", ""party"": ""DEM"", ""answer"": ""Whitehouse"", ""pct"": ""57.0""}, {""candidate_id"": ""12538"", ""candidate_name"": ""Bob Flanders"", ""party"": ""REP"", ""answer"": ""Flanders"", ""pct"": ""33.0""}]",true,selected,,Only eligible LV question for this poll/round,,57.0,33.0,0,"[""538-row:3374"", ""538-row:3375""]"
538:2018:96:56074:89933,538_archive,2018,AZ,96,56074,89933,56074,2018-AZ-ordinary-general,2018-AZ-ordinary-general,general,Class I,0,11/6/18,2018-11-06,2018-10-02,2018-10-05,LV,lv,lv,898,YouGov,false,,Source flags; not independent nonpartisan verification,https://d25d2506sfb94s.cloudfront.net/cumulus_uploads/document/d9wp5yc52h/cbs_20181007_AZ_final.pdf,2,"[{""candidate_id"": ""12409"", ""candidate_name"": ""Kyrsten Sinema"", ""party"": ""DEM"", ""answer"": ""Sinema"", ""pct"": ""47.0""}, {""candidate_id"": ""12410"", ""candidate_name"": ""Martha McSally"", ""party"": ""REP"", ""answer"": ""McSally"", ""pct"": ""44.0""}]",false,selected,,Only eligible LV question for this poll/round,,47.0,44.0,0,"[""538-row:3379"", ""538-row:3380""]"
538:2018:113:56075:89934,538_archive,2018,NJ,113,56075,89934,56075,2018-NJ-ordinary-general,2018-NJ-ordinary-general,general,Class I,0,11/6/18,2018-11-06,2018-10-02,2018-10-05,LV,lv,lv,845,YouGov,false,,Source flags; not independent nonpartisan verification,https://d25d2506sfb94s.cloudfront.net/cumulus_uploads/document/0gqikwg9lw/cbs_20181007_NJ_final.pdf,2,"[{""candidate_id"": ""11144"", ""candidate_name"": ""Robert Menendez"", ""party"": ""DEM"", ""answer"": ""Menendez"", ""pct"": ""49.0""}, {""candidate_id"": ""11145"", ""candidate_name"": ""Bob Hugin"", ""party"": ""REP"", ""answer"": ""Hugin"", ""pct"": ""39.0""}]",false,selected,,Only eligible LV question for this poll/round,,49.0,39.0,0,"[""538-row:3381"", ""538-row:3382""]"
538:2018:120:56076:89935,538_archive,2018,TN,120,56076,89935,56076,2018-TN-ordinary-general,2018-TN-ordinary-general,general,Class I,0,11/6/18,2018-11-06,2018-10-02,2018-10-05,LV,lv,lv,871,YouGov,false,,Source flags; not independent nonpartisan verification,https://d25d2506sfb94s.cloudfront.net/cumulus_uploads/document/stwad1b5f2/cbs_20181007_TN_final.pdf,2,"[{""candidate_id"": ""11382"", ""candidate_name"": ""Phil Bredesen"", ""party"": ""DEM"", ""answer"": ""Bredesen"", ""pct"": ""42.0""}, {""candidate_id"": ""11383"", ""candidate_name"": ""Marsha Blackburn"", ""party"": ""REP"", ""answer"": ""Blackburn"", ""pct"": ""50.0""}]",false,selected,,Only eligible LV question for this poll/round,,42.0,50.0,0,"[""538-row:3383"", ""538-row:3384""]"
538:2018:121:56077:89936,538_archive,2018,TX,121,56077,89936,56077,2018-TX-ordinary-general,2018-TX-ordinary-general,general,Class I,0,11/6/18,2018-11-06,2018-10-02,2018-10-05,LV,lv,lv,881,YouGov,false,,Source flags; not independent nonpartisan verification,https://d25d2506sfb94s.cloudfront.net/cumulus_uploads/document/0f3cqnuscn/cbs_20181007_TX_final.pdf,2,"[{""candidate_id"": ""11125"", ""candidate_name"": ""Beto O'Rourke"", ""party"": ""DEM"", ""answer"": ""O'Rourke"", ""pct"": ""44.0""}, {""candidate_id"": ""11126"", ""candidate_name"": ""Ted Cruz"", ""party"": ""REP"", ""answer"": ""Cruz"", ""pct"": ""50.0""}]",false,selected,,Only eligible LV question for this poll/round,,44.0,50.0,0,"[""538-row:3385"", ""538-row:3386""]"
538:2018:121:56079:89940,538_archive,2018,TX,121,56079,89940,56079,2018-TX-ordinary-general,2018-TX-ordinary-general,general,Class I,0,11/6/18,2018-11-06,2018-10-01,2018-10-05,LV,lv,lv,500,Emerson College Polling Society,false,,Source flags; not independent nonpartisan verification,https://www.emerson.edu/news-events/emerson-college-today/emerson-e-poll-cruz-extends-texas-us-senate-race-abbott-cruises-governor-race,2,"[{""candidate_id"": ""11125"", ""candidate_name"": ""Beto O'Rourke"", ""party"": ""DEM"", ""answer"": ""O'Rourke"", ""pct"": ""42.4""}, {""candidate_id"": ""11126"", ""candidate_name"": ""Ted Cruz"", ""party"": ""REP"", ""answer"": ""Cruz"", ""pct"": ""47.0""}]",false,selected,,Only eligible LV question for this poll/round,,42.4,47.0,0,"[""538-row:3387"", ""538-row:3388""]"
538:2018:100:56084:89946,538_archive,2018,FL,100,56084,89946,56084,2018-FL-ordinary-general,2018-FL-ordinary-general,general,Class I,0,11/6/18,2018-11-06,2018-10-01,2018-10-05,LV,lv,lv,476,Florida Southern College,false,,Source flags; not independent nonpartisan verification,http://floridapolitics.com/archives/276887-florida-southern-college-poll-narrow-lead-for-andrew-gillum,2,"[{""candidate_id"": ""12413"", ""candidate_name"": ""Bill Nelson"", ""party"": ""DEM"", ""answer"": ""Nelson"", ""pct"": ""44.48""}, {""candidate_id"": ""12414"", ""candidate_name"": ""Rick Scott"", ""party"": ""REP"", ""answer"": ""Scott"", ""pct"": ""45.97""}]",true,selected,,Only eligible LV question for this poll/round,,44.48,45.97,0,"[""538-row:3389"", ""538-row:3390""]"
538:2018:129:56149:90128,538_archive,2018,MN,129,56149,90128,56149,2018-MN-special-general,2018-MN-special-general,general,Class II,2,11/6/18,2018-11-06,2018-09-30,2018-10-04,LV,lv,lv,637,Marist,false,,Source flags; not independent nonpartisan verification,http://media1.s-nbcnews.com/i/today/z_creative/News_MaristPollMNAnnotatedQuestionnaire.pdf,2,"[{""candidate_id"": ""12376"", ""candidate_name"": ""Tina Smith"", ""party"": ""DEM"", ""answer"": ""Smith"", ""pct"": ""54.0""}, {""candidate_id"": ""12375"", ""candidate_name"": ""Karin Housley"", ""party"": ""REP"", ""answer"": ""Housley"", ""pct"": ""38.0""}]",false,selected,,Only eligible LV question for this poll/round,,54.0,38.0,0,"[""538-row:3391"", ""538-row:3392""]"
538:2018:127:56163:90158,538_archive,2018,WI,127,56163,90158,56163,2018-WI-ordinary-general,2018-WI-ordinary-general,general,Class I,0,11/6/18,2018-11-06,2018-09-30,2018-10-04,LV,lv,lv,571,Marist,false,,Source flags; not independent nonpartisan verification,http://media1.s-nbcnews.com/i/today/z_creative/NBC%20News_Marist%20Poll_WI%20Annotated%20Questionnaire_1810081509.pdf,2,"[{""candidate_id"": ""12400"", ""candidate_name"": ""Tammy Baldwin"", ""party"": ""DEM"", ""answer"": ""Baldwin"", ""pct"": ""54.0""}, {""candidate_id"": ""12401"", ""candidate_name"": ""Leah Vukmir"", ""party"": ""REP"", ""answer"": ""Vukmir"", ""pct"": ""40.0""}]",true,selected,,Only eligible LV question for this poll/round,,54.0,40.0,0,"[""538-row:3407"", ""538-row:3408""]"
538:2018:96:56125:90083,538_archive,2018,AZ,96,56125,90083,56125,2018-AZ-ordinary-general,2018-AZ-ordinary-general,general,Class I,0,11/6/18,2018-11-06,2018-10-01,2018-10-02,LV,lv,lv,600,OH Predictive Insights / MBQF,false,,Source flags; not independent nonpartisan verification,https://www.abc15.com/news/state/poll-martha-mcsally-gaining-in-senate-race-against-kyrsten-sinema,3,"[{""candidate_id"": ""12409"", ""candidate_name"": ""Kyrsten Sinema"", ""party"": ""DEM"", ""answer"": ""Sinema"", ""pct"": ""41.0""}, {""candidate_id"": ""12410"", ""candidate_name"": ""Martha McSally"", ""party"": ""REP"", ""answer"": ""McSally"", ""pct"": ""47.0""}, {""candidate_id"": ""13146"", ""candidate_name"": ""Angela Green"", ""party"": ""GRE"", ""answer"": ""Green"", ""pct"": ""4.0""}]",true,selected,,Only eligible LV question for this poll/round,,41.0,47.0,4.0,"[""538-row:3424"", ""538-row:3425"", ""538-row:3426""]"
538:2018:106:56022:89845,538_archive,2018,MI,106,56022,89845,56022,2018-MI-ordinary-general,2018-MI-ordinary-general,general,Class I,0,11/6/18,2018-11-06,2018-09-30,2018-10-02,LV,lv,lv,600,Glengariff Group Inc.,false,,Source flags; not independent nonpartisan verification,https://www.clickondetroit.com/michigan-elections/wdivdetroit-news-poll-stabenow-holds-double-digit-lead-in-michigan-s-us-senate-race,2,"[{""candidate_id"": ""11408"", ""candidate_name"": ""Debbie Stabenow"", ""party"": ""DEM"", ""answer"": ""Stabenow"", ""pct"": ""52.7""}, {""candidate_id"": ""11409"", ""candidate_name"": ""John James"", ""party"": ""REP"", ""answer"": ""James"", ""pct"": ""34.7""}]",false,selected,,Only eligible LV question for this poll/round,,52.7,34.7,0,"[""538-row:3429"", ""538-row:3430""]"
538:2018:96:56016:89829,538_archive,2018,AZ,96,56016,89829,56016,2018-AZ-ordinary-general,2018-AZ-ordinary-general,general,Class I,0,11/6/18,2018-11-06,2018-09-29,2018-10-02,LV,lv,lv,716,Beacon Research/Shaw & Company,false,,Source flags; not independent nonpartisan verification,https://www.foxnews.com/politics/fox-news-poll-republicans-make-gains-in-top-senate-races,2,"[{""candidate_id"": ""12409"", ""candidate_name"": ""Kyrsten Sinema"", ""party"": ""DEM"", ""answer"": ""Sinema"", ""pct"": ""47.0""}, {""candidate_id"": ""12410"", ""candidate_name"": ""Martha McSally"", ""party"": ""REP"", ""answer"": ""McSally"", ""pct"": ""45.0""}]",false,selected,,Only eligible LV question for this poll/round,,47.0,45.0,0,"[""538-row:3431"", ""538-row:3432""]"
538:2018:120:56017:89833,538_archive,2018,TN,120,56017,89833,56017,2018-TN-ordinary-general,2018-TN-ordinary-general,general,Class I,0,11/6/18,2018-11-06,2018-09-29,2018-10-02,LV,lv,lv,666,Beacon Research/Shaw & Company,false,,Source flags; not independent nonpartisan verification,https://www.foxnews.com/politics/fox-news-poll-republicans-make-gains-in-top-senate-races,2,"[{""candidate_id"": ""11382"", ""candidate_name"": ""Phil Bredesen"", ""party"": ""DEM"", ""answer"": ""Bredesen"", ""pct"": ""43.0""}, {""candidate_id"": ""11383"", ""candidate_name"": ""Marsha Blackburn"", ""party"": ""REP"", ""answer"": ""Blackburn"", ""pct"": ""48.0""}]",false,selected,,Only eligible LV question for this poll/round,,43.0,48.0,0,"[""538-row:3435"", ""538-row:3436""]"
538:2018:102:56018:89830,538_archive,2018,IN,102,56018,89830,56018,2018-IN-ordinary-general,2018-IN-ordinary-general,general,Class I,0,11/6/18,2018-11-06,2018-09-29,2018-10-02,LV,lv,lv,695,Beacon Research/Shaw & Company,false,,Source flags; not independent nonpartisan verification,https://www.foxnews.com/politics/fox-news-poll-republicans-make-gains-in-top-senate-races,3,"[{""candidate_id"": ""11128"", ""candidate_name"": ""Joe Donnelly"", ""party"": ""DEM"", ""answer"": ""Donnelly"", ""pct"": ""43.0""}, {""candidate_id"": ""11129"", ""candidate_name"": ""Mike Braun"", ""party"": ""REP"", ""answer"": ""Braun"", ""pct"": ""41.0""}, {""candidate_id"": ""12458"", ""candidate_name"": ""Lucy M. Brenton"", ""party"": ""LIB"", ""answer"": ""Brenton"", ""pct"": ""6.0""}]",true,selected,,Only eligible LV question for this poll/round,,43.0,41.0,6.0,"[""538-row:3439"", ""538-row:3440"", ""538-row:3441""]"
538:2018:109:56019:89831,538_archive,2018,MO,109,56019,89831,56019,2018-MO-ordinary-general,2018-MO-ordinary-general,general,Class I,0,11/6/18,2018-11-06,2018-09-29,2018-10-02,LV,lv,lv,683,Beacon Research/Shaw & Company,false,,Source flags; not independent nonpartisan verification,https://www.foxnews.com/politics/fox-news-poll-republicans-make-gains-in-top-senate-races,5,"[{""candidate_id"": ""11410"", ""candidate_name"": ""Claire McCaskill"", ""party"": ""DEM"", ""answer"": ""McCaskill"", ""pct"": ""43.0""}, {""candidate_id"": ""11411"", ""candidate_name"": ""Josh Hawley"", ""party"": ""REP"", ""answer"": ""Hawley"", ""pct"": ""43.0""}, {""candidate_id"": ""12519"", ""candidate_name"": ""Craig S. O'Dear"", ""party"": ""IND"", ""answer"": ""O'Dear"", ""pct"": ""4.0""}, {""candidate_id"": ""12455"", ""candidate_name"": ""Japheth R. Campbell"", ""party"": ""LIB"", ""answer"": ""Campbell"", ""pct"": ""2.0""}, {""candidate_id"": ""12456"", ""candidate_name"": ""Jo Crain"", ""party"": ""GRE"", ""answer"": ""Crain"", ""pct"": ""1.0""}]",true,selected,,Unique full-ballot LV question (Decision 013),,43.0,43.0,7.0,"[""538-row:3445"", ""538-row:3446"", ""538-row:3447"", ""538-row:3448"", ""538-row:3449""]"
538:2018:116:56020:89832,538_archive,2018,ND,116,56020,89832,56020,2018-ND-ordinary-general,2018-ND-ordinary-general,general,Class I,0,11/6/18,2018-11-06,2018-09-29,2018-10-02,LV,lv,lv,704,Beacon Research/Shaw & Company,false,,Source flags; not independent nonpartisan verification,https://www.foxnews.com/politics/fox-news-poll-republicans-make-gains-in-top-senate-races,2,"[{""candidate_id"": ""11148"", ""candidate_name"": ""Heidi Heitkamp"", ""party"": ""DEM"", ""answer"": ""Heitkamp"", ""pct"": ""41.0""}, {""candidate_id"": ""11149"", ""candidate_name"": ""Kevin Cramer"", ""party"": ""REP"", ""answer"": ""Cramer"", ""pct"": ""53.0""}]",true,selected,,Only eligible LV question for this poll/round,,41.0,53.0,0,"[""538-row:3459"", ""538-row:3460""]"
538:2018:113:56012:89815,538_archive,2018,NJ,113,56012,89815,56012,2018-NJ-ordinary-general,2018-NJ-ordinary-general,general,Class I,0,11/6/18,2018-11-06,2018-09-25,2018-10-02,LV,lv,lv,1058,Quinnipiac,false,,Source flags; not independent nonpartisan verification,https://poll.qu.edu/images/polling/nj/nj10032018_demos_nqxi76.pdf/,2,"[{""candidate_id"": ""11144"", ""candidate_name"": ""Robert Menendez"", ""party"": ""DEM"", ""answer"": ""Menendez"", ""pct"": ""53.0""}, {""candidate_id"": ""11145"", ""candidate_name"": ""Bob Hugin"", ""party"": ""REP"", ""answer"": ""Hugin"", ""pct"": ""42.0""}]",false,selected,,Only eligible LV question for this poll/round,,53.0,42.0,0,"[""538-row:3465"", ""538-row:3466""]"
538:2018:113:56008:89806,538_archive,2018,NJ,113,56008,89806,56008,2018-NJ-ordinary-general,2018-NJ-ordinary-general,general,Class I,0,11/6/18,2018-11-06,2018-09-29,2018-10-01,LV,lv,lv,794,Vox Populi Polling,false,,Source flags; not independent nonpartisan verification,https://voxpoppolling.com/wp-content/uploads/2018/10/NJ-Statewide-Topline-Results-Oct-2018.pdf,2,"[{""candidate_id"": ""11144"", ""candidate_name"": ""Robert Menendez"", ""party"": ""DEM"", ""answer"": ""Menendez"", ""pct"": ""52.0""}, {""candidate_id"": ""11145"", ""candidate_name"": ""Bob Hugin"", ""party"": ""REP"", ""answer"": ""Hugin"", ""pct"": ""48.0""}]",false,selected,,Only eligible LV question for this poll/round,,52.0,48.0,0,"[""538-row:3471"", ""538-row:3472""]"
538:2018:96:56027:89853,538_archive,2018,AZ,96,56027,89853,56027,2018-AZ-ordinary-general,2018-AZ-ordinary-general,general,Class I,0,11/6/18,2018-11-06,2018-09-29,2018-10-01,LV,lv,lv,702,Vox Populi Polling,false,,Source flags; not independent nonpartisan verification,https://voxpoppolling.com/wp-content/uploads/2018/10/AZ-Statewide-Survey-Topline-Oct-2018.pdf,2,"[{""candidate_id"": ""12409"", ""candidate_name"": ""Kyrsten Sinema"", ""party"": ""DEM"", ""answer"": ""Sinema"", ""pct"": ""49.0""}, {""candidate_id"": ""12410"", ""candidate_name"": ""Martha McSally"", ""party"": ""REP"", ""answer"": ""McSally"", ""pct"": ""52.0""}]",false,selected,,Only eligible LV question for this poll/round,,49.0,52.0,0,"[""538-row:3473"", ""538-row:3474""]"
538:2018:109:56028:89854,538_archive,2018,MO,109,56028,89854,56028,2018-MO-ordinary-general,2018-MO-ordinary-general,general,Class I,0,11/6/18,2018-11-06,2018-09-29,2018-10-01,LV,lv,lv,869,Vox Populi Polling,false,,Source flags; not independent nonpartisan verification,https://voxpoppolling.com/wp-content/uploads/2018/10/MO-Statewide-Survey-Topline-Oct-2018.pdf,2,"[{""candidate_id"": ""11410"", ""candidate_name"": ""Claire McCaskill"", ""party"": ""DEM"", ""answer"": ""McCaskill"", ""pct"": ""49.0""}, {""candidate_id"": ""11411"", ""candidate_name"": ""Josh Hawley"", ""party"": ""REP"", ""answer"": ""Hawley"", ""pct"": ""51.0""}]",false,selected,,Only eligible LV question for this poll/round,,49.0,51.0,0,"[""538-row:3475"", ""538-row:3476""]"
538:2018:100:55962:89681,538_archive,2018,FL,100,55962,89681,55962,2018-FL-ordinary-general,2018-FL-ordinary-general,general,Class I,0,11/6/18,2018-11-06,2018-09-29,2018-09-30,LV,lv,lv,2313,St. Pete Polls,false,,Source flags; not independent nonpartisan verification,http://stpetepolls.org/files/StPetePolls_2018_State_GEN_GovSenate_September30_B83R.pdf,2,"[{""candidate_id"": ""12413"", ""candidate_name"": ""Bill Nelson"", ""party"": ""DEM"", ""answer"": ""Nelson"", ""pct"": ""47.4""}, {""candidate_id"": ""12414"", ""candidate_name"": ""Rick Scott"", ""party"": ""REP"", ""answer"": ""Scott"", ""pct"": ""46.7""}]",true,selected,,Only eligible LV question for this poll/round,,47.4,46.7,0,"[""538-row:3477"", ""538-row:3478""]"
538:2018:96:56007:89807,538_archive,2018,AZ,96,56007,89807,56007,2018-AZ-ordinary-general,2018-AZ-ordinary-general,general,Class I,0,11/6/18,2018-11-06,2018-09-27,2018-09-30,LV,lv,lv,500,Suffolk,false,,Source flags; not independent nonpartisan verification,https://www.suffolk.edu/documents/SUPRC/10_3_2018_marginals.pdf,3,"[{""candidate_id"": ""12409"", ""candidate_name"": ""Kyrsten Sinema"", ""party"": ""DEM"", ""answer"": ""Sinema"", ""pct"": ""44.6""}, {""candidate_id"": ""12410"", ""candidate_name"": ""Martha McSally"", ""party"": ""REP"", ""answer"": ""McSally"", ""pct"": ""41.6""}, {""candidate_id"": ""13146"", ""candidate_name"": ""Angela Green"", ""party"": ""GRE"", ""answer"": ""Green"", ""pct"": ""2.0""}]",true,selected,,Only eligible LV question for this poll/round,,44.6,41.6,2.0,"[""538-row:3481"", ""538-row:3482"", ""538-row:3483""]"
538:2018:100:74941:142774,538_archive,2018,FL,100,74941,142774,74941,2018-FL-ordinary-general,2018-FL-ordinary-general,general,Class I,0,11/6/18,2018-11-06,2018-09-27,2018-09-30,LV,lv,lv,1037,The Political Matrix/The Listener Group,false,,Source flags; not independent nonpartisan verification,https://ricksblog.biz/u-s-senate-and-florida-governor-races-very-very-tight/,2,"[{""candidate_id"": ""12413"", ""candidate_name"": ""Bill Nelson"", ""party"": ""DEM"", ""answer"": ""Nelson"", ""pct"": ""45.8""}, {""candidate_id"": ""12414"", ""candidate_name"": ""Rick Scott"", ""party"": ""REP"", ""answer"": ""Scott"", ""pct"": ""44.6""}]",true,selected,,Only eligible LV question for this poll/round,,45.8,44.6,0,"[""538-row:3487"", ""538-row:3488""]"
538:2018:113:56002:89800,538_archive,2018,NJ,113,56002,89800,56002,2018-NJ-ordinary-general,2018-NJ-ordinary-general,general,Class I,0,11/6/18,2018-11-06,2018-09-26,2018-09-30,LV,lv,lv,508,Fairleigh Dickinson,false,,Source flags; not independent nonpartisan verification,https://view2.fdu.edu/publicmind/2018/181003/,2,"[{""candidate_id"": ""11144"", ""candidate_name"": ""Robert Menendez"", ""party"": ""DEM"", ""answer"": ""Menendez"", ""pct"": ""43.0""}, {""candidate_id"": ""11145"", ""candidate_name"": ""Bob Hugin"", ""party"": ""REP"", ""answer"": ""Hugin"", ""pct"": ""37.0""}]",false,selected,,Only eligible LV question for this poll/round,,43.0,37.0,0,"[""538-row:3491"", ""538-row:3492""]"
538:2018:100:55983:89717,538_archive,2018,FL,100,55983,89717,55983,2018-FL-ordinary-general,2018-FL-ordinary-general,general,Class I,0,11/6/18,2018-11-06,2018-09-17,2018-09-30,LV,lv,lv,800,Strategic Research Associates,false,,Source flags; not independent nonpartisan verification,http://media.graytvinc.com/documents/GRAY_FL_September_Survey.pdf,2,"[{""candidate_id"": ""12413"", ""candidate_name"": ""Bill Nelson"", ""party"": ""DEM"", ""answer"": ""Nelson"", ""pct"": ""45.0""}, {""candidate_id"": ""12414"", ""candidate_name"": ""Rick Scott"", ""party"": ""REP"", ""answer"": ""Scott"", ""pct"": ""44.0""}]",true,selected,,Only eligible LV question for this poll/round,,45.0,44.0,0,"[""538-row:3493"", ""538-row:3494""]"
538:2018:109:55957:89669,538_archive,2018,MO,109,55957,89669,55957,2018-MO-ordinary-general,2018-MO-ordinary-general,general,Class I,0,11/6/18,2018-11-06,2018-09-25,2018-09-29,LV,lv,lv,756,SSRS,false,,Source flags; not independent nonpartisan verification,http://cdn.cnn.com/cnn/2018/images/10/01/rel1_mo.pdf,4,"[{""candidate_id"": ""11410"", ""candidate_name"": ""Claire McCaskill"", ""party"": ""DEM"", ""answer"": ""McCaskill"", ""pct"": ""47.0""}, {""candidate_id"": ""11411"", ""candidate_name"": ""Josh Hawley"", ""party"": ""REP"", ""answer"": ""Hawley"", ""pct"": ""44.0""}, {""candidate_id"": ""12455"", ""candidate_name"": ""Japheth R. Campbell"", ""party"": ""LIB"", ""answer"": ""Campbell"", ""pct"": ""3.0""}, {""candidate_id"": ""12456"", ""candidate_name"": ""Jo Crain"", ""party"": ""GRE"", ""answer"": ""Crain"", ""pct"": ""1.0""}]",false,selected,,Only eligible LV question for this poll/round,,47.0,44.0,4.0,"[""538-row:3505"", ""538-row:3506"", ""538-row:3507"", ""538-row:3508""]"
538:2018:109:55933:89625,538_archive,2018,MO,109,55933,89625,55933,2018-MO-ordinary-general,2018-MO-ordinary-general,general,Class I,0,11/6/18,2018-11-06,2018-09-26,2018-09-27,LV,lv,lv,1555,Remington,false,,Source flags; not independent nonpartisan verification,https://moscout.com/s/MOScout-Weekly-Poll-Statewide-929.pdf,2,"[{""candidate_id"": ""11410"", ""candidate_name"": ""Claire McCaskill"", ""party"": ""DEM"", ""answer"": ""McCaskill"", ""pct"": ""46.0""}, {""candidate_id"": ""11411"", ""candidate_name"": ""Josh Hawley"", ""party"": ""REP"", ""answer"": ""Hawley"", ""pct"": ""48.0""}]",false,selected,,Only eligible LV question for this poll/round,,46.0,48.0,0,"[""538-row:3511"", ""538-row:3512""]"
538:2018:100:55997:89846,538_archive,2018,FL,100,55997,89846,55997,2018-FL-ordinary-general,2018-FL-ordinary-general,general,Class I,0,11/6/18,2018-11-06,2018-09-24,2018-09-27,LV,lv,lv,815,Mason-Dixon,false,,Source flags; not independent nonpartisan verification,https://www.politico.com/f/?id=00000166-3bd4-d20d-a57f-bfd497e60001,2,"[{""candidate_id"": ""12413"", ""candidate_name"": ""Bill Nelson"", ""party"": ""DEM"", ""answer"": ""Nelson"", ""pct"": ""47.0""}, {""candidate_id"": ""12414"", ""candidate_name"": ""Rick Scott"", ""party"": ""REP"", ""answer"": ""Scott"", ""pct"": ""46.0""}]",true,selected,,Only eligible LV question for this poll/round,,47.0,46.0,0,"[""538-row:3513"", ""538-row:3514""]"
538:2018:115:55942:89646,538_archive,2018,NY,115,55942,89646,55942,2018-NY-ordinary-general,2018-NY-ordinary-general,general,Class I,0,11/6/18,2018-11-06,2018-09-20,2018-09-27,LV,lv,lv,701,Siena,false,,Source flags; not independent nonpartisan verification,https://scri.siena.edu/2018/10/01/cuomo-leads-molinaro-50-28-percent-nixon-gets-10-percent-on-wfp-line-other-minor-party-candidates-get-4-percent/,2,"[{""candidate_id"": ""11202"", ""candidate_name"": ""Kirsten E. Gillibrand"", ""party"": ""DEM"", ""answer"": ""Gillibrand"", ""pct"": ""61.0""}, {""candidate_id"": ""11203"", ""candidate_name"": ""Chele Farley"", ""party"": ""REP"", ""answer"": ""Farley"", ""pct"": ""29.0""}]",true,selected,,Only eligible LV question for this poll/round,,61.0,29.0,0,"[""538-row:3515"", ""538-row:3516""]"
538:2018:113:55951:89659,538_archive,2018,NJ,113,55951,89659,55951,2018-NJ-ordinary-general,2018-NJ-ordinary-general,general,Class I,0,11/6/18,2018-11-06,2018-09-19,2018-09-27,LV,lv,lv,531,Stockton University,false,,Source flags; not independent nonpartisan verification,https://stockton.edu/hughes-center/polling/documents/2018-1001-stockton-poll-shows-us-senate-race-in-nj-a-dead-heat.pdf,3,"[{""candidate_id"": ""11144"", ""candidate_name"": ""Robert Menendez"", ""party"": ""DEM"", ""answer"": ""Menendez"", ""pct"": ""45.3""}, {""candidate_id"": ""11145"", ""candidate_name"": ""Bob Hugin"", ""party"": ""REP"", ""answer"": ""Hugin"", ""pct"": ""43.4""}, {""candidate_id"": ""12402"", ""candidate_name"": ""Murray Sabrin"", ""party"": ""LIB"", ""answer"": ""Sabrin"", ""pct"": ""3.4""}]",false,selected,,Only eligible LV question for this poll/round,,45.3,43.4,3.4,"[""538-row:3517"", ""538-row:3518"", ""538-row:3519""]"
538:2018:116:55966:89686,538_archive,2018,ND,116,55966,89686,55966,2018-ND-ordinary-general,2018-ND-ordinary-general,general,Class I,0,11/6/18,2018-11-06,2018-09-17,2018-09-27,LV,lv,lv,650,Strategic Research Associates,false,,Source flags; not independent nonpartisan verification,http://media.graytvinc.com/documents/GRAY_ND_September_Survey.pdf,2,"[{""candidate_id"": ""11148"", ""candidate_name"": ""Heidi Heitkamp"", ""party"": ""DEM"", ""answer"": ""Heitkamp"", ""pct"": ""41.0""}, {""candidate_id"": ""11149"", ""candidate_name"": ""Kevin Cramer"", ""party"": ""REP"", ""answer"": ""Cramer"", ""pct"": ""51.0""}]",true,selected,,Only eligible LV question for this poll/round,,41.0,51.0,0,"[""538-row:3520"", ""538-row:3521""]"
538:2018:106:55897:89579,538_archive,2018,MI,106,55897,89579,55897,2018-MI-ordinary-general,2018-MI-ordinary-general,general,Class I,0,11/6/18,2018-11-06,2018-09-21,2018-09-25,LV,lv,lv,600,EPIC/MRA,false,,Source flags; not independent nonpartisan verification,https://www.freep.com/story/news/politics/elections/2018/09/27/michigan-governor-poll-whitmer-schuette/1433084002/,2,"[{""candidate_id"": ""11408"", ""candidate_name"": ""Debbie Stabenow"", ""party"": ""DEM"", ""answer"": ""Stabenow"", ""pct"": ""56.0""}, {""candidate_id"": ""11409"", ""candidate_name"": ""John James"", ""party"": ""REP"", ""answer"": ""James"", ""pct"": ""33.0""}]",false,selected,,Only eligible LV question for this poll/round,,56.0,33.0,0,"[""538-row:3534"", ""538-row:3535""]"
538:2018:96:56184:90216,538_archive,2018,AZ,96,56184,90216,56184,2018-AZ-ordinary-general,2018-AZ-ordinary-general,general,Class I,0,11/6/18,2018-11-06,2018-09-10,2018-09-25,LV,lv,lv,463,Latino Decisions,false,,Source flags; not independent nonpartisan verification,https://spgs.clas.asu.edu/sites/default/files/az_slide_deck_firstrelease_version101118.pdf,2,"[{""candidate_id"": ""12409"", ""candidate_name"": ""Kyrsten Sinema"", ""party"": ""DEM"", ""answer"": ""Sinema"", ""pct"": ""47.0""}, {""candidate_id"": ""12410"", ""candidate_name"": ""Martha McSally"", ""party"": ""REP"", ""answer"": ""McSally"", ""pct"": ""41.0""}]",false,selected,,Only eligible LV question for this poll/round,,47.0,41.0,0,"[""538-row:3536"", ""538-row:3537""]"
538:2018:100:55848:89421,538_archive,2018,FL,100,55848,89421,55848,2018-FL-ordinary-general,2018-FL-ordinary-general,general,Class I,0,11/6/18,2018-11-06,2018-09-20,2018-09-24,LV,lv,lv,888,Quinnipiac,false,,Source flags; not independent nonpartisan verification,https://poll.qu.edu/poll-release-legacy?releaseid=2572,2,"[{""candidate_id"": ""12413"", ""candidate_name"": ""Bill Nelson"", ""party"": ""DEM"", ""answer"": ""Nelson"", ""pct"": ""53.0""}, {""candidate_id"": ""12414"", ""candidate_name"": ""Rick Scott"", ""party"": ""REP"", ""answer"": ""Scott"", ""pct"": ""46.0""}]",true,selected,,Only eligible LV question for this poll/round,,53.0,46.0,0,"[""538-row:3540"", ""538-row:3541""]"
538:2018:118:55900:89577,538_archive,2018,PA,118,55900,89577,55900,2018-PA-ordinary-general,2018-PA-ordinary-general,general,Class I,0,11/6/18,2018-11-06,2018-09-17,2018-09-23,LV,lv,lv,204,Franklin and Marshall College,false,,Source flags; not independent nonpartisan verification,https://www.fandm.edu/uploads/files/84925965295991296-f-m-poll-release-september-2018.pdf,4,"[{""candidate_id"": ""11138"", ""candidate_name"": ""Robert P. Casey Jr."", ""party"": ""DEM"", ""answer"": ""Casey"", ""pct"": ""50.0""}, {""candidate_id"": ""11139"", ""candidate_name"": ""Lou Barletta"", ""party"": ""REP"", ""answer"": ""Barletta"", ""pct"": ""33.0""}, {""candidate_id"": ""12449"", ""candidate_name"": ""Neal Taylor Gale"", ""party"": ""GRE"", ""answer"": ""Gale"", ""pct"": ""1.0""}, {""candidate_id"": ""12448"", ""candidate_name"": ""Dale R. Kerns"", ""party"": ""LIB"", ""answer"": ""Kerns"", ""pct"": ""2.0""}]",true,selected,,Only eligible LV question for this poll/round,,50.0,33.0,3.0,"[""538-row:3562"", ""538-row:3563"", ""538-row:3564"", ""538-row:3565""]"
538:2018:110:55846:89414,538_archive,2018,MT,110,55846,89414,55846,2018-MT-ordinary-general,2018-MT-ordinary-general,general,Class I,0,11/6/18,2018-11-06,2018-09-19,2018-09-22,LV,lv,lv,710,Gravis Marketing,false,,Source flags; not independent nonpartisan verification,https://www.realclearpolitics.com/docs/Gravis_Montana_September_25_2018.pdf,2,"[{""candidate_id"": ""11140"", ""candidate_name"": ""Jon Tester"", ""party"": ""DEM"", ""answer"": ""Tester"", ""pct"": ""49.0""}, {""candidate_id"": ""11141"", ""candidate_name"": ""Matt Rosendale"", ""party"": ""REP"", ""answer"": ""Rosendale"", ""pct"": ""45.0""}]",false,selected,,Only eligible LV question for this poll/round,,49.0,45.0,0,"[""538-row:3566"", ""538-row:3567""]"
538:2018:105:55850:89425,538_archive,2018,MA,105,55850,89425,55850,2018-MA-ordinary-general,2018-MA-ordinary-general,general,Class I,0,11/6/18,2018-11-06,2018-09-17,2018-09-21,LV,lv,lv,506,MassINC Polling Group,false,,Source flags; not independent nonpartisan verification,http://www.wbur.org/news/2018/09/25/wbur-poll-warren-diehl-ayyadurai,3,"[{""candidate_id"": ""12480"", ""candidate_name"": ""Elizabeth Warren"", ""party"": ""DEM"", ""answer"": ""Warren"", ""pct"": ""56.0""}, {""candidate_id"": ""12481"", ""candidate_name"": ""Geoff Diehl"", ""party"": ""REP"", ""answer"": ""Diehl"", ""pct"": ""30.0""}, {""candidate_id"": ""13149"", ""candidate_name"": ""Shiva Ayyadurai"", ""party"": ""IND"", ""answer"": ""Ayyadurai"", ""pct"": ""5.0""}]",true,selected,,Only eligible LV question for this poll/round,,56.0,30.0,5.0,"[""538-row:3570"", ""538-row:3571"", ""538-row:3572""]"
538:2018:106:55873:89527,538_archive,2018,MI,106,55873,89527,55873,2018-MI-ordinary-general,2018-MI-ordinary-general,general,Class I,0,11/6/18,2018-11-06,2018-09-14,2018-09-21,LV,lv,lv,1150,Ipsos,false,,Source flags; not independent nonpartisan verification,https://www.ipsos.com/en-us/news-polls/new-midterm-poll-Michigan,2,"[{""candidate_id"": ""11408"", ""candidate_name"": ""Debbie Stabenow"", ""party"": ""DEM"", ""answer"": ""Stabenow"", ""pct"": ""54.7""}, {""candidate_id"": ""11409"", ""candidate_name"": ""John James"", ""party"": ""REP"", ""answer"": ""James"", ""pct"": ""35.4""}]",false,selected,,Only eligible LV question for this poll/round,,54.7,35.4,0,"[""538-row:3573"", ""538-row:3574""]"
538:2018:127:55876:89530,538_archive,2018,WI,127,55876,89530,55876,2018-WI-ordinary-general,2018-WI-ordinary-general,general,Class I,0,11/6/18,2018-11-06,2018-09-14,2018-09-21,LV,lv,lv,1109,Ipsos,false,,Source flags; not independent nonpartisan verification,https://www.ipsos.com/en-us/news-polls/new-midterm-poll-Wisconsin,2,"[{""candidate_id"": ""12400"", ""candidate_name"": ""Tammy Baldwin"", ""party"": ""DEM"", ""answer"": ""Baldwin"", ""pct"": ""52.0""}, {""candidate_id"": ""12401"", ""candidate_name"": ""Leah Vukmir"", ""party"": ""REP"", ""answer"": ""Vukmir"", ""pct"": ""39.0""}]",true,selected,,Only eligible LV question for this poll/round,,52.0,39.0,0,"[""538-row:3577"", ""538-row:3578""]"
538:2018:96:55845:89418,538_archive,2018,AZ,96,55845,89418,55845,2018-AZ-ordinary-general,2018-AZ-ordinary-general,general,Class I,0,11/6/18,2018-11-06,2018-09-16,2018-09-20,LV,lv,lv,564,Marist,false,,Source flags; not independent nonpartisan verification,http://media1.s-nbcnews.com/i/today/z_creative/NBC%20News_Marist%20Poll_AZ%20Annotated%20Questionnaire_1809241139.pdf,3,"[{""candidate_id"": ""12409"", ""candidate_name"": ""Kyrsten Sinema"", ""party"": ""DEM"", ""answer"": ""Sinema"", ""pct"": ""45.0""}, {""candidate_id"": ""12410"", ""candidate_name"": ""Martha McSally"", ""party"": ""REP"", ""answer"": ""McSally"", ""pct"": ""43.0""}, {""candidate_id"": ""13146"", ""candidate_name"": ""Angela Green"", ""party"": ""GRE"", ""answer"": ""Green"", ""pct"": ""6.0""}]",true,selected,,Unique full-ballot LV question (Decision 013),,45.0,43.0,6.0,"[""538-row:3594"", ""538-row:3595"", ""538-row:3596""]"
538:2018:100:55868:89506,538_archive,2018,FL,100,55868,89506,55868,2018-FL-ordinary-general,2018-FL-ordinary-general,general,Class I,0,11/6/18,2018-11-06,2018-09-16,2018-09-20,LV,lv,lv,600,Marist,false,,Source flags; not independent nonpartisan verification,https://www.nbcnews.com/politics/first-read/poll-democrats-have-narrow-lead-top-florida-contests-n913046,2,"[{""candidate_id"": ""12413"", ""candidate_name"": ""Bill Nelson"", ""party"": ""DEM"", ""answer"": ""Nelson"", ""pct"": ""48.0""}, {""candidate_id"": ""12414"", ""candidate_name"": ""Rick Scott"", ""party"": ""REP"", ""answer"": ""Scott"", ""pct"": ""45.0""}]",true,selected,,Only eligible LV question for this poll/round,,48.0,45.0,0,"[""538-row:3599"", ""538-row:3600""]"
538:2018:100:55834:89396,538_archive,2018,FL,100,55834,89396,55834,2018-FL-ordinary-general,2018-FL-ordinary-general,general,Class I,0,11/6/18,2018-11-06,2018-09-17,2018-09-19,LV,lv,lv,603,U. North Florida,false,,Source flags; not independent nonpartisan verification,http://www.unf.edu/coas/porl/2018FLFall.aspx,2,"[{""candidate_id"": ""12413"", ""candidate_name"": ""Bill Nelson"", ""party"": ""DEM"", ""answer"": ""Nelson"", ""pct"": ""45.0""}, {""candidate_id"": ""12414"", ""candidate_name"": ""Rick Scott"", ""party"": ""REP"", ""answer"": ""Scott"", ""pct"": ""45.0""}]",true,selected,,Only eligible LV question for this poll/round,,45.0,45.0,0,"[""538-row:3620"", ""538-row:3621""]"
538:2018:118:54148:87642,538_archive,2018,PA,118,54148,87642,54148,2018-PA-ordinary-general,2018-PA-ordinary-general,general,Class I,0,11/6/18,2018-11-06,2018-09-13,2018-09-19,LV,lv,lv,404,Muhlenberg,false,,Source flags; not independent nonpartisan verification,http://www.mcall.com/news/nationworld/pennsylvania/mc-morning-call-muhlenberg-poll-pennsylvania-catholic-church-20180921-htmlstory.html,4,"[{""candidate_id"": ""11138"", ""candidate_name"": ""Robert P. Casey Jr."", ""party"": ""DEM"", ""answer"": ""Casey"", ""pct"": ""53.0""}, {""candidate_id"": ""11139"", ""candidate_name"": ""Lou Barletta"", ""party"": ""REP"", ""answer"": ""Barletta"", ""pct"": ""35.0""}, {""candidate_id"": ""12449"", ""candidate_name"": ""Neal Taylor Gale"", ""party"": ""GRE"", ""answer"": ""Gale"", ""pct"": ""2.0""}, {""candidate_id"": ""12448"", ""candidate_name"": ""Dale R. Kerns"", ""party"": ""LIB"", ""answer"": ""Kerns"", ""pct"": ""2.0""}]",true,selected,,Only eligible LV question for this poll/round,,53.0,35.0,4.0,"[""538-row:3622"", ""538-row:3623"", ""538-row:3624"", ""538-row:3625""]"
538:2018:118:55875:89529,538_archive,2018,PA,118,55875,89529,55875,2018-PA-ordinary-general,2018-PA-ordinary-general,general,Class I,0,11/6/18,2018-11-06,2018-09-12,2018-09-19,LV,lv,lv,1080,Ipsos,false,,Source flags; not independent nonpartisan verification,https://www.ipsos.com/en-us/news-polls/new-midterm-poll-Pennsylvania,2,"[{""candidate_id"": ""11138"", ""candidate_name"": ""Robert P. Casey Jr."", ""party"": ""DEM"", ""answer"": ""Casey"", ""pct"": ""52.6""}, {""candidate_id"": ""11139"", ""candidate_name"": ""Lou Barletta"", ""party"": ""REP"", ""answer"": ""Barletta"", ""pct"": ""37.0""}]",false,selected,,Only eligible LV question for this poll/round,,52.6,37.0,0,"[""538-row:3626"", ""538-row:3627""]"
538:2018:102:55878:89531,538_archive,2018,IN,102,55878,89531,55878,2018-IN-ordinary-general,2018-IN-ordinary-general,general,Class I,0,11/6/18,2018-11-06,2018-09-12,2018-09-19,LV,lv,lv,1181,Ipsos,false,,Source flags; not independent nonpartisan verification,https://www.ipsos.com/en-us/news-polls/new-midterm-poll-Indiana,2,"[{""candidate_id"": ""11128"", ""candidate_name"": ""Joe Donnelly"", ""party"": ""DEM"", ""answer"": ""Donnelly"", ""pct"": ""45.6""}, {""candidate_id"": ""11129"", ""candidate_name"": ""Mike Braun"", ""party"": ""REP"", ""answer"": ""Braun"", ""pct"": ""43.4""}]",false,selected,,Only eligible LV question for this poll/round,,45.6,43.4,0,"[""538-row:3630"", ""538-row:3631""]"
538:2018:121:54114:87471,538_archive,2018,TX,121,54114,87471,54114,2018-TX-ordinary-general,2018-TX-ordinary-general,general,Class I,0,11/6/18,2018-11-06,2018-09-16,2018-09-18,LV,lv,lv,508,Vox Populi Polling,false,,Source flags; not independent nonpartisan verification,https://voxpoppolling.com/wp-content/uploads/2018/09/TX-Statewide-Survey-Toplines-Sept.-2018.pdf,2,"[{""candidate_id"": ""11125"", ""candidate_name"": ""Beto O'Rourke"", ""party"": ""DEM"", ""answer"": ""O'Rourke"", ""pct"": ""50.0""}, {""candidate_id"": ""11126"", ""candidate_name"": ""Ted Cruz"", ""party"": ""REP"", ""answer"": ""Cruz"", ""pct"": ""50.0""}]",false,selected,,Only eligible LV question for this poll/round,,50.0,50.0,0,"[""538-row:3634"", ""538-row:3635""]"
538:2018:120:54115:87474,538_archive,2018,TN,120,54115,87474,54115,2018-TN-ordinary-general,2018-TN-ordinary-general,general,Class I,0,11/6/18,2018-11-06,2018-09-16,2018-09-18,LV,lv,lv,567,Vox Populi Polling,false,,Source flags; not independent nonpartisan verification,https://voxpoppolling.com/wp-content/uploads/2018/09/TN-Statewide-Survey-Toplines-Sept.-2018.pdf,2,"[{""candidate_id"": ""11382"", ""candidate_name"": ""Phil Bredesen"", ""party"": ""DEM"", ""answer"": ""Bredesen"", ""pct"": ""51.0""}, {""candidate_id"": ""11383"", ""candidate_name"": ""Marsha Blackburn"", ""party"": ""REP"", ""answer"": ""Blackburn"", ""pct"": ""49.0""}]",false,selected,,Only eligible LV question for this poll/round,,51.0,49.0,0,"[""538-row:3636"", ""538-row:3637""]"
538:2018:119:54133:87623,538_archive,2018,RI,119,54133,87623,54133,2018-RI-ordinary-general,2018-RI-ordinary-general,general,Class I,0,11/6/18,2018-11-06,2018-09-14,2018-09-17,LV,lv,lv,420,Fleming & Associates,false,,Source flags; not independent nonpartisan verification,https://www.wpri.com/politics/wpri-12rwu-poll-raimondo-re-election-lead-grows-whitehouse-far-ahead/1462303524,2,"[{""candidate_id"": ""12537"", ""candidate_name"": ""Sheldon Whitehouse"", ""party"": ""DEM"", ""answer"": ""Whitehouse"", ""pct"": ""54.0""}, {""candidate_id"": ""12538"", ""candidate_name"": ""Bob Flanders"", ""party"": ""REP"", ""answer"": ""Flanders"", ""pct"": ""35.0""}]",true,selected,,Only eligible LV question for this poll/round,,54.0,35.0,0,"[""538-row:3645"", ""538-row:3646""]"
538:2018:105:54094:87438,538_archive,2018,MA,105,54094,87438,54094,2018-MA-ordinary-general,2018-MA-ordinary-general,general,Class I,0,11/6/18,2018-11-06,2018-09-13,2018-09-17,LV,lv,lv,500,Suffolk,false,,Source flags; not independent nonpartisan verification,https://www.suffolk.edu/documents/SUPRC/9_19_2018_marginals.pdf,3,"[{""candidate_id"": ""12480"", ""candidate_name"": ""Elizabeth Warren"", ""party"": ""DEM"", ""answer"": ""Warren"", ""pct"": ""53.8""}, {""candidate_id"": ""12481"", ""candidate_name"": ""Geoff Diehl"", ""party"": ""REP"", ""answer"": ""Diehl"", ""pct"": ""24.4""}, {""candidate_id"": ""13149"", ""candidate_name"": ""Shiva Ayyadurai"", ""party"": ""IND"", ""answer"": ""Ayyadurai"", ""pct"": ""6.0""}]",true,selected,,Only eligible LV question for this poll/round,,53.8,24.4,6.0,"[""538-row:3647"", ""538-row:3648"", ""538-row:3649""]"
538:2018:121:54073:87278,538_archive,2018,TX,121,54073,87278,54073,2018-TX-ordinary-general,2018-TX-ordinary-general,general,Class I,0,11/6/18,2018-11-06,2018-09-11,2018-09-17,LV,lv,lv,807,Quinnipiac,false,,Source flags; not independent nonpartisan verification,https://poll.qu.edu/poll-release-legacy?releaseid=2570,2,"[{""candidate_id"": ""11125"", ""candidate_name"": ""Beto O'Rourke"", ""party"": ""DEM"", ""answer"": ""O'Rourke"", ""pct"": ""45.0""}, {""candidate_id"": ""11126"", ""candidate_name"": ""Ted Cruz"", ""party"": ""REP"", ""answer"": ""Cruz"", ""pct"": ""54.0""}]",false,selected,,Only eligible LV question for this poll/round,,45.0,54.0,0,"[""538-row:3650"", ""538-row:3651""]"
538:2018:99:55877:89526,538_archive,2018,DE,99,55877,89526,55877,2018-DE-ordinary-general,2018-DE-ordinary-general,general,Class I,0,11/6/18,2018-11-06,2018-09-11,2018-09-17,LV,lv,lv,728,University of Delaware,false,,Source flags; not independent nonpartisan verification,https://www.delawareonline.com/story/news/politics/2018/09/26/democrats-carper-blunt-rochester-have-big-leads-university-delaware-poll-says/1423137002/,4,"[{""candidate_id"": ""12478"", ""candidate_name"": ""Thomas R. Carper"", ""party"": ""DEM"", ""answer"": ""Carper"", ""pct"": ""61.0""}, {""candidate_id"": ""12479"", ""candidate_name"": ""Rob Arlett"", ""party"": ""REP"", ""answer"": ""Arlett"", ""pct"": ""24.0""}, {""candidate_id"": ""13154"", ""candidate_name"": ""Nadine M. Frost"", ""party"": ""LIB"", ""answer"": ""Frost"", ""pct"": ""3.0""}, {""candidate_id"": ""13155"", ""candidate_name"": ""Demitri G. Theodoropoulos"", ""party"": ""GRE"", ""answer"": ""Theodoropoulos"", ""pct"": ""3.0""}]",true,selected,,Only eligible LV question for this poll/round,,61.0,24.0,6.0,"[""538-row:3652"", ""538-row:3653"", ""538-row:3654"", ""538-row:3655""]"
538:2018:100:54103:87455,538_archive,2018,FL,100,54103,87455,54103,2018-FL-ordinary-general,2018-FL-ordinary-general,general,Class I,0,11/6/18,2018-11-06,2018-09-13,2018-09-16,LV,lv,lv,850,Florida Atlantic University,false,,Source flags; not independent nonpartisan verification,https://business.fau.edu/departments/economics/business-economics-polling/bepi-polls/bepi-polls-2018/tight-florida-us-senate-and-governor-races.php,2,"[{""candidate_id"": ""12413"", ""candidate_name"": ""Bill Nelson"", ""party"": ""DEM"", ""answer"": ""Nelson"", ""pct"": ""41.0""}, {""candidate_id"": ""12414"", ""candidate_name"": ""Rick Scott"", ""party"": ""REP"", ""answer"": ""Scott"", ""pct"": ""42.0""}]",true,selected,,Only eligible LV question for this poll/round,,41.0,42.0,0,"[""538-row:3664"", ""538-row:3665""]"
538:2018:127:54074:87234,538_archive,2018,WI,127,54074,87234,54074,2018-WI-ordinary-general,2018-WI-ordinary-general,general,Class I,0,11/6/18,2018-11-06,2018-09-12,2018-09-16,LV,lv,lv,614,Marquette Law School,false,,Source flags; not independent nonpartisan verification,https://law.marquette.edu/poll/2018/09/18/mlsp48release/,2,"[{""candidate_id"": ""12400"", ""candidate_name"": ""Tammy Baldwin"", ""party"": ""DEM"", ""answer"": ""Baldwin"", ""pct"": ""53.0""}, {""candidate_id"": ""12401"", ""candidate_name"": ""Leah Vukmir"", ""party"": ""REP"", ""answer"": ""Vukmir"", ""pct"": ""42.0""}]",true,selected,,Only eligible LV question for this poll/round,,53.0,42.0,0,"[""538-row:3666"", ""538-row:3667""]"
538:2018:104:54087:87424,538_archive,2018,MD,104,54087,87424,54087,2018-MD-ordinary-general,2018-MD-ordinary-general,general,Class I,0,11/6/18,2018-11-06,2018-09-11,2018-09-16,LV,lv,lv,472,Goucher College,false,,Source flags; not independent nonpartisan verification,https://www.goucher.edu/hughes-center/documents/Goucher_Poll_Sept_2018_Part_2.pdf,4,"[{""candidate_id"": ""12578"", ""candidate_name"": ""Benjamin L. Cardin"", ""party"": ""DEM"", ""answer"": ""Cardin"", ""pct"": ""56.0""}, {""candidate_id"": ""12579"", ""candidate_name"": ""Tony Campbell"", ""party"": ""REP"", ""answer"": ""Campbell"", ""pct"": ""17.0""}, {""candidate_id"": ""12580"", ""candidate_name"": ""Neal Simon"", ""party"": ""IND"", ""answer"": ""Simon"", ""pct"": ""8.0""}, {""candidate_id"": ""12581"", ""candidate_name"": ""Arvin Vohra"", ""party"": ""LIB"", ""answer"": ""Vohra"", ""pct"": ""1.0""}]",true,selected,,Only eligible LV question for this poll/round,,56.0,17.0,9.0,"[""538-row:3670"", ""538-row:3671"", ""538-row:3672"", ""538-row:3673""]"
538:2018:110:55928:89615,538_archive,2018,MT,110,55928,89615,55928,2018-MT-ordinary-general,2018-MT-ordinary-general,general,Class I,0,11/6/18,2018-11-06,2018-09-06,2018-09-16,LV,lv,lv,950,Benenson,false,,Source flags; not independent nonpartisan verification,https://states.aarp.org/wp-content/uploads/2018/09/AARP-Montana-Voter-Topline-Results-9-2018.pdf,2,"[{""candidate_id"": ""11140"", ""candidate_name"": ""Jon Tester"", ""party"": ""DEM"", ""answer"": ""Tester"", ""pct"": ""50.0""}, {""candidate_id"": ""11141"", ""candidate_name"": ""Matt Rosendale"", ""party"": ""REP"", ""answer"": ""Rosendale"", ""pct"": ""43.0""}]",false,selected,,Only eligible LV question for this poll/round,,50.0,43.0,0,"[""538-row:3674"", ""538-row:3675""]"
538:2018:96:54057:87203,538_archive,2018,AZ,96,54057,87203,54057,2018-AZ-ordinary-general,2018-AZ-ordinary-general,general,Class I,0,11/6/18,2018-11-06,2018-09-11,2018-09-15,LV,lv,lv,761,SSRS,false,,Source flags; not independent nonpartisan verification,https://www.cnn.com/2018/09/17/politics/cnn-polls-arizona-tennessee-senate/,2,"[{""candidate_id"": ""12409"", ""candidate_name"": ""Kyrsten Sinema"", ""party"": ""DEM"", ""answer"": ""Sinema"", ""pct"": ""50.0""}, {""candidate_id"": ""12410"", ""candidate_name"": ""Martha McSally"", ""party"": ""REP"", ""answer"": ""McSally"", ""pct"": ""43.0""}]",false,selected,,Only eligible LV question for this poll/round,,50.0,43.0,0,"[""538-row:3678"", ""538-row:3679""]"
538:2018:120:54058:87204,538_archive,2018,TN,120,54058,87204,54058,2018-TN-ordinary-general,2018-TN-ordinary-general,general,Class I,0,11/6/18,2018-11-06,2018-09-11,2018-09-15,LV,lv,lv,723,SSRS,false,,Source flags; not independent nonpartisan verification,https://www.cnn.com/2018/09/17/politics/cnn-polls-arizona-tennessee-senate/,2,"[{""candidate_id"": ""11382"", ""candidate_name"": ""Phil Bredesen"", ""party"": ""DEM"", ""answer"": ""Bredesen"", ""pct"": ""50.0""}, {""candidate_id"": ""11383"", ""candidate_name"": ""Marsha Blackburn"", ""party"": ""REP"", ""answer"": ""Blackburn"", ""pct"": ""45.0""}]",false,selected,,Only eligible LV question for this poll/round,,50.0,45.0,0,"[""538-row:3682"", ""538-row:3683""]"
538:2018:109:54048:87182,538_archive,2018,MO,109,54048,87182,54048,2018-MO-ordinary-general,2018-MO-ordinary-general,general,Class I,0,11/6/18,2018-11-06,2018-09-10,2018-09-14,LV,lv,lv,917,YouGov,false,,Source flags; not independent nonpartisan verification,https://d25d2506sfb94s.cloudfront.net/cumulus_uploads/document/e6xjamn6e9/cbs_20180916_MO_finalforrelease.pdf,2,"[{""candidate_id"": ""11410"", ""candidate_name"": ""Claire McCaskill"", ""party"": ""DEM"", ""answer"": ""McCaskill"", ""pct"": ""45.0""}, {""candidate_id"": ""11411"", ""candidate_name"": ""Josh Hawley"", ""party"": ""REP"", ""answer"": ""Hawley"", ""pct"": ""45.0""}]",false,selected,,Only eligible LV question for this poll/round,,45.0,45.0,0,"[""538-row:3688"", ""538-row:3689""]"
538:2018:110:54049:87183,538_archive,2018,MT,110,54049,87183,54049,2018-MT-ordinary-general,2018-MT-ordinary-general,general,Class I,0,11/6/18,2018-11-06,2018-09-10,2018-09-14,LV,lv,lv,453,YouGov,false,,Source flags; not independent nonpartisan verification,https://d25d2506sfb94s.cloudfront.net/cumulus_uploads/document/8loxdb6jae/cbs_20180916_MT_finalforrelease.pdf,2,"[{""candidate_id"": ""11140"", ""candidate_name"": ""Jon Tester"", ""party"": ""DEM"", ""answer"": ""Tester"", ""pct"": ""47.0""}, {""candidate_id"": ""11141"", ""candidate_name"": ""Matt Rosendale"", ""party"": ""REP"", ""answer"": ""Rosendale"", ""pct"": ""45.0""}]",false,selected,,Only eligible LV question for this poll/round,,47.0,45.0,0,"[""538-row:3690"", ""538-row:3691""]"
538:2018:106:54082:87280,538_archive,2018,MI,106,54082,87280,54082,2018-MI-ordinary-general,2018-MI-ordinary-general,general,Class I,0,11/6/18,2018-11-06,2018-09-10,2018-09-14,LV,lv,lv,800,Target Insyght,false,,Source flags; not independent nonpartisan verification,http://www.miningjournal.net/news/front-page-news/2018/09/veteran-journalist-talks-november-election-props,2,"[{""candidate_id"": ""11408"", ""candidate_name"": ""Debbie Stabenow"", ""party"": ""DEM"", ""answer"": ""Stabenow"", ""pct"": ""55.0""}, {""candidate_id"": ""11409"", ""candidate_name"": ""John James"", ""party"": ""REP"", ""answer"": ""James"", ""pct"": ""40.0""}]",false,selected,,Only eligible LV question for this poll/round,,55.0,40.0,0,"[""538-row:3692"", ""538-row:3693""]"
538:2018:121:54091:87435,538_archive,2018,TX,121,54091,87435,54091,2018-TX-ordinary-general,2018-TX-ordinary-general,general,Class I,0,11/6/18,2018-11-06,2018-09-06,2018-09-14,LV,lv,lv,992,Ipsos,false,,Source flags; not independent nonpartisan verification,https://www.ipsos.com/en-us/news-polls/election-data-CA-FL-TX-NV-AZ,2,"[{""candidate_id"": ""11125"", ""candidate_name"": ""Beto O'Rourke"", ""party"": ""DEM"", ""answer"": ""O'Rourke"", ""pct"": ""47.0""}, {""candidate_id"": ""11126"", ""candidate_name"": ""Ted Cruz"", ""party"": ""REP"", ""answer"": ""Cruz"", ""pct"": ""45.0""}]",false,selected,,Only eligible LV question for this poll/round,,47.0,45.0,0,"[""538-row:3694"", ""538-row:3695""]"
538:2018:96:54088:87432,538_archive,2018,AZ,96,54088,87432,54088,2018-AZ-ordinary-general,2018-AZ-ordinary-general,general,Class I,0,11/6/18,2018-11-06,2018-09-05,2018-09-14,LV,lv,lv,1016,Ipsos,false,,Source flags; not independent nonpartisan verification,https://www.ipsos.com/en-us/news-polls/election-data-CA-FL-TX-NV-AZ,2,"[{""candidate_id"": ""12409"", ""candidate_name"": ""Kyrsten Sinema"", ""party"": ""DEM"", ""answer"": ""Sinema"", ""pct"": ""46.9""}, {""candidate_id"": ""12410"", ""candidate_name"": ""Martha McSally"", ""party"": ""REP"", ""answer"": ""McSally"", ""pct"": ""44.3""}]",false,selected,,Only eligible LV question for this poll/round,,46.9,44.3,0,"[""538-row:3698"", ""538-row:3699""]"
538:2018:118:54104:87454,538_archive,2018,PA,118,54104,87454,54104,2018-PA-ordinary-general,2018-PA-ordinary-general,general,Class I,0,11/6/18,2018-11-06,2018-09-12,2018-09-13,LV,lv,lv,800,Rasmussen (Pulse Opinion Research),false,,Source flags; not independent nonpartisan verification,http://www.rasmussenreports.com/public_content/politics/elections/election_2018/pennsylvania/election_2018_pennsylvania_senate,2,"[{""candidate_id"": ""11138"", ""candidate_name"": ""Robert P. Casey Jr."", ""party"": ""DEM"", ""answer"": ""Casey"", ""pct"": ""52.0""}, {""candidate_id"": ""11139"", ""candidate_name"": ""Lou Barletta"", ""party"": ""REP"", ""answer"": ""Barletta"", ""pct"": ""38.0""}]",false,selected,,Only eligible LV question for this poll/round,,52.0,38.0,0,"[""538-row:3706"", ""538-row:3707""]"
538:2018:106:54146:87640,538_archive,2018,MI,106,54146,87640,54146,2018-MI-ordinary-general,2018-MI-ordinary-general,general,Class I,0,11/6/18,2018-11-06,2018-09-12,2018-09-13,LV,lv,lv,1009,Mitchell,false,,Source flags; not independent nonpartisan verification,https://www.realclearpolitics.com/docs/Mitchell_Research_MI_September_21_2018.pdf,2,"[{""candidate_id"": ""11408"", ""candidate_name"": ""Debbie Stabenow"", ""party"": ""DEM"", ""answer"": ""Stabenow"", ""pct"": ""54.0""}, {""candidate_id"": ""11409"", ""candidate_name"": ""John James"", ""party"": ""REP"", ""answer"": ""James"", ""pct"": ""41.0""}]",false,selected,,Only eligible LV question for this poll/round,,54.0,41.0,0,"[""538-row:3708"", ""538-row:3709""]"
538:2018:114:54047:87181,538_archive,2018,NM,114,54047,87181,54047,2018-NM-ordinary-general,2018-NM-ordinary-general,general,Class I,0,11/6/18,2018-11-06,2018-09-07,2018-09-13,LV,lv,lv,966,Research & Polling,false,,Source flags; not independent nonpartisan verification,https://www.abqjournal.com/1221446/heinrich-leads-in-threeway-senate-race.html,3,"[{""candidate_id"": ""11154"", ""candidate_name"": ""Martin Heinrich"", ""party"": ""DEM"", ""answer"": ""Heinrich"", ""pct"": ""47.0""}, {""candidate_id"": ""11155"", ""candidate_name"": ""Mick Rich"", ""party"": ""REP"", ""answer"": ""Rich"", ""pct"": ""26.0""}, {""candidate_id"": ""12389"", ""candidate_name"": ""Gary Johnson"", ""party"": ""LIB"", ""answer"": ""Johnson"", ""pct"": ""16.0""}]",true,selected,,Only eligible LV question for this poll/round,,47.0,26.0,16.0,"[""538-row:3714"", ""538-row:3715"", ""538-row:3716""]"
538:2018:107:54046:87184,538_archive,2018,MN,107,54046,87184,54046,2018-MN-ordinary-general,2018-MN-ordinary-general,general,Class I,0,11/6/18,2018-11-06,2018-09-10,2018-09-12,LV,lv,lv,800,Mason-Dixon,false,,Source flags; not independent nonpartisan verification,http://www.startribune.com/minnesota-poll-big-lead-for-amy-klobuchar-smaller-edge-for-tina-smith-in-u-s-senate-races/493424451/,4,"[{""candidate_id"": ""12373"", ""candidate_name"": ""Amy Klobuchar"", ""party"": ""DEM"", ""answer"": ""Klobuchar"", ""pct"": ""60.0""}, {""candidate_id"": ""12374"", ""candidate_name"": ""Jim Newberger"", ""party"": ""REP"", ""answer"": ""Newberger"", ""pct"": ""30.0""}, {""candidate_id"": ""12425"", ""candidate_name"": ""Dennis Schuller"", ""party"": ""IND"", ""answer"": ""Schuller"", ""pct"": ""3.0""}, {""candidate_id"": ""12424"", ""candidate_name"": ""Paula M. Overby"", ""party"": ""GRE"", ""answer"": ""Overby"", ""pct"": ""1.0""}]",true,selected,,Only eligible LV question for this poll/round,,60.0,30.0,4.0,"[""538-row:3721"", ""538-row:3722"", ""538-row:3723"", ""538-row:3724""]"
538:2018:129:54046:87185,538_archive,2018,MN,129,54046,87185,54046,2018-MN-special-general,2018-MN-special-general,general,Class II,2,11/6/18,2018-11-06,2018-09-10,2018-09-12,LV,lv,lv,800,Mason-Dixon,false,,Source flags; not independent nonpartisan verification,http://www.startribune.com/minnesota-poll-big-lead-for-amy-klobuchar-smaller-edge-for-tina-smith-in-u-s-senate-races/493424451/,4,"[{""candidate_id"": ""12376"", ""candidate_name"": ""Tina Smith"", ""party"": ""DEM"", ""answer"": ""Smith"", ""pct"": ""44.0""}, {""candidate_id"": ""12375"", ""candidate_name"": ""Karin Housley"", ""party"": ""REP"", ""answer"": ""Housley"", ""pct"": ""37.0""}, {""candidate_id"": ""12427"", ""candidate_name"": ""Jerry Trooien"", ""party"": ""IND"", ""answer"": ""Trooien"", ""pct"": ""2.0""}, {""candidate_id"": ""12426"", ""candidate_name"": ""Sarah Wellington"", ""party"": ""IND"", ""answer"": ""Wellington"", ""pct"": ""2.0""}]",true,selected,,Only eligible LV question for this poll/round,,44.0,37.0,4.0,"[""538-row:3725"", ""538-row:3726"", ""538-row:3727"", ""538-row:3728""]"
538:2018:120:54093:87437,538_archive,2018,TN,120,54093,87437,54093,2018-TN-ordinary-general,2018-TN-ordinary-general,general,Class I,0,11/6/18,2018-11-06,2018-09-10,2018-09-12,LV,lv,lv,1038,Triton Polling & Research,false,,Source flags; not independent nonpartisan verification,http://tennesseestar.com/wp-content/uploads/2018/09/180913-Triton-TN-Star-Tennessee-Statewide-Survey-Topline-Results-1.pdf,2,"[{""candidate_id"": ""11382"", ""candidate_name"": ""Phil Bredesen"", ""party"": ""DEM"", ""answer"": ""Bredesen"", ""pct"": ""45.0""}, {""candidate_id"": ""11383"", ""candidate_name"": ""Marsha Blackburn"", ""party"": ""REP"", ""answer"": ""Blackburn"", ""pct"": ""48.3""}]",false,selected,,Only eligible LV question for this poll/round,,45.0,48.3,0,"[""538-row:3729"", ""538-row:3730""]"
538:2018:100:54089:87433,538_archive,2018,FL,100,54089,87433,54089,2018-FL-ordinary-general,2018-FL-ordinary-general,general,Class I,0,11/6/18,2018-11-06,2018-09-05,2018-09-12,LV,lv,lv,1000,Ipsos,false,,Source flags; not independent nonpartisan verification,https://www.ipsos.com/en-us/news-polls/election-data-CA-FL-TX-NV-AZ,2,"[{""candidate_id"": ""12413"", ""candidate_name"": ""Bill Nelson"", ""party"": ""DEM"", ""answer"": ""Nelson"", ""pct"": ""44.6""}, {""candidate_id"": ""12414"", ""candidate_name"": ""Rick Scott"", ""party"": ""REP"", ""answer"": ""Scott"", ""pct"": ""46.0""}]",true,selected,,Only eligible LV question for this poll/round,,44.6,46.0,0,"[""538-row:3731"", ""538-row:3732""]"
538:2018:100:53991:86899,538_archive,2018,FL,100,53991,86899,53991,2018-FL-ordinary-general,2018-FL-ordinary-general,general,Class I,0,11/6/18,2018-11-06,2018-09-10,2018-09-11,LV,lv,lv,800,Rasmussen (Pulse Opinion Research),false,,Source flags; not independent nonpartisan verification,http://www.rasmussenreports.com/public_content/politics/elections/election_2018/florida/election_2018_florida_senate,2,"[{""candidate_id"": ""12413"", ""candidate_name"": ""Bill Nelson"", ""party"": ""DEM"", ""answer"": ""Nelson"", ""pct"": ""45.0""}, {""candidate_id"": ""12414"", ""candidate_name"": ""Rick Scott"", ""party"": ""REP"", ""answer"": ""Scott"", ""pct"": ""44.0""}]",true,selected,,Only eligible LV question for this poll/round,,45.0,44.0,0,"[""538-row:3735"", ""538-row:3736""]"
538:2018:96:53975:86866,538_archive,2018,AZ,96,53975,86866,53975,2018-AZ-ordinary-general,2018-AZ-ordinary-general,general,Class I,0,11/6/18,2018-11-06,2018-09-08,2018-09-11,LV,lv,lv,710,Beacon Research/Shaw & Company,false,,Source flags; not independent nonpartisan verification,http://www.foxnews.com/politics/2018/09/12/fox-news-poll-women-gop-crossovers-help-democrat-in-arizona-senate-race.html,2,"[{""candidate_id"": ""12409"", ""candidate_name"": ""Kyrsten Sinema"", ""party"": ""DEM"", ""answer"": ""Sinema"", ""pct"": ""47.0""}, {""candidate_id"": ""12410"", ""candidate_name"": ""Martha McSally"", ""party"": ""REP"", ""answer"": ""McSally"", ""pct"": ""44.0""}]",false,selected,,Only eligible LV question for this poll/round,,47.0,44.0,0,"[""538-row:3737"", ""538-row:3738""]"
538:2018:120:53976:86868,538_archive,2018,TN,120,53976,86868,53976,2018-TN-ordinary-general,2018-TN-ordinary-general,general,Class I,0,11/6/18,2018-11-06,2018-09-08,2018-09-11,LV,lv,lv,686,Beacon Research/Shaw & Company,false,,Source flags; not independent nonpartisan verification,http://www.foxnews.com/politics/2018/09/12/fox-news-poll-blackburn-up-by-three-points-in-tennessee-senate-race.html,2,"[{""candidate_id"": ""11382"", ""candidate_name"": ""Phil Bredesen"", ""party"": ""DEM"", ""answer"": ""Bredesen"", ""pct"": ""44.0""}, {""candidate_id"": ""11383"", ""candidate_name"": ""Marsha Blackburn"", ""party"": ""REP"", ""answer"": ""Blackburn"", ""pct"": ""47.0""}]",false,selected,,Only eligible LV question for this poll/round,,44.0,47.0,0,"[""538-row:3741"", ""538-row:3742""]"
538:2018:116:53977:86870,538_archive,2018,ND,116,53977,86870,53977,2018-ND-ordinary-general,2018-ND-ordinary-general,general,Class I,0,11/6/18,2018-11-06,2018-09-08,2018-09-11,LV,lv,lv,701,Beacon Research/Shaw & Company,false,,Source flags; not independent nonpartisan verification,http://www.foxnews.com/politics/2018/09/12/fox-news-poll-republican-challenger-ahead-in-north-dakota-senate-race.html,2,"[{""candidate_id"": ""11148"", ""candidate_name"": ""Heidi Heitkamp"", ""party"": ""DEM"", ""answer"": ""Heitkamp"", ""pct"": ""44.0""}, {""candidate_id"": ""11149"", ""candidate_name"": ""Kevin Cramer"", ""party"": ""REP"", ""answer"": ""Cramer"", ""pct"": ""48.0""}]",true,selected,,Only eligible LV question for this poll/round,,44.0,48.0,0,"[""538-row:3745"", ""538-row:3746""]"
538:2018:102:53978:86872,538_archive,2018,IN,102,53978,86872,53978,2018-IN-ordinary-general,2018-IN-ordinary-general,general,Class I,0,11/6/18,2018-11-06,2018-09-08,2018-09-11,LV,lv,lv,677,Beacon Research/Shaw & Company,false,,Source flags; not independent nonpartisan verification,http://www.foxnews.com/politics/2018/09/12/fox-news-poll-republican-ahead-incumbent-democrat-in-indiana-senate-race.html,3,"[{""candidate_id"": ""11128"", ""candidate_name"": ""Joe Donnelly"", ""party"": ""DEM"", ""answer"": ""Donnelly"", ""pct"": ""43.0""}, {""candidate_id"": ""11129"", ""candidate_name"": ""Mike Braun"", ""party"": ""REP"", ""answer"": ""Braun"", ""pct"": ""45.0""}, {""candidate_id"": ""12458"", ""candidate_name"": ""Lucy M. Brenton"", ""party"": ""LIB"", ""answer"": ""Brenton"", ""pct"": ""3.0""}]",true,selected,,Only eligible LV question for this poll/round,,43.0,45.0,3.0,"[""538-row:3749"", ""538-row:3750"", ""538-row:3751""]"
538:2018:109:53979:86877,538_archive,2018,MO,109,53979,86877,53979,2018-MO-ordinary-general,2018-MO-ordinary-general,general,Class I,0,11/6/18,2018-11-06,2018-09-08,2018-09-11,LV,lv,lv,675,Beacon Research/Shaw & Company,false,,Source flags; not independent nonpartisan verification,http://www.foxnews.com/politics/2018/09/12/fox-news-poll-mccaskill-up-in-missouri-senate-race-by-whisker.html,5,"[{""candidate_id"": ""11410"", ""candidate_name"": ""Claire McCaskill"", ""party"": ""DEM"", ""answer"": ""McCaskill"", ""pct"": ""44.0""}, {""candidate_id"": ""11411"", ""candidate_name"": ""Josh Hawley"", ""party"": ""REP"", ""answer"": ""Hawley"", ""pct"": ""41.0""}, {""candidate_id"": ""12456"", ""candidate_name"": ""Jo Crain"", ""party"": ""GRE"", ""answer"": ""Crain"", ""pct"": ""1.0""}, {""candidate_id"": ""12455"", ""candidate_name"": ""Japheth R. Campbell"", ""party"": ""LIB"", ""answer"": ""Campbell"", ""pct"": ""1.0""}, {""candidate_id"": ""12519"", ""candidate_name"": ""Craig S. O'Dear"", ""party"": ""IND"", ""answer"": ""O'Dear"", ""pct"": ""3.0""}]",true,selected,,Unique full-ballot LV question (Decision 013),,44.0,41.0,5.0,"[""538-row:3759"", ""538-row:3760"", ""538-row:3761"", ""538-row:3762"", ""538-row:3763""]"
538:2018:106:53933:86748,538_archive,2018,MI,106,53933,86748,53933,2018-MI-ordinary-general,2018-MI-ordinary-general,general,Class I,0,11/6/18,2018-11-06,2018-09-08,2018-09-09,LV,lv,lv,1000,Strategic National,false,,Source flags; not independent nonpartisan verification,http://strategicnational.com/michigan-statewide-general-election-poll-2/,2,"[{""candidate_id"": ""11408"", ""candidate_name"": ""Debbie Stabenow"", ""party"": ""DEM"", ""answer"": ""Stabenow"", ""pct"": ""53.0""}, {""candidate_id"": ""11409"", ""candidate_name"": ""John James"", ""party"": ""REP"", ""answer"": ""James"", ""pct"": ""35.0""}]",false,selected,,Only eligible LV question for this poll/round,,53.0,35.0,0,"[""538-row:3776"", ""538-row:3777""]"
538:2018:100:53966:86850,538_archive,2018,FL,100,53966,86850,53966,2018-FL-ordinary-general,2018-FL-ordinary-general,general,Class I,0,11/6/18,2018-11-06,2018-09-07,2018-09-09,LV,lv,lv,634,SurveyUSA,false,,Source flags; not independent nonpartisan verification,http://www.mynews13.com/fl/orlando/news/2018/09/12/decision-2018--undecided-voters-will-be-key-in-senate-race,2,"[{""candidate_id"": ""12413"", ""candidate_name"": ""Bill Nelson"", ""party"": ""DEM"", ""answer"": ""Nelson"", ""pct"": ""44.0""}, {""candidate_id"": ""12414"", ""candidate_name"": ""Rick Scott"", ""party"": ""REP"", ""answer"": ""Scott"", ""pct"": ""46.0""}]",true,selected,,Only eligible LV question for this poll/round,,44.0,46.0,0,"[""538-row:3778"", ""538-row:3779""]"
538:2018:121:53956:86823,538_archive,2018,TX,121,53956,86823,53956,2018-TX-ordinary-general,2018-TX-ordinary-general,general,Class I,0,11/6/18,2018-11-06,2018-09-06,2018-09-09,LV,lv,lv,800,Crosswind Media & Public Relations,false,,Source flags; not independent nonpartisan verification,https://crosswindpr.com/texas-poll-shows-beto-orourke-gaining-ground-as-ted-cruz-hangs-on-to-a-slim-3-lead/,2,"[{""candidate_id"": ""11125"", ""candidate_name"": ""Beto O'Rourke"", ""party"": ""DEM"", ""answer"": ""O'Rourke"", ""pct"": ""44.0""}, {""candidate_id"": ""11126"", ""candidate_name"": ""Ted Cruz"", ""party"": ""REP"", ""answer"": ""Cruz"", ""pct"": ""47.0""}]",false,selected,,Only eligible LV question for this poll/round,,44.0,47.0,0,"[""538-row:3780"", ""538-row:3781""]"
538:2018:124:54070:87225,538_archive,2018,VA,124,54070,87225,54070,2018-VA-ordinary-general,2018-VA-ordinary-general,general,Class I,0,11/6/18,2018-11-06,2018-09-04,2018-09-09,LV,lv,lv,512,SSRS,false,,Source flags; not independent nonpartisan verification,https://www.umw.edu/news/2018/09/18/kaine-leads-in-umw-statewide-survey/,3,"[{""candidate_id"": ""11146"", ""candidate_name"": ""Tim Kaine"", ""party"": ""DEM"", ""answer"": ""Kaine"", ""pct"": ""52.0""}, {""candidate_id"": ""11147"", ""candidate_name"": ""Corey Stewart"", ""party"": ""REP"", ""answer"": ""Stewart"", ""pct"": ""36.0""}, {""candidate_id"": ""11392"", ""candidate_name"": ""Matt J. Waters"", ""party"": ""LIB"", ""answer"": ""Waters"", ""pct"": ""5.0""}]",true,selected,,Only eligible LV question for this poll/round,,52.0,36.0,5.0,"[""538-row:3785"", ""538-row:3786"", ""538-row:3787""]"
538:2018:107:53984:86887,538_archive,2018,MN,107,53984,86887,53984,2018-MN-ordinary-general,2018-MN-ordinary-general,general,Class I,0,11/6/18,2018-11-06,2018-09-06,2018-09-08,LV,lv,lv,574,SurveyUSA,false,,Source flags; not independent nonpartisan verification,http://www.surveyusa.com/client/PollReport.aspx?g=e64b8af8-387b-4f2c-adae-f986be751d01,2,"[{""candidate_id"": ""12373"", ""candidate_name"": ""Amy Klobuchar"", ""party"": ""DEM"", ""answer"": ""Klobuchar"", ""pct"": ""53.0""}, {""candidate_id"": ""12374"", ""candidate_name"": ""Jim Newberger"", ""party"": ""REP"", ""answer"": ""Newberger"", ""pct"": ""38.0""}]",false,selected,,Only eligible LV question for this poll/round,,53.0,38.0,0,"[""538-row:3790"", ""538-row:3791""]"
538:2018:129:53984:86888,538_archive,2018,MN,129,53984,86888,53984,2018-MN-special-general,2018-MN-special-general,general,Class II,2,11/6/18,2018-11-06,2018-09-06,2018-09-08,LV,lv,lv,574,SurveyUSA,false,,Source flags; not independent nonpartisan verification,http://www.surveyusa.com/client/PollReport.aspx?g=e64b8af8-387b-4f2c-adae-f986be751d01,2,"[{""candidate_id"": ""12376"", ""candidate_name"": ""Tina Smith"", ""party"": ""DEM"", ""answer"": ""Smith"", ""pct"": ""48.0""}, {""candidate_id"": ""12375"", ""candidate_name"": ""Karin Housley"", ""party"": ""REP"", ""answer"": ""Housley"", ""pct"": ""39.0""}]",false,selected,,Only eligible LV question for this poll/round,,48.0,39.0,0,"[""538-row:3792"", ""538-row:3793""]"
538:2018:121:53971:86858,538_archive,2018,TX,121,53971,86858,53971,2018-TX-ordinary-general,2018-TX-ordinary-general,general,Class I,0,11/6/18,2018-11-06,2018-09-06,2018-09-07,LV,lv,lv,519,Dixie Strategies,false,,Source flags; not independent nonpartisan verification,https://dfw.cbslocal.com/2018/09/12/cruz-clings-to-small-lead-in-texas/,3,"[{""candidate_id"": ""11125"", ""candidate_name"": ""Beto O'Rourke"", ""party"": ""DEM"", ""answer"": ""O'Rourke"", ""pct"": ""41.74""}, {""candidate_id"": ""11126"", ""candidate_name"": ""Ted Cruz"", ""party"": ""REP"", ""answer"": ""Cruz"", ""pct"": ""45.87""}, {""candidate_id"": ""11247"", ""candidate_name"": ""Neal M. Dikeman"", ""party"": ""LIB"", ""answer"": ""Dikeman"", ""pct"": ""1.28""}]",true,selected,,Only eligible LV question for this poll/round,,41.74,45.87,1.28,"[""538-row:3794"", ""538-row:3795"", ""538-row:3796""]"
538:2018:96:53912:86714,538_archive,2018,AZ,96,53912,86714,53912,2018-AZ-ordinary-general,2018-AZ-ordinary-general,general,Class I,0,11/6/18,2018-11-06,2018-09-05,2018-09-07,LV,lv,lv,882,Gravis Marketing,false,,Source flags; not independent nonpartisan verification,http://orlando-politics.com/wp-content/uploads/2018/09/Arizona-September-7-2018.pdf,2,"[{""candidate_id"": ""12409"", ""candidate_name"": ""Kyrsten Sinema"", ""party"": ""DEM"", ""answer"": ""Sinema"", ""pct"": ""48.0""}, {""candidate_id"": ""12410"", ""candidate_name"": ""Martha McSally"", ""party"": ""REP"", ""answer"": ""McSally"", ""pct"": ""49.0""}]",false,selected,,Only eligible LV question for this poll/round,,48.0,49.0,0,"[""538-row:3797"", ""538-row:3798""]"
538:2018:106:53938:86759,538_archive,2018,MI,106,53938,86759,53938,2018-MI-ordinary-general,2018-MI-ordinary-general,general,Class I,0,11/6/18,2018-11-06,2018-09-05,2018-09-07,LV,lv,lv,600,Glengariff Group Inc.,false,,Source flags; not independent nonpartisan verification,https://www.detroitnews.com/story/news/local/michigan/2018/09/11/poll-michigan-senate-stabenow-james-september/1259498002/,2,"[{""candidate_id"": ""11408"", ""candidate_name"": ""Debbie Stabenow"", ""party"": ""DEM"", ""answer"": ""Stabenow"", ""pct"": ""55.5""}, {""candidate_id"": ""11409"", ""candidate_name"": ""John James"", ""party"": ""REP"", ""answer"": ""James"", ""pct"": ""32.6""}]",false,selected,,Only eligible LV question for this poll/round,,55.5,32.6,0,"[""538-row:3799"", ""538-row:3800""]"
538:2018:96:53960:86831,538_archive,2018,AZ,96,53960,86831,53960,2018-AZ-ordinary-general,2018-AZ-ordinary-general,general,Class I,0,11/6/18,2018-11-06,2018-09-05,2018-09-06,LV,lv,lv,597,OH Predictive Insights / MBQF,false,,Source flags; not independent nonpartisan verification,https://www.politico.com/f/?id=00000165-cb77-db94-ab7f-cfffd5eb0000,2,"[{""candidate_id"": ""12409"", ""candidate_name"": ""Kyrsten Sinema"", ""party"": ""DEM"", ""answer"": ""Sinema"", ""pct"": ""45.5""}, {""candidate_id"": ""12410"", ""candidate_name"": ""Martha McSally"", ""party"": ""REP"", ""answer"": ""McSally"", ""pct"": ""48.6""}]",false,selected,,Only eligible LV question for this poll/round,,45.5,48.6,0,"[""538-row:3801"", ""538-row:3802""]"
538:2018:100:53846:86621,538_archive,2018,FL,100,53846,86621,53846,2018-FL-ordinary-general,2018-FL-ordinary-general,general,Class I,0,11/6/18,2018-11-06,2018-08-30,2018-09-03,LV,lv,lv,785,Quinnipiac,false,,Source flags; not independent nonpartisan verification,https://poll.qu.edu/poll-release-legacy?releaseid=2566,2,"[{""candidate_id"": ""12413"", ""candidate_name"": ""Bill Nelson"", ""party"": ""DEM"", ""answer"": ""Nelson"", ""pct"": ""49.0""}, {""candidate_id"": ""12414"", ""candidate_name"": ""Rick Scott"", ""party"": ""REP"", ""answer"": ""Scott"", ""pct"": ""49.0""}]",true,selected,,Only eligible LV question for this poll/round,,49.0,49.0,0,"[""538-row:3808"", ""538-row:3809""]"
538:2018:122:53869:86631,538_archive,2018,UT,122,53869,86631,53869,2018-UT-ordinary-general,2018-UT-ordinary-general,general,Class I,0,11/6/18,2018-11-06,2018-08-22,2018-08-31,LV,lv,lv,809,Dan Jones,false,,Source flags; not independent nonpartisan verification,https://utahpolicy.com/index.php/features/today-at-utah-policy/17680-republican-mitt-romney-has-a-26-point-lead-over-democrat-jenny-wilson-in-u-s-senate-race,5,"[{""candidate_id"": ""11224"", ""candidate_name"": ""Jenny Wilson"", ""party"": ""DEM"", ""answer"": ""Wilson"", ""pct"": ""29.0""}, {""candidate_id"": ""11225"", ""candidate_name"": ""Mitt Romney"", ""party"": ""REP"", ""answer"": ""Romney"", ""pct"": ""55.0""}, {""candidate_id"": ""12459"", ""candidate_name"": ""Reed C. McCandless"", ""party"": ""IAP"", ""answer"": ""McCandless"", ""pct"": ""2.0""}, {""candidate_id"": ""12460"", ""candidate_name"": ""Craig R. Bowden"", ""party"": ""LIB"", ""answer"": ""Bowden"", ""pct"": ""2.0""}, {""candidate_id"": ""12461"", ""candidate_name"": ""Timothy Noel Aalders"", ""party"": ""CON"", ""answer"": ""Aalders"", ""pct"": ""4.0""}]",true,selected,,Only eligible LV question for this poll/round,,29.0,55.0,8.0,"[""538-row:3812"", ""538-row:3813"", ""538-row:3814"", ""538-row:3815"", ""538-row:3816""]"
538:2018:110:56088:89952,538_archive,2018,MT,110,56088,89952,56088,2018-MT-ordinary-general,2018-MT-ordinary-general,general,Class I,0,11/6/18,2018-11-06,2018-08-13,2018-08-31,LV,lv,lv,466,University of Montana,false,,Source flags; not independent nonpartisan verification,http://www.umt.edu/bigskypoll/Methodology/UMBigSkyPoll-FinalFullResults2018.pdf,3,"[{""candidate_id"": ""11140"", ""candidate_name"": ""Jon Tester"", ""party"": ""DEM"", ""answer"": ""Tester"", ""pct"": ""56.0""}, {""candidate_id"": ""11141"", ""candidate_name"": ""Matt Rosendale"", ""party"": ""REP"", ""answer"": ""Rosendale"", ""pct"": ""32.0""}, {""candidate_id"": ""13183"", ""candidate_name"": ""Rick Breckenridge"", ""party"": ""LIB"", ""answer"": ""Breckenridge"", ""pct"": ""2.0""}]",true,selected,,Only eligible LV question for this poll/round,,56.0,32.0,2.0,"[""538-row:3817"", ""538-row:3818"", ""538-row:3819""]"
538:2018:100:53843:86559,538_archive,2018,FL,100,53843,86559,53843,2018-FL-ordinary-general,2018-FL-ordinary-general,general,Class I,0,11/6/18,2018-11-06,2018-08-29,2018-08-30,LV,lv,lv,1755,St. Pete Polls,false,,Source flags; not independent nonpartisan verification,http://stpetepolls.org/files/StPetePolls_2018_State_GEN_Senate_August30_NJ66.pdf,2,"[{""candidate_id"": ""12413"", ""candidate_name"": ""Bill Nelson"", ""party"": ""DEM"", ""answer"": ""Nelson"", ""pct"": ""47.4""}, {""candidate_id"": ""12414"", ""candidate_name"": ""Rick Scott"", ""party"": ""REP"", ""answer"": ""Scott"", ""pct"": ""47.3""}]",true,selected,,Only eligible LV question for this poll/round,,47.4,47.3,0,"[""538-row:3822"", ""538-row:3823""]"
538:2018:102:53866:86626,538_archive,2018,IN,102,53866,86626,53866,2018-IN-ordinary-general,2018-IN-ordinary-general,general,Class I,0,11/6/18,2018-11-06,2018-08-26,2018-08-29,LV,lv,lv,576,Marist,false,,Source flags; not independent nonpartisan verification,http://media1.s-nbcnews.com/i/today/z_creative/NBCNews_MaristPollIndianaAnnotatedQuestionnaire_September2018_1808311755.pdf,3,"[{""candidate_id"": ""11128"", ""candidate_name"": ""Joe Donnelly"", ""party"": ""DEM"", ""answer"": ""Donnelly"", ""pct"": ""44.0""}, {""candidate_id"": ""11129"", ""candidate_name"": ""Mike Braun"", ""party"": ""REP"", ""answer"": ""Braun"", ""pct"": ""41.0""}, {""candidate_id"": ""12458"", ""candidate_name"": ""Lucy M. Brenton"", ""party"": ""LIB"", ""answer"": ""Brenton"", ""pct"": ""8.0""}]",true,selected,,Unique full-ballot LV question (Decision 013),,44.0,41.0,8.0,"[""538-row:3834"", ""538-row:3835"", ""538-row:3836""]"
538:2018:120:53876:86644,538_archive,2018,TN,120,53876,86644,53876,2018-TN-ordinary-general,2018-TN-ordinary-general,general,Class I,0,11/6/18,2018-11-06,2018-08-25,2018-08-28,LV,lv,lv,538,Marist,false,,Source flags; not independent nonpartisan verification,http://media1.s-nbcnews.com/i/today/z_creative/NBCNews_MaristPoll_TennesseeAnnotatedQuestionnaire_September2018_1808311750.pdf,2,"[{""candidate_id"": ""11382"", ""candidate_name"": ""Phil Bredesen"", ""party"": ""DEM"", ""answer"": ""Bredesen"", ""pct"": ""48.0""}, {""candidate_id"": ""11383"", ""candidate_name"": ""Marsha Blackburn"", ""party"": ""REP"", ""answer"": ""Blackburn"", ""pct"": ""46.0""}]",false,selected,,Only eligible LV question for this poll/round,,48.0,46.0,0,"[""538-row:3855"", ""538-row:3856""]"
538:2018:98:53804:86491,538_archive,2018,CT,98,53804,86491,53804,2018-CT-ordinary-general,2018-CT-ordinary-general,general,Class I,0,11/6/18,2018-11-06,2018-08-24,2018-08-27,LV,lv,lv,606,Gravis Marketing,false,,Source flags; not independent nonpartisan verification,https://www.realclearpolitics.com/docs/Connecticut_(August_28_2018).pdf,2,"[{""candidate_id"": ""12436"", ""candidate_name"": ""Christopher Murphy"", ""party"": ""DEM"", ""answer"": ""Murphy"", ""pct"": ""54.0""}, {""candidate_id"": ""12437"", ""candidate_name"": ""Matthew Corey"", ""party"": ""REP"", ""answer"": ""Corey"", ""pct"": ""37.0""}]",false,selected,,Only eligible LV question for this poll/round,,54.0,37.0,0,"[""538-row:3857"", ""538-row:3858""]"
538:2018:118:53810:86755,538_archive,2018,PA,118,53810,86755,53810,2018-PA-ordinary-general,2018-PA-ordinary-general,general,Class I,0,11/6/18,2018-11-06,2018-08-20,2018-08-26,LV,lv,lv,222,Franklin and Marshall College,false,,Source flags; not independent nonpartisan verification,https://www.fandm.edu/uploads/files/542437385203702944-f-m-poll-release-august-2018.pdf,4,"[{""candidate_id"": ""11138"", ""candidate_name"": ""Robert P. Casey Jr."", ""party"": ""DEM"", ""answer"": ""Casey"", ""pct"": ""47.0""}, {""candidate_id"": ""11139"", ""candidate_name"": ""Lou Barletta"", ""party"": ""REP"", ""answer"": ""Barletta"", ""pct"": ""34.0""}, {""candidate_id"": ""12449"", ""candidate_name"": ""Neal Taylor Gale"", ""party"": ""GRE"", ""answer"": ""Gale"", ""pct"": ""1.0""}, {""candidate_id"": ""12448"", ""candidate_name"": ""Dale R. Kerns"", ""party"": ""LIB"", ""answer"": ""Kerns"", ""pct"": ""1.0""}]",true,selected,,Only eligible LV question for this poll/round,,47.0,34.0,2.0,"[""538-row:3870"", ""538-row:3871"", ""538-row:3872"", ""538-row:3873""]"
538:2018:124:53870:86632,538_archive,2018,VA,124,53870,86632,53870,2018-VA-ordinary-general,2018-VA-ordinary-general,general,Class I,0,11/6/18,2018-11-06,2018-08-22,2018-08-24,LV,lv,lv,1119,Cygnal Political,false,,Source flags; not independent nonpartisan verification,https://mailchi.mp/d742aca54d43/poolhouse-and-cygnal-release-virginia-statewide-poll?e=06a69c7d62,2,"[{""candidate_id"": ""11146"", ""candidate_name"": ""Tim Kaine"", ""party"": ""DEM"", ""answer"": ""Kaine"", ""pct"": ""50.2""}, {""candidate_id"": ""11147"", ""candidate_name"": ""Corey Stewart"", ""party"": ""REP"", ""answer"": ""Stewart"", ""pct"": ""45.7""}]",false,selected,,Only eligible LV question for this poll/round,,50.2,45.7,0,"[""538-row:3878"", ""538-row:3879""]"
538:2018:127:53791:86435,538_archive,2018,WI,127,53791,86435,53791,2018-WI-ordinary-general,2018-WI-ordinary-general,general,Class I,0,11/6/18,2018-11-06,2018-08-18,2018-08-24,LV,lv,lv,500,Suffolk,false,,Source flags; not independent nonpartisan verification,https://www.suffolk.edu/academics/10740.php,2,"[{""candidate_id"": ""12400"", ""candidate_name"": ""Tammy Baldwin"", ""party"": ""DEM"", ""answer"": ""Baldwin"", ""pct"": ""49.8""}, {""candidate_id"": ""12401"", ""candidate_name"": ""Leah Vukmir"", ""party"": ""REP"", ""answer"": ""Vukmir"", ""pct"": ""42.2""}]",true,selected,,Only eligible LV question for this poll/round,,49.8,42.2,0,"[""538-row:3880"", ""538-row:3881""]"
538:2018:107:53731:86230,538_archive,2018,MN,107,53731,86230,53731,2018-MN-ordinary-general,2018-MN-ordinary-general,general,Class I,0,11/6/18,2018-11-06,2018-08-17,2018-08-20,LV,lv,lv,500,Suffolk,false,,Source flags; not independent nonpartisan verification,https://www.suffolk.edu/documents/SUPRC/8_22_2018_marginals.pdf,4,"[{""candidate_id"": ""12373"", ""candidate_name"": ""Amy Klobuchar"", ""party"": ""DEM"", ""answer"": ""Klobuchar"", ""pct"": ""53.6""}, {""candidate_id"": ""12374"", ""candidate_name"": ""Jim Newberger"", ""party"": ""REP"", ""answer"": ""Newberger"", ""pct"": ""33.6""}, {""candidate_id"": ""12424"", ""candidate_name"": ""Paula M. Overby"", ""party"": ""GRE"", ""answer"": ""Overby"", ""pct"": ""0.8""}, {""candidate_id"": ""12425"", ""candidate_name"": ""Dennis Schuller"", ""party"": ""IND"", ""answer"": ""Schuller"", ""pct"": ""0.8""}]",true,selected,,Only eligible LV question for this poll/round,,53.6,33.6,1.6,"[""538-row:3888"", ""538-row:3889"", ""538-row:3890"", ""538-row:3891""]"
538:2018:129:53731:86231,538_archive,2018,MN,129,53731,86231,53731,2018-MN-special-general,2018-MN-special-general,general,Class II,2,11/6/18,2018-11-06,2018-08-17,2018-08-20,LV,lv,lv,500,Suffolk,false,,Source flags; not independent nonpartisan verification,https://www.suffolk.edu/documents/SUPRC/8_22_2018_marginals.pdf,4,"[{""candidate_id"": ""12376"", ""candidate_name"": ""Tina Smith"", ""party"": ""DEM"", ""answer"": ""Smith"", ""pct"": ""43.8""}, {""candidate_id"": ""12375"", ""candidate_name"": ""Karin Housley"", ""party"": ""REP"", ""answer"": ""Housley"", ""pct"": ""36.6""}, {""candidate_id"": ""12426"", ""candidate_name"": ""Sarah Wellington"", ""party"": ""IND"", ""answer"": ""Wellington"", ""pct"": ""1.6""}, {""candidate_id"": ""12427"", ""candidate_name"": ""Jerry Trooien"", ""party"": ""IND"", ""answer"": ""Trooien"", ""pct"": ""0.2""}]",true,selected,,Only eligible LV question for this poll/round,,43.8,36.6,1.8,"[""538-row:3892"", ""538-row:3893"", ""538-row:3894"", ""538-row:3895""]"
538:2018:127:53730:86229,538_archive,2018,WI,127,53730,86229,53730,2018-WI-ordinary-general,2018-WI-ordinary-general,general,Class I,0,11/6/18,2018-11-06,2018-08-15,2018-08-19,LV,lv,lv,601,Marquette Law School,false,,Source flags; not independent nonpartisan verification,https://law.marquette.edu/poll/2018/08/22/mlsp47release/,2,"[{""candidate_id"": ""12400"", ""candidate_name"": ""Tammy Baldwin"", ""party"": ""DEM"", ""answer"": ""Baldwin"", ""pct"": ""49.0""}, {""candidate_id"": ""12401"", ""candidate_name"": ""Leah Vukmir"", ""party"": ""REP"", ""answer"": ""Vukmir"", ""pct"": ""47.0""}]",true,selected,,Only eligible LV question for this poll/round,,49.0,47.0,0,"[""538-row:3902"", ""538-row:3903""]"
538:2018:124:53764:86313,538_archive,2018,VA,124,53764,86313,53764,2018-VA-ordinary-general,2018-VA-ordinary-general,general,Class I,0,11/6/18,2018-11-06,2018-08-12,2018-08-19,LV,lv,lv,512,Roanoke College,false,,Source flags; not independent nonpartisan verification,https://www.roanoke.edu/about/news/rc_poll_news_politics_aug_2018,3,"[{""candidate_id"": ""11146"", ""candidate_name"": ""Tim Kaine"", ""party"": ""DEM"", ""answer"": ""Kaine"", ""pct"": ""51.0""}, {""candidate_id"": ""11147"", ""candidate_name"": ""Corey Stewart"", ""party"": ""REP"", ""answer"": ""Stewart"", ""pct"": ""34.0""}, {""candidate_id"": ""11392"", ""candidate_name"": ""Matt J. Waters"", ""party"": ""LIB"", ""answer"": ""Waters"", ""pct"": ""4.0""}]",true,selected,,Only eligible LV question for this poll/round,,51.0,34.0,4.0,"[""538-row:3904"", ""538-row:3905"", ""538-row:3906""]"
538:2018:106:53668:86130,538_archive,2018,MI,106,53668,86130,53668,2018-MI-ordinary-general,2018-MI-ordinary-general,general,Class I,0,11/6/18,2018-11-06,2018-08-14,2018-08-16,LV,lv,lv,647,Gravis Marketing,false,,Source flags; not independent nonpartisan verification,https://www.realclearpolitics.com/docs/Michigan_(August_16_2018).pdf,2,"[{""candidate_id"": ""11408"", ""candidate_name"": ""Debbie Stabenow"", ""party"": ""DEM"", ""answer"": ""Stabenow"", ""pct"": ""51.0""}, {""candidate_id"": ""11409"", ""candidate_name"": ""John James"", ""party"": ""REP"", ""answer"": ""James"", ""pct"": ""35.0""}]",false,selected,,Only eligible LV question for this poll/round,,51.0,35.0,0,"[""538-row:3910"", ""538-row:3911""]"
538:2018:106:53659:86116,538_archive,2018,MI,106,53659,86116,53659,2018-MI-ordinary-general,2018-MI-ordinary-general,general,Class I,0,11/6/18,2018-11-06,2018-08-13,2018-08-14,LV,lv,lv,700,Strategic National,false,,Source flags; not independent nonpartisan verification,http://www.wjml.com/@polls/1357842/poll-sw,2,"[{""candidate_id"": ""11408"", ""candidate_name"": ""Debbie Stabenow"", ""party"": ""DEM"", ""answer"": ""Stabenow"", ""pct"": ""50.0""}, {""candidate_id"": ""11409"", ""candidate_name"": ""John James"", ""party"": ""REP"", ""answer"": ""James"", ""pct"": ""35.0""}]",false,selected,,Only eligible LV question for this poll/round,,50.0,35.0,0,"[""538-row:3923"", ""538-row:3924""]"
538:2018:120:53611:86036,538_archive,2018,TN,120,53611,86036,53611,2018-TN-ordinary-general,2018-TN-ordinary-general,general,Class I,0,11/6/18,2018-11-06,2018-08-09,2018-08-11,LV,lv,lv,620,Gravis Marketing,false,,Source flags; not independent nonpartisan verification,http://orlando-politics.com/wp-content/uploads/2018/08/Tennessee-August-12-2018-v2.pdf,2,"[{""candidate_id"": ""11382"", ""candidate_name"": ""Phil Bredesen"", ""party"": ""DEM"", ""answer"": ""Bredesen"", ""pct"": ""44.0""}, {""candidate_id"": ""11383"", ""candidate_name"": ""Marsha Blackburn"", ""party"": ""REP"", ""answer"": ""Blackburn"", ""pct"": ""48.0""}]",false,selected,,Only eligible LV question for this poll/round,,44.0,48.0,0,"[""538-row:3929"", ""538-row:3930""]"
538:2018:107:53592:86004,538_archive,2018,MN,107,53592,86004,53592,2018-MN-ordinary-general,2018-MN-ordinary-general,general,Class I,0,11/6/18,2018-11-06,2018-08-08,2018-08-11,LV,lv,lv,500,Emerson College Polling Society,false,,Source flags; not independent nonpartisan verification,https://www.emerson.edu/sites/default/files/Files/Academics/ecp-mn-8.11-pr.pdf,2,"[{""candidate_id"": ""12373"", ""candidate_name"": ""Amy Klobuchar"", ""party"": ""DEM"", ""answer"": ""Klobuchar"", ""pct"": ""50.2""}, {""candidate_id"": ""12374"", ""candidate_name"": ""Jim Newberger"", ""party"": ""REP"", ""answer"": ""Newberger"", ""pct"": ""25.9""}]",false,selected,,Only eligible LV question for this poll/round,,50.2,25.9,0,"[""538-row:3931"", ""538-row:3932""]"
538:2018:129:53592:86012,538_archive,2018,MN,129,53592,86012,53592,2018-MN-special-general,2018-MN-special-general,general,Class II,2,11/6/18,2018-11-06,2018-08-08,2018-08-11,LV,lv,lv,500,Emerson College Polling Society,false,,Source flags; not independent nonpartisan verification,https://www.emerson.edu/sites/default/files/Files/Academics/ecp-mn-8.11-pr.pdf,2,"[{""candidate_id"": ""12376"", ""candidate_name"": ""Tina Smith"", ""party"": ""DEM"", ""answer"": ""Smith"", ""pct"": ""31.5""}, {""candidate_id"": ""12375"", ""candidate_name"": ""Karin Housley"", ""party"": ""REP"", ""answer"": ""Housley"", ""pct"": ""27.5""}]",false,selected,,Only eligible LV question for this poll/round,,31.5,27.5,0,"[""538-row:3933"", ""538-row:3934""]"
538:2018:109:53690:86154,538_archive,2018,MO,109,53690,86154,53690,2018-MO-ordinary-general,2018-MO-ordinary-general,general,Class I,0,11/6/18,2018-11-06,2018-08-08,2018-08-09,LV,lv,lv,1785,TJP Strategies,false,,Source flags; not independent nonpartisan verification,https://www.scribd.com/document/386096380/MO-Sen-TJP-Strategies-D-for-Missouri-Scout-August-2018,2,"[{""candidate_id"": ""11410"", ""candidate_name"": ""Claire McCaskill"", ""party"": ""DEM"", ""answer"": ""McCaskill"", ""pct"": ""47.0""}, {""candidate_id"": ""11411"", ""candidate_name"": ""Josh Hawley"", ""party"": ""REP"", ""answer"": ""Hawley"", ""pct"": ""47.0""}]",false,selected,,Only eligible LV question for this poll/round,,47.0,47.0,0,"[""538-row:3937"", ""538-row:3938""]"
538:2018:103:53545:85923,538_archive,2018,ME,103,53545,85923,53545,2018-ME-ordinary-general,2018-ME-ordinary-general,general,Class I,0,11/6/18,2018-11-06,2018-08-02,2018-08-06,LV,lv,lv,500,Suffolk,false,,Source flags; not independent nonpartisan verification,https://www.suffolk.edu/documents/SUPRC/8_8_2018_marginals.pdf,3,"[{""candidate_id"": ""11393"", ""candidate_name"": ""Zak Ringelstein"", ""party"": ""DEM"", ""answer"": ""Ringelstein"", ""pct"": ""8.8""}, {""candidate_id"": ""11394"", ""candidate_name"": ""Eric L. Brakey"", ""party"": ""REP"", ""answer"": ""Brakey"", ""pct"": ""25.0""}, {""candidate_id"": ""11395"", ""candidate_name"": ""Angus S. King Jr."", ""party"": ""IND"", ""answer"": ""King"", ""pct"": ""51.6""}]",true,selected,,Only eligible LV question for this poll/round,,51.6,25.0,8.8,"[""538-row:3948"", ""538-row:3949"", ""538-row:3950""]"
538:2018:108:53572:85958,538_archive,2018,MS,108,53572,85958,53572,2018-MS-ordinary-general,2018-MS-ordinary-general,general,Class I,0,11/6/18,2018-11-06,2018-07-30,2018-07-31,LV,lv,lv,2100,Triumph Campaigns,false,,Source flags; not independent nonpartisan verification,https://www.scribd.com/document/385819107/YallPolitics-Statewide-Survey-Results-080918,4,"[{""candidate_id"": ""11416"", ""candidate_name"": ""David Baria"", ""party"": ""DEM"", ""answer"": ""Baria"", ""pct"": ""32.45""}, {""candidate_id"": ""11417"", ""candidate_name"": ""Roger F. Wicker"", ""party"": ""REP"", ""answer"": ""Wicker"", ""pct"": ""53.25""}, {""candidate_id"": ""11418"", ""candidate_name"": ""Shawn R. O'Hara"", ""party"": ""REF"", ""answer"": ""O'Hara"", ""pct"": ""1.54""}, {""candidate_id"": ""11419"", ""candidate_name"": ""Danny Bedwell"", ""party"": ""LIB"", ""answer"": ""Bedwell"", ""pct"": ""1.26""}]",true,selected,,Only eligible LV question for this poll/round,,32.45,53.25,2.80,"[""538-row:3967"", ""538-row:3968"", ""538-row:3969"", ""538-row:3970""]"
538:2018:6209:53572:86538,538_archive,2018,MS,6209,53572,86538,53572,2018-MS-special-runoff,2018-MS-special-runoff,runoff,Class II,2,11/27/18,2018-11-27,2018-07-30,2018-07-31,LV,lv,lv,2100,Triumph Campaigns,false,,Source flags; not independent nonpartisan verification,https://www.scribd.com/document/385819107/YallPolitics-Statewide-Survey-Results-080918,2,"[{""candidate_id"": ""13168"", ""candidate_name"": ""Mike Espy"", ""party"": ""DEM"", ""answer"": ""Espy"", ""pct"": ""33.58""}, {""candidate_id"": ""13169"", ""candidate_name"": ""Cindy Hyde-Smith"", ""party"": ""REP"", ""answer"": ""Hyde-Smith"", ""pct"": ""48.49""}]",true,selected,,Only eligible LV question for this poll/round,,33.58,48.49,0,"[""538-row:3975"", ""538-row:3976""]"
538:2018:124:53542:85916,538_archive,2018,VA,124,53542,85916,53542,2018-VA-ordinary-general,2018-VA-ordinary-general,general,Class I,0,11/6/18,2018-11-06,2018-07-10,2018-07-30,LV,lv,lv,747,Virginia Commonwealth U.,false,,Source flags; not independent nonpartisan verification,https://drive.google.com/file/d/1KdZosFKBCMeKuYO-bdYSoRrqfegsgg_h/view,3,"[{""candidate_id"": ""11146"", ""candidate_name"": ""Tim Kaine"", ""party"": ""DEM"", ""answer"": ""Kaine"", ""pct"": ""49.0""}, {""candidate_id"": ""11147"", ""candidate_name"": ""Corey Stewart"", ""party"": ""REP"", ""answer"": ""Stewart"", ""pct"": ""26.0""}, {""candidate_id"": ""11392"", ""candidate_name"": ""Matt J. Waters"", ""party"": ""LIB"", ""answer"": ""Waters"", ""pct"": ""5.0""}]",true,selected,,Only eligible LV question for this poll/round,,49.0,26.0,5.0,"[""538-row:3981"", ""538-row:3982"", ""538-row:3983""]"
538:2018:99:53581:86672,538_archive,2018,DE,99,53581,86672,53581,2018-DE-ordinary-general,2018-DE-ordinary-general,general,Class I,0,11/6/18,2018-11-06,2018-07-24,2018-07-29,LV,lv,lv,884,Gravis Marketing,false,,Source flags; not independent nonpartisan verification,https://www.realclearpolitics.com/docs/Delaware_July_29_2018_v2.pdf,2,"[{""candidate_id"": ""12478"", ""candidate_name"": ""Thomas R. Carper"", ""party"": ""DEM"", ""answer"": ""Carper"", ""pct"": ""47.0""}, {""candidate_id"": ""12479"", ""candidate_name"": ""Rob Arlett"", ""party"": ""REP"", ""answer"": ""Arlett"", ""pct"": ""39.0""}]",false,selected,,Only eligible LV question for this poll/round,,47.0,39.0,0,"[""538-row:3994"", ""538-row:3995""]"
538:2018:96:53703:86174,538_archive,2018,AZ,96,53703,86174,53703,2018-AZ-ordinary-general,2018-AZ-ordinary-general,general,Class I,0,11/6/18,2018-11-06,2018-07-24,2018-07-25,LV,lv,lv,600,OH Predictive Insights / MBQF,false,,Source flags; not independent nonpartisan verification,http://createsend.com/t/i-C80F93AE97C9CCCA2540EF23F30FEDED,2,"[{""candidate_id"": ""12409"", ""candidate_name"": ""Kyrsten Sinema"", ""party"": ""DEM"", ""answer"": ""Sinema"", ""pct"": ""48.0""}, {""candidate_id"": ""12410"", ""candidate_name"": ""Martha McSally"", ""party"": ""REP"", ""answer"": ""McSally"", ""pct"": ""44.0""}]",false,selected,,Only eligible LV question for this poll/round,,48.0,44.0,0,"[""538-row:3998"", ""538-row:3999""]"
538:2018:100:53712:86196,538_archive,2018,FL,100,53712,86196,53712,2018-FL-ordinary-general,2018-FL-ordinary-general,general,Class I,0,11/6/18,2018-11-06,2018-07-24,2018-07-25,LV,lv,lv,625,Mason-Dixon,false,,Source flags; not independent nonpartisan verification,https://www.politico.com/f/?id=00000164-ed7b-d428-a7fe-fdffcb280001,2,"[{""candidate_id"": ""12413"", ""candidate_name"": ""Bill Nelson"", ""party"": ""DEM"", ""answer"": ""Nelson"", ""pct"": ""44.0""}, {""candidate_id"": ""12414"", ""candidate_name"": ""Rick Scott"", ""party"": ""REP"", ""answer"": ""Scott"", ""pct"": ""47.0""}]",true,selected,,Only eligible LV question for this poll/round,,44.0,47.0,0,"[""538-row:4004"", ""538-row:4005""]"
538:2018:121:53466:84649,538_archive,2018,TX,121,53466,84649,53466,2018-TX-ordinary-general,2018-TX-ordinary-general,general,Class I,0,11/6/18,2018-11-06,2018-07-09,2018-07-25,LV,lv,lv,441,Texas Lyceum,false,,Source flags; not independent nonpartisan verification,https://www.texaslyceum.org/page-18271,3,"[{""candidate_id"": ""11125"", ""candidate_name"": ""Beto O'Rourke"", ""party"": ""DEM"", ""answer"": ""O'Rourke"", ""pct"": ""39.0""}, {""candidate_id"": ""11126"", ""candidate_name"": ""Ted Cruz"", ""party"": ""REP"", ""answer"": ""Cruz"", ""pct"": ""41.0""}, {""candidate_id"": ""11247"", ""candidate_name"": ""Neal M. Dikeman"", ""party"": ""LIB"", ""answer"": ""Dikeman"", ""pct"": ""1.0""}]",true,selected,,Only eligible LV question for this poll/round,,39.0,41.0,1.0,"[""538-row:4009"", ""538-row:4010"", ""538-row:4011""]"
538:2018:106:53552:85939,538_archive,2018,MI,106,53552,85939,53552,2018-MI-ordinary-general,2018-MI-ordinary-general,general,Class I,0,11/6/18,2018-11-06,2018-07-19,2018-07-21,LV,lv,lv,600,Emerson College Polling Society,false,,Source flags; not independent nonpartisan verification,https://www.emerson.edu/sites/default/files/Files/Academics/ecp-pr-mi-7.23.pdf,2,"[{""candidate_id"": ""11408"", ""candidate_name"": ""Debbie Stabenow"", ""party"": ""DEM"", ""answer"": ""Stabenow"", ""pct"": ""47.3""}, {""candidate_id"": ""11409"", ""candidate_name"": ""John James"", ""party"": ""REP"", ""answer"": ""James"", ""pct"": ""28.6""}]",false,selected,,Only eligible LV question for this poll/round,,47.3,28.6,0,"[""538-row:4014"", ""538-row:4015""]"
538:2018:100:53714:86198,538_archive,2018,FL,100,53714,86198,53714,2018-FL-ordinary-general,2018-FL-ordinary-general,general,Class I,0,11/6/18,2018-11-06,2018-07-13,2018-07-14,LV,lv,lv,1840,Gravis Marketing,false,,Source flags; not independent nonpartisan verification,https://www.realclearpolitics.com/docs/Florida_July_15_2018_(002).pdf,2,"[{""candidate_id"": ""12413"", ""candidate_name"": ""Bill Nelson"", ""party"": ""DEM"", ""answer"": ""Nelson"", ""pct"": ""47.0""}, {""candidate_id"": ""12414"", ""candidate_name"": ""Rick Scott"", ""party"": ""REP"", ""answer"": ""Scott"", ""pct"": ""43.0""}]",true,selected,,Only eligible LV question for this poll/round,,47.0,43.0,0,"[""538-row:4032"", ""538-row:4033""]"
538:2018:110:53679:86142,538_archive,2018,MT,110,53679,86142,53679,2018-MT-ordinary-general,2018-MT-ordinary-general,general,Class I,0,11/6/18,2018-11-06,2018-07-08,2018-07-10,LV,lv,lv,2581,Remington,false,,Source flags; not independent nonpartisan verification,https://www.realclearpolitics.com/docs/MT_General_Election_Survey_071118.pdf,2,"[{""candidate_id"": ""11140"", ""candidate_name"": ""Jon Tester"", ""party"": ""DEM"", ""answer"": ""Tester"", ""pct"": ""49.0""}, {""candidate_id"": ""11141"", ""candidate_name"": ""Matt Rosendale"", ""party"": ""REP"", ""answer"": ""Rosendale"", ""pct"": ""46.0""}]",false,selected,,Only eligible LV question for this poll/round,,49.0,46.0,0,"[""538-row:4042"", ""538-row:4043""]"
538:2018:113:53680:86143,538_archive,2018,NJ,113,53680,86143,53680,2018-NJ-ordinary-general,2018-NJ-ordinary-general,general,Class I,0,11/6/18,2018-11-06,2018-07-06,2018-07-10,LV,lv,lv,563,Gravis Marketing,false,,Source flags; not independent nonpartisan verification,https://www.scribd.com/document/383965405/New-Jersey-Gravis-Marketing-Poll,2,"[{""candidate_id"": ""11144"", ""candidate_name"": ""Robert Menendez"", ""party"": ""DEM"", ""answer"": ""Menendez"", ""pct"": ""43.0""}, {""candidate_id"": ""11145"", ""candidate_name"": ""Bob Hugin"", ""party"": ""REP"", ""answer"": ""Hugin"", ""pct"": ""41.0""}]",false,selected,,Only eligible LV question for this poll/round,,43.0,41.0,0,"[""538-row:4044"", ""538-row:4045""]"
538:2018:109:53563:85949,538_archive,2018,MO,109,53563,85949,53563,2018-MO-ordinary-general,2018-MO-ordinary-general,general,Class I,0,11/6/18,2018-11-06,2018-07-07,2018-07-08,LV,lv,lv,1034,Remington,false,,Source flags; not independent nonpartisan verification,https://themissouritimes.com/52223/new-polling-projects-hawley-with-slight-edge-over-mccaskill-right-to-work-failing-in-august/,2,"[{""candidate_id"": ""11410"", ""candidate_name"": ""Claire McCaskill"", ""party"": ""DEM"", ""answer"": ""McCaskill"", ""pct"": ""46.0""}, {""candidate_id"": ""11411"", ""candidate_name"": ""Josh Hawley"", ""party"": ""REP"", ""answer"": ""Hawley"", ""pct"": ""48.0""}]",false,selected,,Only eligible LV question for this poll/round,,46.0,48.0,0,"[""538-row:4048"", ""538-row:4049""]"
538:2018:121:52801:83444,538_archive,2018,TX,121,52801,83444,52801,2018-TX-ordinary-general,2018-TX-ordinary-general,general,Class I,0,11/6/18,2018-11-06,2018-07-03,2018-07-07,LV,lv,lv,602,Gravis Marketing,false,,Source flags; not independent nonpartisan verification,https://www.scribd.com/document/383517600/Texas-2c-July-8-2c-2018#from_embed,2,"[{""candidate_id"": ""11125"", ""candidate_name"": ""Beto O'Rourke"", ""party"": ""DEM"", ""answer"": ""O'Rourke"", ""pct"": ""42.0""}, {""candidate_id"": ""11126"", ""candidate_name"": ""Ted Cruz"", ""party"": ""REP"", ""answer"": ""Cruz"", ""pct"": ""51.0""}]",false,selected,,Only eligible LV question for this poll/round,,42.0,51.0,0,"[""538-row:4050"", ""538-row:4051""]"
538:2018:96:53704:86178,538_archive,2018,AZ,96,53704,86178,53704,2018-AZ-ordinary-general,2018-AZ-ordinary-general,general,Class I,0,11/6/18,2018-11-06,2018-06-27,2018-07-02,LV,lv,lv,925,Gravis Marketing,false,,Source flags; not independent nonpartisan verification,http://orlando-politics.com/wp-content/uploads/2018/07/Arizona-July-3-2018.pdf,2,"[{""candidate_id"": ""12409"", ""candidate_name"": ""Kyrsten Sinema"", ""party"": ""DEM"", ""answer"": ""Sinema"", ""pct"": ""43.0""}, {""candidate_id"": ""12410"", ""candidate_name"": ""Martha McSally"", ""party"": ""REP"", ""answer"": ""McSally"", ""pct"": ""39.0""}]",false,selected,,Only eligible LV question for this poll/round,,43.0,39.0,0,"[""538-row:4054"", ""538-row:4055""]"
538:2018:118:52693:83262,538_archive,2018,PA,118,52693,83262,52693,2018-PA-ordinary-general,2018-PA-ordinary-general,general,Class I,0,11/6/18,2018-11-06,2018-06-21,2018-06-25,LV,lv,lv,500,Suffolk,false,,Source flags; not independent nonpartisan verification,http://www.suffolk.edu/news/77434.php#.WzO-9i3Mzyt,2,"[{""candidate_id"": ""11138"", ""candidate_name"": ""Robert P. Casey Jr."", ""party"": ""DEM"", ""answer"": ""Casey"", ""pct"": ""47.0""}, {""candidate_id"": ""11139"", ""candidate_name"": ""Lou Barletta"", ""party"": ""REP"", ""answer"": ""Barletta"", ""pct"": ""31.6""}]",false,selected,,Only eligible LV question for this poll/round,,47.0,31.6,0,"[""538-row:4246"", ""538-row:4247""]"
538:2018:121:52737:83323,538_archive,2018,TX,121,52737,83323,52737,2018-TX-ordinary-general,2018-TX-ordinary-general,general,Class I,0,11/6/18,2018-11-06,2018-06-19,2018-06-22,LV,lv,lv,821,YouGov,false,,Source flags; not independent nonpartisan verification,https://drive.google.com/file/d/0ByVu4fDHYJgVQlR4eDZDQlFnRFYtTHBmemFpUDVvS081Skc4/view,2,"[{""candidate_id"": ""11125"", ""candidate_name"": ""Beto O'Rourke"", ""party"": ""DEM"", ""answer"": ""O'Rourke"", ""pct"": ""40.0""}, {""candidate_id"": ""11126"", ""candidate_name"": ""Ted Cruz"", ""party"": ""REP"", ""answer"": ""Cruz"", ""pct"": ""50.0""}]",false,selected,,Only eligible LV question for this poll/round,,40.0,50.0,0,"[""538-row:4258"", ""538-row:4259""]"
538:2018:96:53706:137823,538_archive,2018,AZ,96,53706,137823,53706,2018-AZ-ordinary-general,2018-AZ-ordinary-general,general,Class I,0,11/6/18,2018-11-06,2018-06-19,2018-06-22,LV,lv,lv,869,YouGov,false,,Source flags; not independent nonpartisan verification,https://d25d2506sfb94s.cloudfront.net/cumulus_uploads/document/mq7qziahgv/cbs_20180624_AZ.pdf,2,"[{""candidate_id"": ""12409"", ""candidate_name"": ""Kyrsten Sinema"", ""party"": ""DEM"", ""answer"": ""Sinema"", ""pct"": ""45.0""}, {""candidate_id"": ""12410"", ""candidate_name"": ""Martha McSally"", ""party"": ""REP"", ""answer"": ""McSally"", ""pct"": ""37.0""}]",false,selected,,Only eligible LV question for this poll/round,,45.0,37.0,0,"[""538-row:4266"", ""538-row:4267""]"
538:2018:100:53715:86682,538_archive,2018,FL,100,53715,86682,53715,2018-FL-ordinary-general,2018-FL-ordinary-general,general,Class I,0,11/6/18,2018-11-06,2018-06-19,2018-06-22,LV,lv,lv,839,YouGov,false,,Source flags; not independent nonpartisan verification,https://drive.google.com/file/d/0ByVu4fDHYJgVS01LUUhEYmpIVVFoamdCVDFRUlZwV0xqOXY4/view,2,"[{""candidate_id"": ""12413"", ""candidate_name"": ""Bill Nelson"", ""party"": ""DEM"", ""answer"": ""Nelson"", ""pct"": ""41.0""}, {""candidate_id"": ""12414"", ""candidate_name"": ""Rick Scott"", ""party"": ""REP"", ""answer"": ""Scott"", ""pct"": ""46.0""}]",true,selected,,Only eligible LV question for this poll/round,,41.0,46.0,0,"[""538-row:4270"", ""538-row:4271""]"
538:2018:100:53718:86202,538_archive,2018,FL,100,53718,86202,53718,2018-FL-ordinary-general,2018-FL-ordinary-general,general,Class I,0,11/6/18,2018-11-06,2018-05-31,2018-06-15,LV,lv,lv,1251,Gravis Marketing,false,,Source flags; not independent nonpartisan verification,http://orlando-politics.com/wp-content/uploads/2018/06/Florida-June-12-2018-v4.pdf,2,"[{""candidate_id"": ""12413"", ""candidate_name"": ""Bill Nelson"", ""party"": ""DEM"", ""answer"": ""Nelson"", ""pct"": ""50.0""}, {""candidate_id"": ""12414"", ""candidate_name"": ""Rick Scott"", ""party"": ""REP"", ""answer"": ""Scott"", ""pct"": ""40.0""}]",true,selected,,Only eligible LV question for this poll/round,,50.0,40.0,0,"[""538-row:4317"", ""538-row:4318""]"
538:2018:110:52648:83189,538_archive,2018,MT,110,52648,83189,52648,2018-MT-ordinary-general,2018-MT-ordinary-general,general,Class I,0,11/6/18,2018-11-06,2018-06-11,2018-06-13,LV,lv,lv,469,Gravis Marketing,false,,Source flags; not independent nonpartisan verification,https://www.realclearpolitics.com/docs/Montana_June_19th_2018.pdf,2,"[{""candidate_id"": ""11140"", ""candidate_name"": ""Jon Tester"", ""party"": ""DEM"", ""answer"": ""Tester"", ""pct"": ""51.0""}, {""candidate_id"": ""11141"", ""candidate_name"": ""Matt Rosendale"", ""party"": ""REP"", ""answer"": ""Rosendale"", ""pct"": ""44.0""}]",false,selected,,Only eligible LV question for this poll/round,,51.0,44.0,0,"[""538-row:4324"", ""538-row:4325""]"
538:2018:105:53896:86676,538_archive,2018,MA,105,53896,86676,53896,2018-MA-ordinary-general,2018-MA-ordinary-general,general,Class I,0,11/6/18,2018-11-06,2018-06-08,2018-06-12,LV,lv,lv,500,Suffolk,false,,Source flags; not independent nonpartisan verification,https://www.suffolk.edu/documents/News/Mass_Marginals_6-14-18_revised.pdf,2,"[{""candidate_id"": ""12480"", ""candidate_name"": ""Elizabeth Warren"", ""party"": ""DEM"", ""answer"": ""Warren"", ""pct"": ""55.2""}, {""candidate_id"": ""12481"", ""candidate_name"": ""Geoff Diehl"", ""party"": ""REP"", ""answer"": ""Diehl"", ""pct"": ""32.8""}]",false,selected,,Only eligible LV question for this poll/round,,55.2,32.8,0,"[""538-row:4328"", ""538-row:4329""]"
538:2018:115:52694:83263,538_archive,2018,NY,115,52694,83263,52694,2018-NY-ordinary-general,2018-NY-ordinary-general,general,Class I,0,11/6/18,2018-11-06,2018-06-04,2018-06-07,LV,lv,lv,745,Siena,false,,Source flags; not independent nonpartisan verification,https://www2.siena.edu/assets/files/news/SNY0618_Crosstabs.pdf,2,"[{""candidate_id"": ""11202"", ""candidate_name"": ""Kirsten E. Gillibrand"", ""party"": ""DEM"", ""answer"": ""Gillibrand"", ""pct"": ""61.0""}, {""candidate_id"": ""11203"", ""candidate_name"": ""Chele Farley"", ""party"": ""REP"", ""answer"": ""Farley"", ""pct"": ""28.0""}]",true,selected,,Only eligible LV question for this poll/round,,61.0,28.0,0,"[""538-row:4338"", ""538-row:4339""]"
538:2018:125:53686:86149,538_archive,2018,WA,125,53686,86149,53686,2018-WA-ordinary-general,2018-WA-ordinary-general,general,Class I,0,11/6/18,2018-11-06,2018-05-22,2018-05-23,LV,lv,lv,675,PPP,false,,Source flags; not independent nonpartisan verification,https://www.nwprogressive.org/files/polling/MAY18-WA-Cantwell-vs-Hutchison-Survey-Results.pdf,2,"[{""candidate_id"": ""12403"", ""candidate_name"": ""Maria Cantwell"", ""party"": ""DEM"", ""answer"": ""Cantwell"", ""pct"": ""52.0""}, {""candidate_id"": ""12404"", ""candidate_name"": ""Susan Hutchison"", ""party"": ""REP"", ""answer"": ""Hutchison"", ""pct"": ""36.0""}]",true,selected,,Only eligible LV question for this poll/round,,52.0,36.0,0,"[""538-row:4363"", ""538-row:4364""]"
538:2018:102:52633:83162,538_archive,2018,IN,102,52633,83162,52633,2018-IN-ordinary-general,2018-IN-ordinary-general,general,Class I,0,11/6/18,2018-11-06,2018-05-10,2018-05-15,LV,lv,lv,400,Gravis Marketing,false,,Source flags; not independent nonpartisan verification,https://www.realclearpolitics.com/docs/Indiana_Senate_May_17_2018.pdf,2,"[{""candidate_id"": ""11128"", ""candidate_name"": ""Joe Donnelly"", ""party"": ""DEM"", ""answer"": ""Donnelly"", ""pct"": ""46.0""}, {""candidate_id"": ""11129"", ""candidate_name"": ""Mike Braun"", ""party"": ""REP"", ""answer"": ""Braun"", ""pct"": ""47.0""}]",false,selected,,Only eligible LV question for this poll/round,,46.0,47.0,0,"[""538-row:4384"", ""538-row:4385""]"
538:2018:109:53691:86155,538_archive,2018,MO,109,53691,86155,53691,2018-MO-ordinary-general,2018-MO-ordinary-general,general,Class I,0,11/6/18,2018-11-06,2018-05-09,2018-05-10,LV,lv,lv,898,TJP Strategies,false,,Source flags; not independent nonpartisan verification,https://www.stltoday.com/news/local/govt-and-politics/poll-shows-slight-mccaskill-lead-over-hawley-greitens-tanking/article_487c9021-abe2-57c5-9320-e47a32014f7e.html,2,"[{""candidate_id"": ""11410"", ""candidate_name"": ""Claire McCaskill"", ""party"": ""DEM"", ""answer"": ""McCaskill"", ""pct"": ""48.0""}, {""candidate_id"": ""11411"", ""candidate_name"": ""Josh Hawley"", ""party"": ""REP"", ""answer"": ""Hawley"", ""pct"": ""44.0""}]",false,selected,,Only eligible LV question for this poll/round,,48.0,44.0,0,"[""538-row:4388"", ""538-row:4389""]"
538:2018:100:53725:86647,538_archive,2018,FL,100,53725,86647,53725,2018-FL-ordinary-general,2018-FL-ordinary-general,general,Class I,0,11/6/18,2018-11-06,2018-05-04,2018-05-07,LV,lv,lv,728,Florida Atlantic University,false,,Source flags; not independent nonpartisan verification,https://business.fau.edu/departments/economics/business-economics-polling/bepi-polls/bepi-polls-2018/scott-leads-nelson-in-senate-race.php,2,"[{""candidate_id"": ""12413"", ""candidate_name"": ""Bill Nelson"", ""party"": ""DEM"", ""answer"": ""Nelson"", ""pct"": ""45.0""}, {""candidate_id"": ""12414"", ""candidate_name"": ""Rick Scott"", ""party"": ""REP"", ""answer"": ""Scott"", ""pct"": ""45.0""}]",true,selected,,Only eligible LV question for this poll/round,,45.0,45.0,0,"[""538-row:4392"", ""538-row:4393""]"
538:2018:109:53562:85948,538_archive,2018,MO,109,53562,85948,53562,2018-MO-ordinary-general,2018-MO-ordinary-general,general,Class I,0,11/6/18,2018-11-06,2018-04-26,2018-04-29,LV,lv,lv,600,Emerson College Polling Society,false,,Source flags; not independent nonpartisan verification,https://www.prnewswire.com/news-releases/emerson-college-epoll-tied-senate-race-in-missouri-for-mccaskill-and-hawley-and-right-to-work-repeal-300638928.html,2,"[{""candidate_id"": ""11410"", ""candidate_name"": ""Claire McCaskill"", ""party"": ""DEM"", ""answer"": ""McCaskill"", ""pct"": ""44.6""}, {""candidate_id"": ""11411"", ""candidate_name"": ""Josh Hawley"", ""party"": ""REP"", ""answer"": ""Hawley"", ""pct"": ""44.5""}]",false,selected,,Only eligible LV question for this poll/round,,44.6,44.5,0,"[""538-row:4404"", ""538-row:4405""]"
538:2018:109:53689:86153,538_archive,2018,MO,109,53689,86153,53689,2018-MO-ordinary-general,2018-MO-ordinary-general,general,Class I,0,11/6/18,2018-11-06,2018-04-18,2018-04-19,LV,lv,lv,1542,TJP Strategies,false,,Source flags; not independent nonpartisan verification,https://www.kansascity.com/news/politics-government/article209527234.html,2,"[{""candidate_id"": ""11410"", ""candidate_name"": ""Claire McCaskill"", ""party"": ""DEM"", ""answer"": ""McCaskill"", ""pct"": ""48.0""}, {""candidate_id"": ""11411"", ""candidate_name"": ""Josh Hawley"", ""party"": ""REP"", ""answer"": ""Hawley"", ""pct"": ""44.0""}]",false,selected,,Only eligible LV question for this poll/round,,48.0,44.0,0,"[""538-row:4416"", ""538-row:4417""]"
538:2018:108:53573:85959,538_archive,2018,MS,108,53573,85959,53573,2018-MS-ordinary-general,2018-MS-ordinary-general,general,Class I,0,11/6/18,2018-11-06,2018-04-10,2018-04-11,LV,lv,lv,1000,Triumph Campaigns,false,,Source flags; not independent nonpartisan verification,https://www.scribd.com/document/376522205/Yall-Politics-Statewide-US-Senate-Poll-Results-mssen,2,"[{""candidate_id"": ""11416"", ""candidate_name"": ""David Baria"", ""party"": ""DEM"", ""answer"": ""Baria"", ""pct"": ""31.3""}, {""candidate_id"": ""11417"", ""candidate_name"": ""Roger F. Wicker"", ""party"": ""REP"", ""answer"": ""Wicker"", ""pct"": ""48.1""}]",false,selected,,Only eligible LV question for this poll/round,,31.3,48.1,0,"[""538-row:4438"", ""538-row:4439""]"
538:2018:6209:53573:86541,538_archive,2018,MS,6209,53573,86541,53573,2018-MS-special-runoff,2018-MS-special-runoff,runoff,Class II,2,11/27/18,2018-11-27,2018-04-10,2018-04-11,LV,lv,lv,1000,Triumph Campaigns,false,,Source flags; not independent nonpartisan verification,https://www.scribd.com/document/376522205/Yall-Politics-Statewide-US-Senate-Poll-Results-mssen,2,"[{""candidate_id"": ""13168"", ""candidate_name"": ""Mike Espy"", ""party"": ""DEM"", ""answer"": ""Espy"", ""pct"": ""35.8""}, {""candidate_id"": ""13169"", ""candidate_name"": ""Cindy Hyde-Smith"", ""party"": ""REP"", ""answer"": ""Hyde-Smith"", ""pct"": ""41.6""}]",true,selected,,Only eligible LV question for this poll/round,,35.8,41.6,0,"[""538-row:4444"", ""538-row:4445""]"
538:2018:96:53708:86189,538_archive,2018,AZ,96,53708,86189,53708,2018-AZ-ordinary-general,2018-AZ-ordinary-general,general,Class I,0,11/6/18,2018-11-06,2018-04-10,2018-04-11,LV,lv,lv,600,OH Predictive Insights / MBQF,false,,Source flags; not independent nonpartisan verification,http://createsend.com/t/i-E1269679105F7FA92540EF23F30FEDED,2,"[{""candidate_id"": ""12409"", ""candidate_name"": ""Kyrsten Sinema"", ""party"": ""DEM"", ""answer"": ""Sinema"", ""pct"": ""48.0""}, {""candidate_id"": ""12410"", ""candidate_name"": ""Martha McSally"", ""party"": ""REP"", ""answer"": ""McSally"", ""pct"": ""42.0""}]",false,selected,,Only eligible LV question for this poll/round,,48.0,42.0,0,"[""538-row:4448"", ""538-row:4449""]"
538:2018:100:53727:86220,538_archive,2018,FL,100,53727,86220,53727,2018-FL-ordinary-general,2018-FL-ordinary-general,general,Class I,0,11/6/18,2018-11-06,2018-02-26,2018-03-19,LV,lv,lv,2212,Gravis Marketing,false,,Source flags; not independent nonpartisan verification,https://www.scribd.com/document/374399185/Gravis-Marketing-March-Florida-Poll,2,"[{""candidate_id"": ""12413"", ""candidate_name"": ""Bill Nelson"", ""party"": ""DEM"", ""answer"": ""Nelson"", ""pct"": ""44.0""}, {""candidate_id"": ""12414"", ""candidate_name"": ""Rick Scott"", ""party"": ""REP"", ""answer"": ""Scott"", ""pct"": ""40.0""}]",true,selected,,Only eligible LV question for this poll/round,,44.0,40.0,0,"[""538-row:4471"", ""538-row:4472""]"
538:2018:100:53728:86221,538_archive,2018,FL,100,53728,86221,53728,2018-FL-ordinary-general,2018-FL-ordinary-general,general,Class I,0,11/6/18,2018-11-06,2018-03-01,2018-03-07,LV,lv,lv,750,Clearview Research,false,,Source flags; not independent nonpartisan verification,https://www.scribd.com/document/373610821/Results-of-Florida-poll-from-Clearview-Research,2,"[{""candidate_id"": ""12413"", ""candidate_name"": ""Bill Nelson"", ""party"": ""DEM"", ""answer"": ""Nelson"", ""pct"": ""41.3""}, {""candidate_id"": ""12414"", ""candidate_name"": ""Rick Scott"", ""party"": ""REP"", ""answer"": ""Scott"", ""pct"": ""43.3""}]",true,selected,,Only eligible LV question for this poll/round,,41.3,43.3,0,"[""538-row:4496"", ""538-row:4497""]"
538:2018:100:53752:86292,538_archive,2018,FL,100,53752,86292,53752,2018-FL-ordinary-general,2018-FL-ordinary-general,general,Class I,0,11/6/18,2018-11-06,2018-01-29,2018-02-04,LV,lv,lv,429,U. North Florida,false,,Source flags; not independent nonpartisan verification,http://www.unf.edu/coas/porl/2018FLSpringPoll.aspx,2,"[{""candidate_id"": ""12413"", ""candidate_name"": ""Bill Nelson"", ""party"": ""DEM"", ""answer"": ""Nelson"", ""pct"": ""48.0""}, {""candidate_id"": ""12414"", ""candidate_name"": ""Rick Scott"", ""party"": ""REP"", ""answer"": ""Scott"", ""pct"": ""42.0""}]",true,selected,,Only eligible LV question for this poll/round,,48.0,42.0,0,"[""538-row:4524"", ""538-row:4525""]"
538:2018:120:53475:85663,538_archive,2018,TN,120,53475,85663,53475,2018-TN-ordinary-general,2018-TN-ordinary-general,general,Class I,0,11/6/18,2018-11-06,2018-01-21,2018-01-24,LV,lv,lv,1003,Triton Polling & Research,false,,Source flags; not independent nonpartisan verification,http://tennesseestar.com/2018/01/29/poll-blackburn-leads-bredesen-by-11-in-tennessee-u-s-senate-general-election-matchup-50-to-39/,2,"[{""candidate_id"": ""11382"", ""candidate_name"": ""Phil Bredesen"", ""party"": ""DEM"", ""answer"": ""Bredesen"", ""pct"": ""39.7""}, {""candidate_id"": ""11383"", ""candidate_name"": ""Marsha Blackburn"", ""party"": ""REP"", ""answer"": ""Blackburn"", ""pct"": ""50.7""}]",false,selected,,Only eligible LV question for this poll/round,,39.7,50.7,0,"[""538-row:4530"", ""538-row:4531""]"
538:2018:106:53551:85941,538_archive,2018,MI,106,53551,85941,53551,2018-MI-ordinary-general,2018-MI-ordinary-general,general,Class I,0,11/6/18,2018-11-06,2018-01-16,2018-01-19,LV,lv,lv,600,Glengariff Group Inc.,false,,Source flags; not independent nonpartisan verification,https://www.detroitnews.com/story/news/politics/2018/01/24/gretchen-whitmer-bill-schuette-early-poll-michigan-governor-race/109779032/,2,"[{""candidate_id"": ""11408"", ""candidate_name"": ""Debbie Stabenow"", ""party"": ""DEM"", ""answer"": ""Stabenow"", ""pct"": ""51.3""}, {""candidate_id"": ""11409"", ""candidate_name"": ""John James"", ""party"": ""REP"", ""answer"": ""James"", ""pct"": ""30.0""}]",false,selected,,Only eligible LV question for this poll/round,,51.3,30.0,0,"[""538-row:4532"", ""538-row:4533""]"
538:2018:100:56993:92008,538_archive,2018,FL,100,56993,92008,56993,2018-FL-ordinary-general,2018-FL-ordinary-general,general,Class I,0,11/6/18,2018-11-06,2018-01-09,2018-01-10,LV,lv,lv,785,Dixie Strategies,false,,Source flags; not independent nonpartisan verification,https://www.scribd.com/document/368950464/POLL-TRUMP-VS-OPRAH,2,"[{""candidate_id"": ""12413"", ""candidate_name"": ""Bill Nelson"", ""party"": ""DEM"", ""answer"": ""Nelson"", ""pct"": ""37.86""}, {""candidate_id"": ""12414"", ""candidate_name"": ""Rick Scott"", ""party"": ""REP"", ""answer"": ""Scott"", ""pct"": ""35.09""}]",true,selected,,Only eligible LV question for this poll/round,,37.86,35.09,0,"[""538-row:4538"", ""538-row:4539""]"
538:2018:109:53559:85945,538_archive,2018,MO,109,53559,85945,53559,2018-MO-ordinary-general,2018-MO-ordinary-general,general,Class I,0,11/6/18,2018-11-06,2018-01-03,2018-01-04,LV,lv,lv,1122,Remington,false,,Source flags; not independent nonpartisan verification,https://www.realclearpolitics.com/docs/Remington_Research_MO_Senate_Jan_2018.pdf,2,"[{""candidate_id"": ""11410"", ""candidate_name"": ""Claire McCaskill"", ""party"": ""DEM"", ""answer"": ""McCaskill"", ""pct"": ""45.0""}, {""candidate_id"": ""11411"", ""candidate_name"": ""Josh Hawley"", ""party"": ""REP"", ""answer"": ""Hawley"", ""pct"": ""49.0""}]",false,selected,,Only eligible LV question for this poll/round,,45.0,49.0,0,"[""538-row:4542"", ""538-row:4543""]"
538:2018:96:53710:86193,538_archive,2018,AZ,96,53710,86193,53710,2018-AZ-ordinary-general,2018-AZ-ordinary-general,general,Class I,0,11/6/18,2018-11-06,2017-11-09,2017-11-09,LV,lv,lv,600,OH Predictive Insights / MBQF,false,,Source flags; not independent nonpartisan verification,http://createsend.com/t/i-2DEC10E907A50F722540EF23F30FEDED,2,"[{""candidate_id"": ""12409"", ""candidate_name"": ""Kyrsten Sinema"", ""party"": ""DEM"", ""answer"": ""Sinema"", ""pct"": ""46.0""}, {""candidate_id"": ""12410"", ""candidate_name"": ""Martha McSally"", ""party"": ""REP"", ""answer"": ""McSally"", ""pct"": ""45.0""}]",false,selected,,Only eligible LV question for this poll/round,,46.0,45.0,0,"[""538-row:4560"", ""538-row:4561""]"
538:2018:96:73319:137448,538_archive,2018,AZ,96,73319,137448,73319,2018-AZ-ordinary-general,2018-AZ-ordinary-general,general,Class I,0,11/6/18,2018-11-06,2017-10-28,2017-10-31,LV,lv,lv,850,Revily,false,,Source flags; not independent nonpartisan verification,https://web.archive.org/web/20171107021906/https://structurecms-staging-psyclone.netdna-ssl.com/client_assets/kelliward/media/attachments/59fb/275a/6970/2d1b/c8cd/0300/59fb275a69702d1bc8cd0300.pdf?1509631834,2,"[{""candidate_id"": ""12409"", ""candidate_name"": ""Kyrsten Sinema"", ""party"": ""DEM"", ""answer"": ""Sinema"", ""pct"": ""33.26""}, {""candidate_id"": ""12410"", ""candidate_name"": ""Martha McSally"", ""party"": ""REP"", ""answer"": ""McSally"", ""pct"": ""29.25""}]",false,selected,,Only eligible LV question for this poll/round,,33.26,29.25,0,"[""538-row:4564"", ""538-row:4565""]"
538:2018:109:53558:85944,538_archive,2018,MO,109,53558,85944,53558,2018-MO-ordinary-general,2018-MO-ordinary-general,general,Class I,0,11/6/18,2018-11-06,2017-10-11,2017-10-12,LV,lv,lv,965,Remington,false,,Source flags; not independent nonpartisan verification,https://www.realclearpolitics.com/docs/Remington_Research_MO_Senate_October_2017.pdf,2,"[{""candidate_id"": ""11410"", ""candidate_name"": ""Claire McCaskill"", ""party"": ""DEM"", ""answer"": ""McCaskill"", ""pct"": ""45.0""}, {""candidate_id"": ""11411"", ""candidate_name"": ""Josh Hawley"", ""party"": ""REP"", ""answer"": ""Hawley"", ""pct"": ""48.0""}]",false,selected,,Only eligible LV question for this poll/round,,45.0,48.0,0,"[""538-row:4568"", ""538-row:4569""]"
538:2018:124:52654:86917,538_archive,2018,VA,124,52654,86917,52654,2018-VA-ordinary-general,2018-VA-ordinary-general,general,Class I,0,11/6/18,2018-11-06,2017-09-05,2017-09-12,LV,lv,lv,562,University of Mary Washington / PSRAI,false,,Source flags; not independent nonpartisan verification,http://www.umw.edu/news/wp-content/uploads/sites/7/2017/09/UMW-VA-Survey-2017_Third-Topline-0920.pdf,2,"[{""candidate_id"": ""11146"", ""candidate_name"": ""Tim Kaine"", ""party"": ""DEM"", ""answer"": ""Kaine"", ""pct"": ""54.0""}, {""candidate_id"": ""11147"", ""candidate_name"": ""Corey Stewart"", ""party"": ""REP"", ""answer"": ""Stewart"", ""pct"": ""39.0""}]",false,selected,,Only eligible LV question for this poll/round,,54.0,39.0,0,"[""538-row:4574"", ""538-row:4575""]"
538:2018:109:53557:85943,538_archive,2018,MO,109,53557,85943,53557,2018-MO-ordinary-general,2018-MO-ordinary-general,general,Class I,0,11/6/18,2018-11-06,2017-08-16,2017-08-18,LV,lv,lv,922,Remington,false,,Source flags; not independent nonpartisan verification,http://web.archive.org/web/20180103210658/https://moscout.com/moscout-poll-statewide-august-20/,2,"[{""candidate_id"": ""11410"", ""candidate_name"": ""Claire McCaskill"", ""party"": ""DEM"", ""answer"": ""McCaskill"", ""pct"": ""45.0""}, {""candidate_id"": ""11411"", ""candidate_name"": ""Josh Hawley"", ""party"": ""REP"", ""answer"": ""Hawley"", ""pct"": ""50.0""}]",false,selected,,Only eligible LV question for this poll/round,,45.0,50.0,0,"[""538-row:4580"", ""538-row:4581""]"
538:2018:109:53556:85942,538_archive,2018,MO,109,53556,85942,53556,2018-MO-ordinary-general,2018-MO-ordinary-general,general,Class I,0,11/6/18,2018-11-06,2017-07-07,2017-07-08,LV,lv,lv,928,Remington,false,,Source flags; not independent nonpartisan verification,https://www.realclearpolitics.com/docs/Remington_Research_MO_Senate_July_2017.pdf,2,"[{""candidate_id"": ""11410"", ""candidate_name"": ""Claire McCaskill"", ""party"": ""DEM"", ""answer"": ""McCaskill"", ""pct"": ""44.0""}, {""candidate_id"": ""11411"", ""candidate_name"": ""Josh Hawley"", ""party"": ""REP"", ""answer"": ""Hawley"", ""pct"": ""50.0""}]",false,selected,,Only eligible LV question for this poll/round,,44.0,50.0,0,"[""538-row:4584"", ""538-row:4585""]"
ut2024:1,ut_tracker_2024,2024,TX,,,,ut2024:1,2024-TX-ordinary-general,2024-TX-ordinary-general,,,,2024-11-05,2024-11-05,2024-10-14,2024-10-21,LV,LV,,956,University of Texas at Tyler Center for Opinion Research,,,UT tracker source exception (Decision 012); source partisanship remains unknown,https://www.uttyler.edu/academics/colleges-schools/arts-sciences/departments/political-science/files/uttyler-poll-202410-v2.pdf,2,"{""Colin Allred"": ""45.0"", ""Ted Cruz"": ""47.0""}",unknown,selected,,Only eligible LV question for this poll/round,publication_date_unavailable,45.0,47.0,0,"[""ut2024:1:D"", ""ut2024:1:R""]"
ut2024:2,ut_tracker_2024,2024,TX,,,,ut2024:2,2024-TX-ordinary-general,2024-TX-ordinary-general,,,,2024-11-05,2024-11-05,2024-10-23,2024-10-26,LV,LV,,1180,New York Times/Siena College,,,UT tracker source exception (Decision 012); source partisanship remains unknown,https://www.nytimes.com/interactive/2024/10/28/us/elections/times-siena-texas-poll-crosstabs.html,2,"{""Colin Allred"": ""46.0"", ""Ted Cruz"": ""50.0""}",unknown,selected,,Only eligible LV question for this poll/round,publication_date_unavailable,46.0,50.0,0,"[""ut2024:2:D"", ""ut2024:2:R""]"
ut2024:3,ut_tracker_2024,2024,TX,,,,ut2024:3,2024-TX-ordinary-general,2024-TX-ordinary-general,,,,2024-11-05,2024-11-05,2024-10-21,2024-10-27,LV,LV,,400,Activote,,,UT tracker source exception (Decision 012); source partisanship remains unknown,https://www.activote.net/cruz-still-ahead-in-texas/,2,"{""Colin Allred"": ""48.0"", ""Ted Cruz"": ""52.0""}",unknown,selected,,Only eligible LV question for this poll/round,publication_date_unavailable;spread_mismatch,48.0,52.0,0,"[""ut2024:3:D"", ""ut2024:3:R""]"
ut2024:4,ut_tracker_2024,2024,TX,,,,ut2024:4,2024-TX-ordinary-general,2024-TX-ordinary-general,,,,2024-11-05,2024-11-05,2024-10-18,2024-10-21,LV,LV,,815,Emerson College/The Hill,,,UT tracker source exception (Decision 012); source partisanship remains unknown,https://emersoncollegepolling.com/october-2024-texas-poll-trump-53-harris-46/,2,"{""Colin Allred"": ""47.0"", ""Ted Cruz"": ""48.0""}",unknown,selected,,Only eligible LV question for this poll/round,publication_date_unavailable,47.0,48.0,0,"[""ut2024:4:D"", ""ut2024:4:R""]"
ut2024:5,ut_tracker_2024,2024,TX,,,,ut2024:5,2024-TX-ordinary-general,2024-TX-ordinary-general,,,,2024-11-05,2024-11-05,2024-10-01,2024-10-15,LV,LV,,400,Activote,,,UT tracker source exception (Decision 012); source partisanship remains unknown,https://pro.morningconsult.com/trackers/2024-election-state-polls,2,"{""Colin Allred"": ""47.0"", ""Ted Cruz"": ""53.0""}",unknown,selected,,Only eligible LV question for this poll/round,publication_date_unavailable;release_url_shared_across_labels,47.0,53.0,0,"[""ut2024:5:D"", ""ut2024:5:R""]"
ut2024:6,ut_tracker_2024,2024,TX,,,,ut2024:6,2024-TX-ordinary-general,2024-TX-ordinary-general,,,,2024-11-05,2024-11-05,2024-10-06,2024-10-15,LV,LV,,2048,Morning Consult,,,UT tracker source exception (Decision 012); source partisanship remains unknown,https://pro.morningconsult.com/trackers/2024-election-state-polls,2,"{""Colin Allred"": ""45.0"", ""Ted Cruz"": ""46.0""}",unknown,selected,,Only eligible LV question for this poll/round,publication_date_unavailable;missing_moe;release_url_shared_across_labels,45.0,46.0,0,"[""ut2024:6:D"", ""ut2024:6:R""]"
ut2024:7,ut_tracker_2024,2024,TX,,,,ut2024:7,2024-TX-ordinary-general,2024-TX-ordinary-general,,,,2024-11-05,2024-11-05,2024-10-02,2024-10-10,LV,LV,,1091,UT/Texas Politics Project,,,UT tracker source exception (Decision 012); source partisanship remains unknown,https://texaspolitics.utexas.edu/blog/voting-about-start-texas-trump-and-cruz-maintain-single-digit-leads-new-university-texastexas,2,"{""Colin Allred"": ""44.0"", ""Ted Cruz"": ""51.0""}",unknown,selected,,Only eligible LV question for this poll/round,publication_date_unavailable,44.0,51.0,0,"[""ut2024:7:D"", ""ut2024:7:R""]"
ut2024:8,ut_tracker_2024,2024,TX,,,,ut2024:8,2024-TX-ordinary-general,2024-TX-ordinary-general,,,,2024-11-05,2024-11-05,2024-09-26,2024-10-10,LV,LV,,1329,Hobby School of Public Affairs,,,UT tracker source exception (Decision 012); source partisanship remains unknown,https://www.documentcloud.org/documents/25206688-txstatewide2024,2,"{""Colin Allred"": ""46.0"", ""Ted Cruz"": ""50.0""}",unknown,selected,,Only eligible LV question for this poll/round,publication_date_unavailable,46.0,50.0,0,"[""ut2024:8:D"", ""ut2024:8:R""]"
ut2024:9,ut_tracker_2024,2024,TX,,,,ut2024:9,2024-TX-ordinary-general,2024-TX-ordinary-general,,,,2024-11-05,2024-11-05,2024-10-03,2024-10-07,LV,LV,,1186,Marist,,,UT tracker source exception (Decision 012); source partisanship remains unknown,https://maristpoll.marist.edu/polls/u-s-presidential-contest-texas-october-2024/,2,"{""Colin Allred"": ""46.0"", ""Ted Cruz"": ""50.0""}",unknown,selected,,Only eligible LV question for this poll/round,publication_date_unavailable,46.0,50.0,0,"[""ut2024:9:D"", ""ut2024:9:R""]"
ut2024:10,ut_tracker_2024,2024,TX,,,,ut2024:10,2024-TX-ordinary-general,2024-TX-ordinary-general,,,,2024-11-05,2024-11-05,2024-10-02,2024-10-06,LV,LV,,775,Florida Atlantic University/Mainstreet Research,,,UT tracker source exception (Decision 012); source partisanship remains unknown,http://FAU / Mainstreet,2,"{""Colin Allred"": ""43.0"", ""Ted Cruz"": ""46.0""}",unknown,selected,,Only eligible LV question for this poll/round,publication_date_unavailable,43.0,46.0,0,"[""ut2024:10:D"", ""ut2024:10:R""]"
ut2024:11,ut_tracker_2024,2024,TX,,,,ut2024:11,2024-TX-ordinary-general,2024-TX-ordinary-general,,,,2024-11-05,2024-11-05,2024-09-29,2024-10-04,LV,LV,,617,New York Times/Sienna College,,,UT tracker source exception (Decision 012); source partisanship remains unknown,https://www.nytimes.com/interactive/2024/10/10/us/elections/times-siena-poll-texas-crosstabs.html,2,"{""Colin Allred"": ""44.0"", ""Ted Cruz"": ""48.0""}",unknown,selected,,Only eligible LV question for this poll/round,publication_date_unavailable,44.0,48.0,0,"[""ut2024:11:D"", ""ut2024:11:R""]"
ut2024:12,ut_tracker_2024,2024,TX,,,,ut2024:12,2024-TX-ordinary-general,2024-TX-ordinary-general,,,,2024-11-05,2024-11-05,2024-09-05,2024-09-30,LV,LV,,400,ActiVote,,,UT tracker source exception (Decision 012); source partisanship remains unknown,https://www.activote.net/cruz-has-a-small-lead-in-texas/,2,"{""Colin Allred"": ""48.0"", ""Ted Cruz"": ""52.0""}",unknown,selected,,Only eligible LV question for this poll/round,publication_date_unavailable,48.0,52.0,0,"[""ut2024:12:D"", ""ut2024:12:R""]"
ut2024:14,ut_tracker_2024,2024,TX,,,,ut2024:14,2024-TX-ordinary-general,2024-TX-ordinary-general,,,,2024-11-05,2024-11-05,2024-09-22,2024-09-24,LV,LV,,950,Emerson College Polling/The Hill/Nexstar,,,UT tracker source exception (Decision 012); source partisanship remains unknown,https://emersoncollegepolling.com/september-2024-texas-poll-trump-51-harris-46cruz-49-allred-45/,2,"{""Colin Allred"": ""45.0"", ""Ted Cruz"": ""49.0""}",unknown,selected,,Only eligible LV question for this poll/round,publication_date_unavailable,45.0,49.0,0,"[""ut2024:14:D"", ""ut2024:14:R""]"
ut2024:15,ut_tracker_2024,2024,TX,,,,ut2024:15,2024-TX-ordinary-general,2024-TX-ordinary-general,,,,2024-11-05,2024-11-05,2024-09-13,2024-09-19,LV,LV,,1200,Texas Hispanic Policy Foundation,,,UT tracker source exception (Decision 012); source partisanship remains unknown,https://www.txhpf.org/2024/09/23/texas-hispanic-policy-foundation-survey-shows-trump-leads-harris-by-only-6-among-all-texas-likely-voters-with-44-days-left-until-election-day/,2,"{""Colin Allred"": ""45.0"", ""Ted Cruz"": ""48.0""}",unknown,selected,,Only eligible LV question for this poll/round,publication_date_unavailable,45.0,48.0,0,"[""ut2024:15:D"", ""ut2024:15:R""]"
ut2024:16,ut_tracker_2024,2024,TX,,,,ut2024:16,2024-TX-ordinary-general,2024-TX-ordinary-general,,,,2024-11-05,2024-11-05,2024-09-09,2024-09-18,LV,LV,,2716,Morning Consult,,,UT tracker source exception (Decision 012); source partisanship remains unknown,https://pro.morningconsult.com/trackers/2024-election-state-polls,2,"{""Colin Allred"": ""45.0"", ""Ted Cruz"": ""44.0""}",unknown,selected,,Only eligible LV question for this poll/round,publication_date_unavailable;missing_moe;release_url_shared_across_labels,45.0,44.0,0,"[""ut2024:16:D"", ""ut2024:16:R""]"
ut2024:17,ut_tracker_2024,2024,TX,,,,ut2024:17,2024-TX-ordinary-general,2024-TX-ordinary-general,,,,2024-11-05,2024-11-05,2024-09-03,2024-09-05,LV,LV,,845,Emerson College/Nexstar,,,UT tracker source exception (Decision 012); source partisanship remains unknown,https://emersoncollegepolling.com/september-state-polling-california-florida-ohio-texas/,2,"{""Colin Allred"": ""44.0"", ""Ted Cruz"": ""48.0""}",unknown,selected,,Only eligible LV question for this poll/round,publication_date_unavailable,44.0,48.0,0,"[""ut2024:17:D"", ""ut2024:17:R""]"
ut2024:18,ut_tracker_2024,2024,TX,,,,ut2024:18,2024-TX-ordinary-general,2024-TX-ordinary-general,,,,2024-11-05,2024-11-05,2024-08-30,2024-09-08,LV,LV,,2940,Morning Consult,,,UT tracker source exception (Decision 012); source partisanship remains unknown,https://pro.morningconsult.com/trackers/2024-election-state-polls,2,"{""Colin Allred"": ""42.0"", ""Ted Cruz"": ""47.0""}",unknown,selected,,Only eligible LV question for this poll/round,publication_date_unavailable;missing_moe;release_url_shared_across_labels,42.0,47.0,0,"[""ut2024:18:D"", ""ut2024:18:R""]"
ut2024:21,ut_tracker_2024,2024,TX,,,,ut2024:21,2024-TX-ordinary-general,2024-TX-ordinary-general,,,,2024-11-05,2024-11-05,2024-08-13,2024-08-29,LV,LV,,400,Activote,,,UT tracker source exception (Decision 012); source partisanship remains unknown,https://www.activote.net/cruz-extends-lead-in-texas/,2,"{""Colin Allred"": ""44.8"", ""Ted Cruz"": ""55.2""}",unknown,selected,,Only eligible LV question for this poll/round,publication_date_unavailable;spread_mismatch,44.8,55.2,0,"[""ut2024:21:D"", ""ut2024:21:R""]"
ut2024:23,ut_tracker_2024,2024,TX,,,,ut2024:23,2024-TX-ordinary-general,2024-TX-ordinary-general,,,,2024-11-05,2024-11-05,2024-08-05,2024-08-16,LV,LV,,1365,University of Houston/Texas Southern University,,,UT tracker source exception (Decision 012); source partisanship remains unknown,https://uh.edu/hobby/txtrends/election2.pdf,2,"{""Colin Allred"": ""44.5"", ""Ted Cruz"": ""46.6""}",unknown,selected,,Only eligible LV question for this poll/round,publication_date_unavailable;spread_mismatch,44.5,46.6,0,"[""ut2024:23:D"", ""ut2024:23:R""]"
ut2024:24,ut_tracker_2024,2024,TX,,,,ut2024:24,2024-TX-ordinary-general,2024-TX-ordinary-general,,,,2024-11-05,2024-11-05,2024-06-20,2024-07-01,LV,LV,,1484,University of Houston/Texas Southern University,,,UT tracker source exception (Decision 012); source partisanship remains unknown,https://uh.edu/hobby/txtrends/2024/,2,"{""Colin Allred"": ""44.0"", ""Ted Cruz"": ""47.0""}",unknown,selected,,Only eligible LV question for this poll/round,publication_date_unavailable,44.0,47.0,0,"[""ut2024:24:D"", ""ut2024:24:R""]"
ut2024:25,ut_tracker_2024,2024,TX,,,,ut2024:25,2024-TX-ordinary-general,2024-TX-ordinary-general,,,,2024-11-05,2024-11-05,2024-06-25,2024-06-27,LV,LV,,600,Manhattan Institute,,,UT tracker source exception (Decision 012); source partisanship remains unknown,https://manhattan.institute/article/testing-texas,2,"{""Colin Allred"": ""43.0"", ""Ted Cruz"": ""46.0""}",unknown,selected,,Only eligible LV question for this poll/round,publication_date_unavailable,43.0,46.0,0,"[""ut2024:25:D"", ""ut2024:25:R""]"
ut2024:26,ut_tracker_2024,2024,TX,,,,ut2024:26,2024-TX-ordinary-general,2024-TX-ordinary-general,,,,2024-11-05,2024-11-05,2024-06-11,2024-06-20,LV,LV,,931,University of Texas at Tyler Center for Opinion Research,,,UT tracker source exception (Decision 012); source partisanship remains unknown,http://www.uttyler.edu/academics/colleges-schools/arts-sciences/departments/political-science/files/pollingcenter/center-for-opinion-research-june-2024-poll.pdf,2,"{""Colin Allred"": ""42.0"", ""Ted Cruz"": ""45.0""}",unknown,selected,,Only eligible LV question for this poll/round,publication_date_unavailable,42.0,45.0,0,"[""ut2024:26:D"", ""ut2024:26:R""]"
ut2024:31,ut_tracker_2024,2024,TX,,,,ut2024:31,2024-TX-ordinary-general,2024-TX-ordinary-general,,,,2024-11-05,2024-11-05,2024-04-05,2024-04-10,LV,LV,,1600,Texas Hispanic Public Policy Foundation,,,UT tracker source exception (Decision 012); source partisanship remains unknown,https://www.txhpf.org/2024/04/16/texas-hispanic-policy-foundation-survey-shows-trump-leads-biden-among-all-texas-likely-voters-and-hispanic-likely-voters-by-12-and-4-respectively/,2,"{""Colin Allred"": ""41.0"", ""Ted Cruz"": ""46.0""}",unknown,selected,,Only eligible LV question for this poll/round,publication_date_unavailable,41.0,46.0,0,"[""ut2024:31:D"", ""ut2024:31:R""]"
